Price,Close,High,Low,Open,Volume,return,lag1,lag2,lag3,sma5,sma20,sma50,price_to_sma20,price_to_sma50,volatility_10,volatility_20,rsi,volume_change,volume_ma20,volume_ratio,target
2015-03-16,27.75812149047852,27.758121490478516,27.29604279372521,27.520416950669613,143497200.0,0.011004005668972416,-0.006910512764490062,0.018079297151748275,-0.018231683380100394,27.535527801513673,28.37149248123169,26.53769401550293,0.9783807287840451,1.0459884522846121,0.012886281998390882,0.013711637671696393,32.710634308412295,-0.3078107483893624,234379600.0,0.6122427037165351,1
2015-03-17,28.22242927551269,28.284632091074627,27.913635516187682,27.969173986496493,204092400.0,0.01672691666809789,0.011004005668972416,-0.006910512764490062,0.018079297151748275,27.64793701171875,28.36271753311157,26.6182905960083,0.9950537794047731,1.0602645265186543,0.014304481167492986,0.014193449510898846,45.53345014712749,0.42227444159189176,231953740.0,0.87988406653844,1
2015-03-18,28.54010772705078,28.693394438520734,28.073584942676437,28.21354126951889,261083600.0,0.01125624050420515,0.01672691666809789,0.011004005668972416,-0.006910512764490062,27.924740982055663,28.359940814971925,26.71887149810791,1.0063528662931391,1.0681629173250016,0.014747915135269213,0.014339443291233947,44.971636987086875,0.2792421471843145,236029580.0,1.1061477972379563,0
2015-03-19,28.324615478515625,28.713384710573685,28.302400432806465,28.602307787128524,183238000.0,-0.00755050578631522,0.01125624050420515,0.01672691666809789,0.011004005668972416,28.06025390625,28.349388217926027,26.815098419189454,0.9991261631743172,1.0562935490941898,0.013868445149028592,0.014432973410372422,47.39118201369323,-0.29816350012026804,237719000.0,0.7708176460442792,0
2015-03-20,27.96916961669922,28.524552538116783,27.804776244841232,28.491230817057243,274780400.0,-0.012549009256136778,-0.00755050578631522,0.01125624050420515,0.01672691666809789,28.162888717651366,28.309400749206542,26.897622261047363,0.9879816907633815,1.0398379955392432,0.014503074737421464,0.014538184152026668,41.765680502747756,0.4995819644396904,241668340.0,1.1370144719825526,1
2015-03-23,28.260189056396484,28.402367374748902,28.106902368369962,28.240196024862197,150838800.0,0.010405008217459155,-0.012549009256136778,-0.00755050578631522,0.01125624050420515,28.26330223083496,28.24508695602417,26.967644348144532,1.0005346806117406,1.0479294628617009,0.014851107518324838,0.013251216374818318,44.73291999146896,-0.45105691672331794,235015460.0,0.6418250101503961,0
2015-03-24,28.144678115844727,28.444583846778304,28.11579702412687,28.264641425158008,131369200.0,-0.004087408627070466,0.010405008217459155,-0.012549009256136778,-0.00755050578631522,28.247751998901368,28.184217071533205,27.034825210571288,0.9985971242135935,1.0410527124414128,0.01308576698813851,0.013224861871155872,45.40032438714187,-0.12907554289745082,227738300.0,0.5768428059751038,0
2015-03-25,27.40933990478516,28.173549649385247,27.409339904785156,28.111346845968825,206620800.0,-0.026127078378117563,-0.004087408627070466,0.010405008217459155,-0.012549009256136778,28.021598434448244,28.124124240875243,27.09951404571533,0.9745846544422804,1.011432893539979,0.014582257483567318,0.013277239896759607,42.88394905198366,0.5728252893372268,223127000.0,0.9260232961497263,1
2015-03-26,27.600399017333984,27.74257737236355,27.236066770708273,27.271612206915506,190291600.0,0.006970584231963617,-0.026127078378117563,-0.004087408627070466,0.010405008217459155,27.876755142211913,28.055478858947755,27.163731269836425,0.9837792880349062,1.0160753963864475,0.013523370311898769,0.013003625433088226,44.62658860823328,-0.07902979758088247,214384080.0,0.8876200135756349,0
2015-03-27,27.38047218322754,27.702594707423156,27.30494065972236,27.673715306359412,158184800.0,-0.007968248356421403,0.006970584231963617,-0.026127078378117563,-0.004087408627070466,27.75901565551758,27.997607803344728,27.225408477783205,0.9779575589296075,1.0056955511088428,0.013586666312293062,0.012734207338942293,41.32095603517795,-0.16872421063252396,209890360.0,0.7536544317709494,1
2015-03-30,28.07359313964844,28.0802574864583,27.54708770796922,27.558196082585656,188398800.0,0.025314426711950055,-0.007968248356421403,0.006970584231963617,-0.026127078378117563,27.72169647216797,27.96739559173584,27.314136505126953,1.0037971911815764,1.0278045265820113,0.015513880931232052,0.014064225248245054,54.06115930716166,0.1910044454334423,209690960.0,0.8984593327246916,0
2015-03-31,27.64261054992676,28.10024705323261,27.62705984432607,28.0113851519859,168362400.0,-0.015351885580795144,0.025314426711950055,-0.007968248356421403,0.006970584231963617,27.621282958984374,27.91263484954834,27.39791831970215,0.9903260906368376,1.008931051891218,0.015270186714798734,0.014401189370720501,54.85161636857057,-0.10635099586621566,210545820.0,0.7996473166743467,0
2015-04-01,27.602622985839844,27.795897495381485,27.347145653429575,27.729250645222354,162485600.0,-0.00144659145035142,-0.015351885580795144,0.025314426711950055,-0.007968248356421403,27.659939575195313,27.864982986450194,27.468818283081056,0.9905845985716938,1.0048711488561268,0.014559618990845555,0.014362289800333963,49.51317803016528,-0.03490565589466532,212336840.0,0.7652256669167724,1
2015-04-02,27.84032249450684,27.893638947918962,27.58928923541274,27.77589766980492,128880400.0,0.008611482640216384,-0.00144659145035142,-0.015351885580795144,0.025314426711950055,27.70792427062988,27.85287561416626,27.540799026489257,0.999549306153041,1.0108756273821067,0.014920413702637686,0.014081640316454914,54.16868034200486,-0.2068195581639235,207477440.0,0.6211778977029985,1
2015-04-06,28.29130172729492,28.32684716849199,27.620397626249552,27.651499039847025,148776000.0,0.016198779050675904,0.008611482640216384,-0.00144659145035142,-0.015351885580795144,27.89009017944336,27.861206531524658,27.609186553955077,1.0154370628308438,1.0247060945459883,0.015344763646206896,0.014558148792134693,55.60234082209345,0.15437258109068552,200347820.0,0.7425885642279512,0
2015-04-07,27.993614196777344,28.46235737958407,27.98694985077485,28.355724453744553,140049200.0,-0.010522228117569088,0.016198779050675904,0.008611482640216384,-0.00144659145035142,27.87409439086914,27.848655223846436,27.669053268432616,1.005205241393731,1.011730106021192,0.015384739948625282,0.01472585089328276,47.50850781289918,-0.05865731031886867,189644580.0,0.7384824812815637,0
2015-04-08,27.902530670166016,28.080254475572733,27.762574317465607,27.958069147493138,149316800.0,-0.003253725152138953,-0.010522228117569088,0.016198779050675904,0.008611482640216384,27.926078414916994,27.86076259613037,27.726567153930663,1.0014991719588267,1.0063463866716154,0.015367441321657467,0.013954112256432567,42.69726988166165,0.06617388746240604,183339100.0,0.8144296552126633,1
2015-04-09,28.11579322814941,28.12023725469051,27.693702231319484,27.958064183930947,129936000.0,0.007643126012631507,-0.003253725152138953,-0.010522228117569088,0.016198779050675904,28.028712463378906,27.90874786376953,27.805871887207033,1.0074186547311448,1.0111458954496935,0.012641787551402314,0.013307756721267997,47.606953022985955,-0.12979651318538843,176048100.0,0.7380710158189722,1
2015-04-10,28.235754013061523,28.260191072168222,27.826991742366516,27.980276746427457,160752000.0,0.004266669054601158,0.007643126012631507,-0.003253725152138953,-0.010522228117569088,28.107798767089843,27.93818302154541,27.860269660949708,1.010651050259304,1.0134774126984891,0.012567080620873179,0.01276708833002701,53.22927588455224,0.23716291097155517,174413160.0,0.9216735709621912,0
2015-04-13,28.180213928222656,28.562320494539065,28.126897481831673,28.51788701523125,145460400.0,-0.001967012632748344,0.004266669054601158,0.007643126012631507,-0.003253725152138953,28.08558120727539,27.974393939971925,27.897668724060058,1.0073574422628202,1.0101279145206468,0.012156216243091347,0.012650519488545231,48.97260710319798,-0.09512541057031954,171320720.0,0.8490531676495405,0
2015-04-14,28.05803680419922,28.277968679310423,27.97139692324936,28.213543848237514,102098400.0,-0.0043355641065974115,-0.001967012632748344,0.004266669054601158,0.007643126012631507,28.098465728759766,27.98938970565796,27.940324783325195,1.0024526114811065,1.004212979691069,0.009398112914459657,0.012500353070768617,48.88887366891102,-0.298101751404506,169250780.0,0.6032373971924975,1
2015-04-15,28.164670944213867,28.24242446960834,27.99361318834602,28.082475086611023,115881600.0,0.003800484715263064,-0.0043355641065974115,-0.001967012632748344,0.004266669054601158,28.150893783569337,27.98650178909302,27.97860794067383,1.0063662531481619,1.00665018802703,0.007728762266508608,0.011945118331359781,61.54904562621206,0.13499917726428623,164840240.0,0.7029933953020209,0
2015-04-16,28.029151916503903,28.23575507267787,28.015823227363466,28.053588976527664,113476000.0,-0.004811667353699534,0.003800484715263064,-0.0043355641065974115,-0.001967012632748344,28.133565521240236,27.960953998565675,28.0140922164917,1.0024390411694009,1.0005375758705948,0.007960424638990129,0.011683228789324452,56.66891742753454,-0.020759119653163238,157459860.0,0.7206662066129107,0
2015-04-17,27.71369743347168,28.022491201146448,27.649272602783466,27.891421221225347,207828000.0,-0.011254514013550265,-0.004811667353699534,0.003800484715263064,-0.0043355641065974115,28.029154205322264,27.930408096313478,28.03923999786377,0.9922410491785688,0.988389750777236,0.008468624358778652,0.011823746791186454,55.03347854146499,0.8314709718354543,158689360.0,1.30965302273574,1
2015-04-20,28.346832275390625,28.462351537154245,27.806998326302168,27.895860209527733,188217200.0,0.022845556549746737,-0.011254514013550265,-0.004811667353699534,0.003800484715263064,28.06247787475586,27.949291229248047,28.073274040222167,1.014223653933899,1.009744436462114,0.010034330631482936,0.012629236317521766,54.20354579545649,-0.0943607213657448,154361200.0,1.2193297279368132,0
2015-04-21,28.19354820251465,28.48012520073409,28.140230053864958,28.457911847812642,129740400.0,-0.005407449812621534,0.022845556549746737,-0.011254514013550265,-0.004811667353699534,28.089580154418947,27.945959186553956,28.108729782104493,1.0088595640717823,1.0030175116793842,0.009543064848250349,0.012486914247389787,59.267541754470564,-0.31068786487101074,153306280.0,0.8462823571219653,1
2015-04-22,28.573427200317383,28.62896566300797,28.06247436050361,28.211317033738535,150618000.0,0.013473969117830054,-0.005407449812621534,0.022845556549746737,-0.011254514013550265,28.17133140563965,27.967396640777586,28.148273086547853,1.0216691802717233,1.0151040922639305,0.010205837759581686,0.012801126048983142,64.65455140139022,0.16091826447274715,154268720.0,0.9763353193051709,1
2015-04-23,28.806699752807617,28.97331520063431,28.466804510425153,28.50234995284684,183083600.0,0.008163968251160503,0.013473969117830054,-0.005407449812621534,0.022845556549746737,28.326840972900392,28.03726463317871,28.182262840270997,1.0274433019659974,1.022157089232889,0.010236707014276874,0.011195736192130256,64.60724821193396,0.21554927033953453,153091860.0,1.1959068235241246,1
2015-04-24,28.94220352172852,29.019958725725385,28.70894129953666,28.98885732208639,178103600.0,0.004703897707257987,0.008163968251160503,0.013473969117830054,-0.005407449812621534,28.572542190551758,28.104354858398438,28.20625545501709,1.0298120582219914,1.0260916614006106,0.010246127655583158,0.011160031413689089,60.8759392074327,-0.027200688647153526,152482460.0,1.1680268012465171,1
2015-04-27,29.468711853027344,29.575348159798903,29.135481021414673,29.393180344746973,387816800.0,0.018191715461593816,0.004703897707257987,0.008163968251160503,0.013473969117830054,28.7969181060791,28.208766841888426,28.23375804901123,1.0446650156031625,1.0437403268056753,0.011203338265424204,0.011406830724546022,72.89660856775404,1.1774787258651704,163964060.0,2.3652549223287105,0
2015-04-28,29.00441551208496,29.88858717244409,28.78448529879101,29.87081784170909,475696000.0,-0.015755569610847675,0.018191715461593816,0.004703897707257987,0.008163968251160503,28.959091567993163,28.255307960510255,28.24922004699707,1.0265121000493664,1.0267333209140466,0.012691459662410027,0.011008954749723228,65.3276837807075,0.22659977597669823,178328920.0,2.66752022050041,0
2015-04-29,28.57787322998047,29.233226457714377,28.502341728977694,28.915548055956197,253544400.0,-0.014706115416349919,-0.015755569610847675,0.018191715461593816,0.004703897707257987,28.959980773925782,28.30207109451294,28.252818946838378,1.0097449453273757,1.0115051982513223,0.013916003254218717,0.010957167608868229,56.06769404934547,-0.4670032962227978,182588020.0,1.3886146528123806,0
2015-04-30,27.802553176879883,28.5778695972683,27.675925556960287,28.5778695972683,332781600.0,-0.027130082314425485,-0.014706115416349919,-0.015755569610847675,0.018191715461593816,28.759151458740234,28.312067604064943,28.236957168579103,0.9820036305963078,0.9846157647544755,0.016582824330075806,0.012712508321003959,45.14682477952351,0.3125180441768778,191102820.0,1.7413746170778641,1
2015-05-01,28.64674186706543,28.90888520558984,27.835881568938238,28.013603654255334,234050400.0,0.030363711016567985,-0.027130082314425485,-0.014706115416349919,-0.015755569610847675,28.700059127807616,28.35238857269287,28.23917865753174,1.0103819575418793,1.0144325447448872,0.01872080153437044,0.014282199424676251,54.44167252909209,-0.2966846724698722,196361320.0,1.191937393779997,0
2015-05-04,28.591203689575195,29.00663375040625,28.49345543996789,28.768927471606737,203953200.0,-0.0019387257981363648,0.030363711016567985,-0.027130082314425485,-0.014706115416349919,28.524557495117186,28.367383670806884,28.235624351501464,1.0078900479989858,1.0125932876017605,0.01747012647811262,0.013871376729029323,55.14136060943036,-0.12859281590631766,199120180.0,1.0242718744026849,0
2015-05-05,27.94695854187012,28.535664962892916,27.942514515164522,28.469018121505634,197085600.0,-0.022532984434648906,-0.0019387257981363648,0.030363711016567985,-0.027130082314425485,28.31306610107422,28.365050888061525,28.20363422393799,0.9852602998019871,0.9908991983079254,0.01894473273030592,0.014618931098397034,48.097813044938995,-0.03367243073410964,201972000.0,0.9758065474422197,0
2015-05-06,27.77145767211914,28.15800495791627,27.404903422444445,28.11579517734717,288564000.0,-0.006279784237989472,-0.022532984434648906,-0.0019387257981363648,0.030363711016567985,28.151782989501953,28.35849723815918,28.17182186126709,0.979299341530336,0.9857884878330001,0.018320240538137696,0.014670144650470326,47.76410668527238,0.46415567651822354,208934360.0,1.3811227602774383,1
2015-05-07,27.943227767944336,28.126154782564676,27.666605100388406,27.833916456516,175763600.0,0.006185130714173592,-0.006279784237989472,-0.022532984434648906,-0.0019387257981363648,28.179917907714845,28.349868965148925,28.15846248626709,0.9856563288633016,0.9923563043107299,0.018200246505484515,0.01463304328652196,52.04245398623066,-0.39090253808513886,211225740.0,0.8321126014282161,1
2015-05-08,28.46969413757324,28.469694137573242,28.132840211539968,28.259996743595362,222201600.0,0.018840571103702297,0.006185130714173592,-0.006279784237989472,-0.022532984434648906,28.144508361816406,28.36156597137451,28.14839023590088,1.0038124892789018,1.011414645703702,0.01936722106813984,0.015218663570554774,51.114430556521484,0.2642071509686874,214298220.0,1.0368802876664118,0
2015-05-11,28.179697036743164,28.456318032718876,28.02577002755684,28.41839452963739,168143200.0,-0.010186168471945312,0.018840571103702297,0.006185130714173592,-0.006279784237989472,28.06220703125,28.361540126800538,28.14122631072998,0.9935883915596834,1.0013670593309758,0.01820960897701108,0.01539932755792755,49.877402237485136,-0.2432853768829747,215432360.0,0.7804918444007205,0
2015-05-12,28.07931327819824,28.30462472292589,27.845076653188137,28.01908022514789,192640000.0,-0.0035622724550244955,-0.010186168471945312,0.018840571103702297,0.006185130714173592,28.088677978515626,28.36260395050049,28.12925582885742,0.9900118242740807,0.9982245335261253,0.017761058226744026,0.015388541177844134,45.398912041921236,0.14569010224618073,219959440.0,0.8757978289088206,1
2015-05-13,28.11054420471192,28.37378085400866,28.079312882081744,28.141775527342084,138776800.0,0.001112239683508598,-0.0035622724550244955,-0.010186168471945312,0.018840571103702297,28.15649528503418,28.35989761352539,28.116710205078125,0.9912075349420674,0.9997806997930686,0.01731071330717775,0.015366704115897798,43.26408671907477,-0.2796054817275747,221104200.0,0.6276533869551099,1
2015-05-14,28.766401290893555,28.766401290893555,28.36708631302993,28.42285677051672,180814000.0,0.023331355003497256,0.001112239683508598,-0.0035622724550244955,-0.010186168471945312,28.321129989624023,28.396760082244874,28.12092502593994,1.013017020518471,1.0229535928977513,0.016341161598574346,0.01616898770928628,48.454579689470606,0.3029123023444842,224471100.0,0.805511266261002,0
2015-05-15,28.72624397277832,28.88686313904668,28.601318711004723,28.793169192716487,152832000.0,-0.0013959799040954568,0.023331355003497256,0.001112239683508598,-0.0035622724550244955,28.37243995666504,28.447387409210204,28.133800506591797,1.0098025368571397,1.021058067360921,0.013361892613611393,0.015910368001162904,42.862936597776155,-0.15475571581846537,221721300.0,0.6892977805921218,1
2015-05-18,29.04302406311035,29.161257160981794,28.634783904740452,28.63924649445973,203531600.0,0.011027549951612814,-0.0013959799040954568,0.023331355003497256,0.001112239683508598,28.545105361938475,28.48219699859619,28.152167320251465,1.0196904425786326,1.031644339589373,0.01373814902737275,0.015299885729495059,50.38196200381924,0.3317341917922949,222487020.0,0.9148021309288066,0
2015-05-19,29.01625061035156,29.19694631905053,28.92032366877132,29.154560233512147,178532800.0,-0.0009218548557688999,0.011027549951612814,-0.0013959799040954568,0.023331355003497256,28.73249282836914,28.523332118988037,28.16759952545166,1.017281238016206,1.0301286264785565,0.01092170545819851,0.015228713307534891,54.70947230206713,-0.12282515344054679,224926640.0,0.7937379049453636,0
2015-05-20,29.01402282714844,29.219257706248666,28.853403634120667,29.000638461722566,145819600.0,-7.677708719278087e-05,-0.0009218548557688999,0.011027549951612814,-0.0013959799040954568,28.913188552856447,28.54536190032959,28.19467231750488,1.0164181112313535,1.0290604728587271,0.010450653385113334,0.014969484382681357,65.6072297197349,-0.1832335570830682,224686720.0,0.6489907369692344,1
2015-05-21,29.31071662902832,29.364257484742,28.962709576784434,29.01625043249812,158921600.0,0.010225876075421692,-7.677708719278087e-05,-0.0009218548557688999,0.011027549951612814,29.0220516204834,28.570562744140624,28.237764892578124,1.0259061710305126,1.0379970490062478,0.010602834346520606,0.015029330425641495,59.95875906436632,0.08985074708749718,223478620.0,0.7111266393178909,1
2015-05-22,29.567258834838867,29.663185774227095,29.312945731377887,29.357564812372207,182384000.0,0.008752505408089473,0.010225876075421692,-7.677708719278087e-05,-0.0009218548557688999,29.190254592895506,28.601815509796143,28.276169052124022,1.0337546168952827,1.04565999659766,0.00955036152841735,0.015109254338698,63.80704978841572,0.14763506030646556,223692640.0,0.8153330391201069,0
2015-05-26,28.91585922241211,29.649800184525905,28.804318332458095,29.58064537738767,282790400.0,-0.022031112727271762,0.008752505408089473,0.010225876075421692,-7.677708719278087e-05,29.16482162475586,28.57417287826538,28.30536632537842,1.0119578734825472,1.0215680973712156,0.01192203322339812,0.015399489707088352,63.678158319748924,0.5505219756118958,218441320.0,1.2945829113283147,1
2015-05-27,29.45572090148925,29.504799172350534,29.011790275005385,29.076482502617996,183332800.0,0.018670089480125274,-0.022031112727271762,0.008752505408089473,0.010225876075421692,29.2527156829834,28.596738147735596,28.339318313598632,1.0300377878524467,1.0393941228767989,0.012684233834082572,0.015566894941392054,71.55916937141316,-0.3517007649481736,203823160.0,0.8994699130363791,0
2015-05-28,29.39771842956543,29.43564192592671,29.246024444120316,29.415565381492744,122933200.0,-0.0019691411429990646,0.018670089480125274,-0.022031112727271762,0.008752505408089473,29.329454803466795,28.637730407714844,28.362824096679688,1.0265379976356592,1.036487704093151,0.012822323957341612,0.015150347883836787,69.17652100089737,-0.32945332204602773,197292600.0,0.6231009171149856,0
2015-05-29,29.06309509277344,29.32410037647806,28.978322923995577,29.275022110760137,203538000.0,-0.01138262949193558,-0.0019691411429990646,0.018670089480125274,-0.022031112727271762,29.27993049621582,28.70075750350952,28.37328384399414,1.012624669896591,1.0243119990118914,0.011837287486233507,0.01394396075600312,58.24046532447974,0.6556796699345662,190830420.0,1.0665909554671629,1
2015-06-01,29.1210994720459,29.310720381846835,29.011791558077427,29.063099423898514,128451200.0,0.0019958087425753224,-0.01138262949193558,-0.0019691411429990646,0.018670089480125274,29.190698623657227,28.724475383758545,28.389213523864747,1.0138078792732839,1.0257804235247978,0.011806699349458783,0.012284323657072294,63.973457661130595,-0.36890801717615385,185550460.0,0.6922709865553553,0
2015-06-02,28.99171638488769,29.147872986498268,28.848944148563945,28.96940684010392,134670400.0,-0.004442932770529651,0.0019958087425753224,-0.01138262949193558,-0.0019691411429990646,29.205870056152342,28.74450101852417,28.409664459228516,1.0086004403487194,1.0204878141554432,0.011416353611846399,0.012327394454871214,63.42741881155667,0.04841683067188152,182086320.0,0.7395964727059122,1
2015-06-03,29.02741050720215,29.210339266134035,28.97833222573062,29.147876617708278,123934000.0,0.0012311834815361689,-0.004442932770529651,0.0019958087425753224,-0.01138262949193558,29.12020797729492,28.79852361679077,28.42500888824463,1.0079478689066521,1.0211926624658558,0.011419811229453514,0.011041480453962322,63.475399578835955,-0.07972353241692309,178428740.0,0.6945854126414837,0
2015-06-04,28.85786437988281,29.13002447267988,28.757478241644847,28.906942652613985,153800400.0,-0.005840897426150793,0.0012311834815361689,-0.004442932770529651,0.0019958087425753224,29.0122371673584,28.852843952178954,28.43927261352539,1.0001740011387499,1.0147187929890422,0.01157400355324334,0.011024673757168481,51.56846416569791,0.24098633143447312,171690560.0,0.8957999787524719,0
2015-06-05,28.699472427368164,28.931479407354722,28.634780202616195,28.889093320398054,142507200.0,-0.0054886928024050485,-0.005840897426150793,0.0012311834815361689,-0.004442932770529651,28.939512634277342,28.890656185150146,28.465075263977052,0.9933825055216209,1.0082345527358483,0.011012225414049125,0.0110989942915404,49.5587967183227,-0.07342763737935665,170027740.0,0.8381408821878125,0
2015-06-08,28.509859085083008,28.824405288183716,28.293469433641413,28.75524706027214,210699200.0,-0.0066068581143791105,-0.0054886928024050485,-0.005840897426150793,0.0012311834815361689,28.817264556884766,28.892664432525635,28.48326446533203,0.98675077723148,1.0009336928280586,0.010391684331113845,0.010432339157448607,40.82887023303479,0.4785161732179146,169452620.0,1.2434106949777466,0
2015-06-09,28.42508316040039,28.57231796852488,28.02353693293006,28.26446398862062,224301600.0,-0.002973565194749561,-0.0066068581143791105,-0.0054886928024050485,-0.005840897426150793,28.703937911987303,28.904933738708497,28.50415668487549,0.9833990078425433,0.997225894968608,0.00813591191633823,0.010178828593316284,40.03009544592467,0.06455838465452168,172260540.0,1.3021066809612927,1
2015-06-10,28.75078582763672,28.853401557823254,28.521010125158224,28.536625784357813,156349200.0,0.011458283706626826,-0.002973565194749561,-0.0066068581143791105,-0.0054886928024050485,28.64861297607422,28.93850736618042,28.517700538635253,0.993513088419927,1.008173354954958,0.00622730452012176,0.010416038793273394,45.997289994907064,-0.3029510266533988,170446000.0,0.9172946270373021,0
2015-06-11,28.68609046936035,29.04078974685961,28.661551332957096,28.817707926451256,141563600.0,-0.0022502118260078197,0.011458283706626826,-0.002973565194749561,-0.0066068581143791105,28.614258193969725,28.967284679412842,28.538570137023925,0.9902926969799024,1.005169156395297,0.006225768122950862,0.010445198229524836,39.78112120463216,-0.09456780079463145,170585340.0,0.8298696710983487,0
2015-06-12,28.369314193725582,28.6280899177964,28.35592982936992,28.596858599647057,147544800.0,-0.01104285284093065,-0.0022502118260078197,0.011458283706626826,-0.002973565194749561,28.54822654724121,28.947430324554443,28.55390396118164,0.9800287581886508,0.9935353929989047,0.006172176346598469,0.009360366125234968,30.780426065285496,0.04225097412046597,168921880.0,0.8734499047725492,0
2015-06-15,28.313549041748047,28.384935168311724,28.043620197492285,28.130621986054905,175955600.0,-0.0019656855853733557,-0.01104285284093065,-0.0022502118260078197,0.011458283706626826,28.50896453857422,28.92679557800293,28.563368492126465,0.9788000528920936,0.9912538519241076,0.0059832089870065965,0.009363612090324094,38.053363840792166,0.1925571080783599,170078060.0,1.0345578965329214,1
2015-06-16,28.465240478515625,28.521010934665533,28.190850787366475,28.338083906573015,125976400.0,0.005357556431513144,-0.0019656855853733557,-0.01104285284093065,-0.0022502118260078197,28.516996002197267,28.897906398773195,28.56684726715088,0.9850277762587003,0.996443192079089,0.006465963965131362,0.009071723624468368,26.778347080977184,-0.28404438392412634,166200300.0,0.7579793778952264,0
2015-06-17,28.39832305908203,28.52770925166871,28.273396053096125,28.49201703708675,131672400.0,-0.0023508467980132286,0.005357556431513144,-0.0019656855853733557,-0.01104285284093065,28.44650344848633,28.867010021209715,28.574941444396973,0.9837639242241119,0.9938191164570321,0.006377244784683129,0.009076991030166546,26.666874479540084,0.045214818013532776,163857280.0,0.8035797982244061,1
2015-06-18,28.527698516845703,28.623623754034263,28.380465421381277,28.382696715821655,141628800.0,0.004555742868848522,-0.0023508467980132286,0.005357556431513144,-0.0019656855853733557,28.4148250579834,28.84269380569458,28.587444801330566,0.9890788533494508,0.9979100516013211,0.006557287851258055,0.009161484235073559,36.17498492901857,0.07561493524838925,163647740.0,0.8654491653841354,0
2015-06-19,28.24216079711914,28.51432091610068,28.197545109605183,28.489781777374187,218867600.0,-0.010009139698316405,0.004555742868848522,-0.0023508467980132286,0.005357556431513144,28.38939437866211,28.78926601409912,28.58997215270996,0.9809962082148241,0.9878344982732747,0.007029882599016725,0.008994997202642385,29.690547903064797,0.5453608305655346,166645040.0,1.3133760236728318,1
2015-06-22,28.467470169067383,28.567856303688377,28.349237081009143,28.440699738911512,136157200.0,0.007977766770991046,-0.010009139698316405,0.004555742868848522,-0.0023508467980132286,28.420178604125976,28.734276580810548,28.594606475830076,0.9907146988373688,0.9955538361099616,0.007376118817084317,0.008948634212102463,38.400566517722346,-0.3779015258539866,164333700.0,0.8285409505171489,0
2015-06-23,28.33808326721192,28.467471131035477,28.304620653881102,28.438471107204354,121075600.0,-0.004545079035370492,0.007977766770991046,-0.010009139698316405,0.004555742868848522,28.394747161865233,28.705387783050536,28.597763862609863,0.987204335345872,0.9909195489323743,0.007459834551506751,0.0076308590517141445,35.35518160245864,-0.11076608508400587,156247960.0,0.7748939570155028,1
2015-06-24,28.57901763916016,28.956026532713082,28.358167071081134,28.378243621824886,221123600.0,0.008502140729715668,-0.004545079035370492,0.007977766770991046,-0.010009139698316405,28.43088607788086,28.66155261993408,28.608183479309083,0.9971203590444532,0.998980507092664,0.006986482538886822,0.006508954690895539,44.25028238099894,0.8263266917529213,158137500.0,1.3982995810607857,0
2015-06-25,28.442928314208984,28.82216667760684,28.442928314208984,28.746319685718866,127752400.0,-0.004761861540149681,0.008502140729715668,-0.004545079035370492,0.007977766770991046,28.413932037353515,28.61381311416626,28.613748626708983,0.9940278913797521,0.994030131643061,0.007097579621501994,0.006549614887411906,44.661049713449636,-0.422257958897196,158378460.0,0.806627365867808,0
2015-06-26,28.275619506835938,28.552240475555756,28.222080348820942,28.480854364209378,176267200.0,-0.0058822637924191845,-0.004761861540149681,0.008502140729715668,-0.004545079035370492,28.420623779296875,28.574439334869385,28.618677978515624,0.9895424080055772,0.9880127771123032,0.006428428662176758,0.006225995737704866,45.07955078148474,0.37975646641472105,157014920.0,1.1226143349944069,0
2015-06-29,27.780378341674805,28.21315761039988,27.769225272035214,27.987844499138156,196645600.0,-0.017514776821827116,-0.0058822637924191845,-0.004761861540149681,0.008502140729715668,28.283205413818358,28.50740327835083,28.62001159667969,0.9744969778700208,0.9706627213560496,0.008438934199536912,0.007135563583080142,38.4491783805728,0.11561084535296406,160424640.0,1.2257817751687023,1
2015-06-30,27.981157302856445,28.135084328331757,27.854000712848862,28.012388626579046,177482800.0,0.00722736597436624,-0.017514776821827116,-0.0058822637924191845,-0.004761861540149681,28.211820220947267,28.456875324249268,28.612698097229003,0.983282844094009,0.9779279537977679,0.008635227825791913,0.007424957453614811,35.56481553692585,-0.0974484046426668,162565260.0,1.091763393974826,1
2015-07-01,28.24216079711914,28.31800950826813,28.106080737628375,28.30908603036946,120955200.0,0.009327830562464001,0.00722736597436624,-0.017514776821827116,-0.0058822637924191845,28.144448852539064,28.417612838745118,28.613670349121094,0.9938259401793679,0.9870163614989237,0.009298684532353916,0.007806745959139463,42.24472918011984,-0.31849621484448065,162416320.0,0.7447231903788979,0
2015-07-02,28.20647621154785,28.26224668700442,28.057010043819567,28.20424491597523,108844000.0,-0.0012635217902636775,0.009327830562464001,0.00722736597436624,-0.017514776821827116,28.097158432006836,28.38504343032837,28.606331329345704,0.993709108840407,0.9860221461747644,0.009126783191422393,0.007734653536775597,46.845477386934725,-0.10012963477386672,160168500.0,0.6795593390710408,0
2015-07-06,28.10831451416016,28.159624091112555,27.851770033357234,27.871848285896704,112241600.0,-0.0034801120370896443,-0.0012635217902636775,0.009327830562464001,0.00722736597436624,28.06369743347168,28.35548553466797,28.592363624572755,0.9912831321401422,0.9830706856988698,0.008638650528408133,0.007687737937924335,46.08841756893133,0.031215317334901238,158655220.0,0.7074560799197153,0
2015-07-07,28.03915023803711,28.141767655400127,27.61083191524409,28.08376591446313,187787200.0,-0.0024606340621458056,-0.0034801120370896443,-0.0012635217902636775,0.009327830562464001,28.11545181274414,28.331950092315672,28.574302558898925,0.9896653829572438,0.9812715526561416,0.008123618317055072,0.0075841301016370665,41.61534650492431,0.673062393978703,157509620.0,1.1922268620799161,0
2015-07-08,27.343137741088867,27.804917025746732,27.33644555901804,27.769224820709265,243046400.0,-0.02482288125850729,-0.0024606340621458056,-0.0034801120370896443,-0.0012635217902636775,27.987847900390626,28.2778528213501,28.531791076660156,0.9669453304617418,0.9583393369039618,0.010995496880150234,0.009293917875012011,33.356638770339316,0.29426499782732796,158446860.0,1.5339300507438267,0
2015-07-09,26.78543281555176,27.67552875946639,26.595813617752484,27.628681783679212,314380000.0,-0.020396522550483853,-0.02482288125850729,-0.0024606340621458056,-0.0034801120370896443,27.69650230407715,28.17958517074585,28.487411422729494,0.9505261576156414,0.9402550627741572,0.011280723234896903,0.009608886916061576,25.790554741314168,0.29349786707394143,166348400.0,1.8898889319043646,1
2015-07-10,27.501522064208984,27.62867861303297,27.039742839324095,27.20259329054447,245418000.0,0.026734279546211326,-0.020396522550483853,-0.02482288125850729,-0.0024606340621458056,27.555511474609375,28.12035675048828,28.465884399414062,0.9779933557824244,0.9661221720121603,0.01542530820647441,0.01175236274856531,40.808355678771036,-0.21935873783319548,171541120.0,1.4306657202657882,1
2015-07-13,28.03246688842773,28.054774733668854,27.73353631586235,27.891924229647643,165762000.0,0.019306015971738866,0.026734279546211326,-0.020396522550483853,-0.02482288125850729,27.540341949462892,28.103514385223388,28.47048267364502,0.9974719355087841,0.9846150909965865,0.016931294683244322,0.012466443116495498,44.98208823737777,-0.32457276972349214,172451980.0,0.9612067080934646,0
2015-07-14,28.02130126953125,28.190843891307548,27.894144728693735,28.117226498722978,127072400.0,-0.00039831025007253107,0.019306015971738866,0.026734279546211326,-0.020396522550483853,27.536772155761717,28.08890199661255,28.457973861694335,0.9975933296684416,0.9846555276814396,0.015878880634283665,0.012461823751823352,46.24335062769522,-0.23340451973311138,170007820.0,0.7474503231674873,1
2015-07-15,28.29123306274414,28.36485046328007,28.014612114584335,28.04584342960339,134596800.0,0.009633092718160041,-0.00039831025007253107,0.019306015971738866,0.026734279546211326,27.726391220092772,28.080201625823975,28.451974449157714,1.0075153105996963,0.9943504312257552,0.016001840439720492,0.012602479035443745,46.61053577445799,0.05921348774399471,170438840.0,0.7897073225797594,1
2015-07-16,28.66824150085449,28.68162926846338,28.409467492392967,28.496469260080637,144889600.0,0.013325981136072196,0.009633092718160041,-0.00039831025007253107,0.019306015971738866,28.10295295715332,28.093697547912598,28.466400108337403,1.0204509909015014,1.0070905134386126,0.016274608792024126,0.012946528913167322,52.51118061989036,0.07647135741711542,171099700.0,0.8468138751850529,1
2015-07-17,28.91585922241211,28.91585922241211,28.623622635365845,28.79539655900322,184658800.0,0.008637352993912772,0.013325981136072196,0.009633092718160041,-0.00039831025007253107,28.385820388793945,28.11310558319092,28.489288139343262,1.028554427643923,1.0149730341096084,0.016380668185514615,0.013044747758122869,57.01016554407675,0.2744793277088211,173251200.0,1.065844276980477,1
2015-07-20,29.46241569519043,29.66318795861783,29.15679130687146,29.21702434748297,235600800.0,0.018901616188347514,0.008637352993912772,0.013325981136072196,0.009633092718160041,28.671810150146484,28.174118328094483,28.519671897888184,1.0457262709020176,1.0330559131492691,0.016974710062244006,0.013386321872335029,68.21244325855929,0.27587095767978553,174087860.0,1.3533442251515988,0
2015-07-21,29.167945861816406,29.652032967835815,29.072022320033117,29.636419011620063,307025600.0,-0.009994762018855519,0.018901616188347514,0.008637352993912772,0.013325981136072196,28.901139068603516,28.209142112731932,28.533636932373046,1.0339891140699287,1.0222302166017856,0.01749429122261561,0.013580060900164923,62.59455240505697,0.3031602609159223,182631280.0,1.6811227518090002,0
2015-07-22,27.934307098388672,27.996769738636274,27.213752036722603,27.213752036722603,461802400.0,-0.0422943312248355,-0.009994762018855519,0.018901616188347514,0.008637352993912772,28.829753875732422,28.18895330429077,28.528729133605957,0.9909664540164627,0.9791640899097368,0.02118586720628795,0.016700577399583798,47.291999146346534,0.5041169205434335,199667620.0,2.3128557349459067,0
2015-07-23,27.920923233032227,28.351469539872234,27.898613687990725,28.15292684325403,203998000.0,-0.0004791192890271079,-0.0422943312248355,-0.009994762018855519,0.018901616188347514,28.68029022216797,28.156048583984376,28.525561332702637,0.9916492063774214,0.9788036388620605,0.01969399133681177,0.016563595841936632,47.47827141528884,-0.5582569514580262,198811340.0,1.0260883508958796,0
2015-07-24,27.7736873626709,28.050308350612383,27.639838607343037,27.956614392080805,168649200.0,-0.0052733166855721825,-0.0004791192890271079,-0.0422943312248355,-0.009994762018855519,28.451855850219726,28.12258653640747,28.518824195861818,0.9875936314291401,0.9738721053829758,0.018193291531462583,0.016570049807730195,47.070288951625606,-0.1732801301973549,200856180.0,0.8396515357406479,0
2015-07-27,27.387754440307617,27.575144055147923,27.24275261810859,27.459140555013633,177822000.0,-0.01389563140550043,-0.0052733166855721825,-0.0004791192890271079,-0.0422943312248355,28.036923599243163,28.078193283081056,28.4912512588501,0.9754101399683194,0.9612689239754008,0.017526349221530492,0.016788278171313387,44.59664070561572,0.05438982218711974,200933920.0,0.8849775090238622,1
2015-07-28,27.523828506469727,27.642063275677813,27.338671928609408,27.523828506469727,134472400.0,0.00496842727499569,-0.01389563140550043,-0.0052733166855721825,-0.0004791192890271079,27.70810012817383,28.0653657913208,28.467202949523926,0.9807044280527943,0.9668610068672034,0.017668684895303866,0.01640495654869475,51.652330676832214,-0.24378085951119655,197825260.0,0.6797534349253478,0
2015-07-29,27.436830520629883,27.550602716905665,27.276211349882686,27.472524426119968,148046800.0,-0.0031608242951882692,0.00496842727499569,-0.01389563140550043,-0.0052733166855721825,27.60860481262207,28.038149452209474,28.435079078674317,0.9785535442485415,0.9648937653634627,0.01721860366005379,0.016317140642419497,56.51782592564882,0.10094562155505526,196353460.0,0.7539811114100052,0
2015-07-30,27.298524856567383,27.343140542930758,27.151290028005434,27.28737008398687,134513200.0,-0.00504087613029891,-0.0031608242951882692,0.00496842727499569,-0.01389563140550043,27.4841251373291,27.990967655181883,28.400724563598633,0.9752619199470115,0.9611911412836296,0.016244375263164423,0.016160807123852948,47.703268971892996,-0.0914143365476322,197031360.0,0.6826994443930144,0
2015-07-31,27.0598258972168,27.3587547240426,26.972824122126944,27.34983124685656,171540000.0,-0.008744024104040848,-0.00504087613029891,-0.0031608242951882692,0.00496842727499569,27.34135284423828,27.93363513946533,28.361640625,0.9687183842029213,0.9540994561987474,0.015566989016871886,0.016239646735469092,38.216176944983445,0.2752651784360196,200166160.0,0.8569880143576717,0
2015-08-03,26.421817779541016,27.343145309180322,26.216581161347918,27.104447771371706,279904000.0,-0.023577687458122387,-0.008744024104040848,-0.00504087613029891,-0.0031608242951882692,27.14816551208496,27.849310302734374,28.303862648010252,0.9487422665884404,0.9335057235164493,0.013527040418532147,0.0169459634538309,33.17700425936209,0.631712720065291,208549280.0,1.3421480045387832,0
2015-08-04,25.574094772338867,26.256724465144575,25.26401123854942,26.19426183991776,496554400.0,-0.032084204587110476,-0.023577687458122387,-0.008744024104040848,-0.00504087613029891,26.75821876525879,27.726057529449463,28.223999366760253,0.9223848268068812,0.9061116548371876,0.015102044221628542,0.01815247875963163,24.518794084829608,0.7740168057619756,223987640.0,2.2168830387248155,1
2015-08-05,25.74364280700684,26.198729931797953,25.007472107672537,25.197091317507358,397250400.0,0.006629678828411922,-0.032084204587110476,-0.023577687458122387,-0.008744024104040848,26.41958122253418,27.64608278274536,28.16055503845215,0.9311859119178402,0.9141738425203229,0.012185429142874127,0.01764846228721159,21.46282670128859,-0.19998614451911012,231697840.0,1.7145192203777126,1
2015-08-06,25.79966163635254,26.106667700331585,25.57333038339867,25.98789944271197,211612000.0,0.00217602573830189,0.006629678828411922,-0.032084204587110476,-0.023577687458122387,26.11980857849121,27.596794223785402,28.087433853149413,0.9348789365583655,0.9185481938735265,0.012396210071015932,0.01718362023188919,18.412172155822333,-0.46730827709676315,226559440.0,0.9340242013310062,1
2015-08-07,25.887062072753903,26.05064970055352,25.658489382480674,25.676417121630855,154681600.0,0.003387658242703928,0.00217602573830189,0.006629678828411922,-0.032084204587110476,25.885255813598633,27.516071224212645,28.017220726013182,0.9407979017722086,0.9239696658676252,0.012885292007047201,0.01589258314305412,10.03795138419575,-0.2690320019658621,222022620.0,0.6966929765985106,1
2015-08-10,26.8282470703125,26.888751051054925,26.11339430736292,26.11339430736292,219806400.0,0.03635735082310454,0.003387658242703928,0.00217602573830189,0.006629678828411922,25.96654167175293,27.455860233306886,27.972523765563963,0.9771410126049147,0.9590928332087023,0.018461467155074088,0.017520463247717825,27.152055144585418,0.42102486656460747,224724840.0,0.978113500937413,0
2015-08-11,25.432144165039062,26.48313385989663,25.396290413638674,26.400219388404345,388331200.0,-0.05203854361466398,0.03635735082310454,0.003387658242703928,0.00217602573830189,25.938151550292968,27.326402378082275,27.898744659423826,0.9306802927500423,0.9115874020678713,0.024055819275800392,0.020768827071380176,26.317007580845257,0.7666965111115964,237787780.0,1.6330999010966838,1
2015-08-12,25.82431602478028,25.864652581979026,24.567161986716236,25.217027981725828,404870000.0,0.01542032229749335,-0.05203854361466398,0.03635735082310454,0.003387658242703928,25.954286193847658,27.20305652618408,27.83539665222168,0.9493167063753771,0.9277509621088555,0.02513121062529232,0.021016816314764035,31.483326965850836,0.042589418516977284,251301440.0,1.6110930363152713,0
2015-08-13,25.80414581298828,26.084260288357925,25.667449812233247,26.00358718267682,194143200.0,-0.0007810550247543402,0.01542032229749335,-0.05203854361466398,0.03635735082310454,25.955183029174805,27.059851741790773,27.770931358337403,0.9535952398858416,0.9291782648564773,0.02518064702286801,0.020625843936927356,32.2061685553458,-0.5204801541235458,253764120.0,0.765053783017079,1
2015-08-14,25.98566627502441,26.064098006803345,25.54868826248213,25.618156123531538,171718000.0,0.007034546438842604,-0.0007810550247543402,0.01542032229749335,-0.05203854361466398,25.974903869628907,26.913342094421388,27.713487396240236,0.9655310062889118,0.9376541430346932,0.025435695233104072,0.020572932890172882,36.847019198286866,-0.11550855244994418,253117080.0,0.6784133255645964,1
2015-08-17,26.25457191467285,26.36437631677474,25.88257904882109,26.003588714471064,163538800.0,0.010348229550954269,0.007034546438842604,-0.0007810550247543402,0.01542032229749335,25.860168838500975,26.752949905395507,27.66458938598633,0.9813711014118057,0.9490316862599909,0.024750160411309834,0.020131358015019026,38.382637502452845,-0.04763158201236917,249513980.0,0.6554294072019532,0
2015-08-18,26.106666564941406,26.317313177027447,25.99686217998892,26.09098022423391,138242800.0,-0.005633508335696202,0.010348229550954269,0.007034546438842604,-0.0007810550247543402,25.995073318481445,26.599885940551758,27.616525535583495,0.9814578387022918,0.9453276999419548,0.022271781375598928,0.020104304788384566,37.95940664180244,-0.15467888965798937,241074840.0,0.5734434999521311,0
2015-08-19,25.77277946472168,26.11115660318592,25.698828814719494,26.017038526646864,193146000.0,-0.01278934249951702,-0.005633508335696202,0.010348229550954269,0.007034546438842604,25.984766006469727,26.491809558868407,27.56347946166992,0.9728584001576432,0.9350336012752524,0.022693946494849977,0.018246080738764835,36.66130626586612,0.3971505206781112,227642020.0,0.8484637414480859,0
2015-08-20,25.2439193725586,25.62487441307107,25.015344980504512,25.564370432635133,274006400.0,-0.020520103114489152,-0.01278934249951702,-0.005633508335696202,0.010348229550954269,25.87272071838379,26.357959365844728,27.49334213256836,0.9577342093208578,0.9181830004819562,0.023607364982901828,0.018597629622982684,34.89113392114673,0.4186491048222587,231142440.0,1.1854439193425492,0
2015-08-21,23.699932098388672,25.075854618051384,23.675281881449802,24.746439636853328,513102000.0,-0.061162739881364114,-0.020520103114489152,-0.01278934249951702,-0.005633508335696202,25.41557388305664,26.154271602630615,27.393618965148924,0.9061591337150798,0.8651625084126532,0.029963752632895687,0.022460628359751572,30.32007466790823,0.8725912971375851,248365080.0,2.0659184455399284,0
2015-08-24,23.10832405090332,24.38116427748664,20.616425097540755,21.25956853943907,648825200.0,-0.02496243639135043,-0.061162739881364114,-0.020520103114489152,-0.01278934249951702,24.786324310302735,25.940300083160402,27.28839916229248,0.890827167643465,0.8468186027868849,0.025773380784886925,0.022756824184102818,31.486181952330583,0.26451504769032286,271915240.0,2.3861303250233417,1
2015-08-25,23.24725914001465,24.898814636838587,23.193477641585982,24.898814636838587,414406400.0,0.006012339484476659,-0.02496243639135043,-0.061162739881364114,-0.020520103114489152,24.214442825317384,25.726471614837646,27.187073364257813,0.9036318500282362,0.8550850188449213,0.02274010236764874,0.022789811426022002,31.16976651974521,-0.3612973108935966,285911940.0,1.4494197059416267,1
2015-08-26,24.580610275268555,24.625427915268247,23.54082529818865,23.99797069717231,387098400.0,0.05735519732555727,0.006012339484476659,-0.02496243639135043,-0.061162739881364114,23.97600898742676,25.583660602569584,27.10938076019287,0.9607933226256026,0.9067197252754097,0.030294735721783657,0.02709811217111767,42.290331328033496,-0.06589666568856078,297864520.0,1.2995787480831889,1
2015-08-27,25.30442237854004,25.376131620216796,24.654556414147635,25.14980034129892,338464400.0,0.029446465940666133,0.05735519732555727,0.006012339484476659,-0.02496243639135043,23.988109588623047,25.483955478668214,27.04750274658203,0.9929550536109492,0.9355548501326149,0.03215880481062313,0.02817982352621453,46.58971987052435,-0.12563730565664954,308062080.0,1.0986889395799704,1
2015-08-28,25.38733291625977,25.391813995177866,24.99517268813353,25.136349754773125,212657600.0,0.00327652362418851,0.029446465940666133,0.05735519732555727,0.006012339484476659,24.325589752197267,25.400330829620362,26.984695434570312,0.9994882777926091,0.9408048713322089,0.0320699923014077,0.028188174616560317,40.624087794164716,-0.3716987665467919,310117960.0,0.6857313262347011,0
2015-08-31,25.26856803894043,25.665209398967942,25.098257952693018,25.104980426809615,224917200.0,-0.0046781155669674,0.00327652362418851,0.029446465940666133,0.05735519732555727,24.75763854980469,25.342668342590333,26.925223579406737,0.9970760654462982,0.9384719857355848,0.03178502998454752,0.027768824707216623,48.72341584690457,0.05764947972703549,307368620.0,0.7317506907504091,0
2015-09-01,24.139142990112305,25.071362985786642,24.058469892160893,24.683685546442884,307383600.0,-0.04469683628639387,-0.0046781155669674,0.00327652362418851,0.029446465940666133,24.936015319824218,25.270920753479004,26.838657035827637,0.9552142252984237,0.8994169476471315,0.034388513421186644,0.02862146393718563,38.205746787642646,0.3666522613655159,297910080.0,1.0317999310395942,1
2015-09-02,25.17444229125977,25.174442291259766,24.4551086670713,24.701610724002983,247555200.0,0.042888817617573904,-0.04469683628639387,-0.0046781155669674,0.00327652362418851,25.05478172302246,25.24246072769165,26.775384216308595,0.9973053959688937,0.9402084424964587,0.037740015447923644,0.030327141359229298,46.14113100419942,-0.19463757988389752,290425320.0,0.8523884900944587,0
2015-09-03,24.73299217224121,25.273052075556876,24.659041528939685,25.208065302020685,212935600.0,-0.01753564642708383,0.042888817617573904,-0.04469683628639387,-0.0046781155669674,24.940495681762695,25.189127254486085,26.698463706970216,0.9818915884763877,0.9263825980288193,0.03758617360691378,0.030548997232551684,42.56052400140102,-0.1398459818254676,290491500.0,0.7330183499345075,0
2015-09-04,24.48648262023925,24.750910714430084,24.31617427526965,24.41925618186162,199985200.0,-0.009966830955400074,-0.01753564642708383,0.042888817617573904,-0.04469683628639387,24.760325622558593,25.119098281860353,26.61933479309082,0.9748153514699235,0.9198758274979447,0.03154320709733102,0.0305787131179671,39.47152983037016,-0.06081838828265451,292756680.0,0.683110629619109,1
2015-09-08,25.167722702026367,25.223745592350305,24.72178097375906,25.04223197479929,219374400.0,0.027821067335495497,-0.009966830955400074,-0.01753564642708383,0.042888817617573904,24.74015655517578,25.036072063446046,26.55717685699463,1.005258438234508,0.9476806528626815,0.030614037443722073,0.030065548487963546,44.74277928701368,0.09695317453491548,292735080.0,0.7493956651864204,0
2015-09-09,24.68368911743164,25.550922481347587,24.59853321856181,25.4926598985961,340043200.0,-0.019232315546601098,0.027821067335495497,-0.009966830955400074,-0.01753564642708383,24.84906578063965,24.998649311065673,26.495243072509766,0.987400911556665,0.9316272000177379,0.03190087599694197,0.0280636785145368,44.00292986247839,0.5500587124112932,290320680.0,1.1712675790095284,1
2015-09-10,25.22599029541016,25.38509511963697,24.627666158595982,24.710578952953487,251571200.0,0.021970021393420636,-0.019232315546601098,0.027821067335495497,-0.009966830955400074,24.859375381469725,24.968733024597167,26.44013973236084,1.0103031767995423,0.9540793108795621,0.027253085274799697,0.028304010952162305,49.901419558359606,-0.2601787067055009,282655740.0,0.8900268574061153,1
2015-09-11,25.5935001373291,25.5935001373291,25.04447642895034,25.051198903061266,199662000.0,0.01456869829946017,0.021970021393420636,-0.019232315546601098,0.027821067335495497,25.031476974487305,24.95820074081421,26.38716651916504,1.0254545350889812,0.9699222581833674,0.026022975038953015,0.028511623901757918,61.958646229811706,-0.20633999440317496,282931680.0,0.7056897976218146,1
2015-09-14,25.84000587463379,26.194071068119193,25.73916532279667,26.12460320839511,233453600.0,0.009631575829097017,0.01456869829946017,0.021970021393420636,-0.019232315546601098,25.30218162536621,24.950917720794678,26.339837112426757,1.0356334850600755,0.9810237536527074,0.026150054053517963,0.028551343272194923,68.03793211675553,0.1692440223978524,286018460.0,0.8162186454678485,1
2015-09-15,26.057371139526367,26.11339403988128,25.64056062411118,25.978939420966142,173364800.0,0.008411966543163896,0.009631575829097017,0.01456869829946017,0.021970021393420636,25.48011131286621,24.941057682037354,26.298818244934083,1.0447580640612923,0.9908190891636651,0.02610191987868951,0.028518052718869008,68.36559667359246,-0.2573907620186624,286509760.0,0.6050921267045144,1
2015-09-16,26.086503982543945,26.11563527506457,25.8691348569455,26.050648505887892,148694000.0,0.0011180269437611745,0.008411966543163896,0.009631575829097017,0.01456869829946017,25.760674285888673,24.94004955291748,26.25976531982422,1.045968410254917,0.993402022631578,0.020041821925190325,0.028487673625198193,61.86441849589508,-0.14230570450287483,287032320.0,0.5180392229000553,0
2015-09-17,25.528514862060547,26.10443021019383,25.483697225582045,25.91843548009313,256450400.0,-0.02138995401057886,0.0011180269437611745,0.008411966543163896,0.009631575829097017,25.82117919921875,24.927836322784422,26.223472862243653,1.0240966978239943,0.9734986283535427,0.01777720815110023,0.028760033142108742,51.81291776236301,0.7246855959218261,290197540.0,0.8837097654239247,0
2015-09-18,25.42319297790528,25.61367221795262,25.06912952639982,25.14531985467209,297141200.0,-0.004125656534442301,-0.02138995401057886,0.0011180269437611745,0.008411966543163896,25.787117767333985,24.936800003051758,26.196228065490722,1.01950502770179,0.9704905956058694,0.01664834945058994,0.02837795089128259,50.28906124359221,0.15866927873772085,291354280.0,1.019862141719696,1
2015-09-21,25.817588806152344,25.853444276933047,25.470247908799738,25.47248759346132,200888000.0,0.015513229537683415,-0.004125656534442301,-0.02138995401057886,0.0011180269437611745,25.782634353637697,25.04268283843994,26.16254940032959,1.0309434086080802,0.9868147179046359,0.016411744776373503,0.024487993639043484,54.23726568036344,-0.3239308449989433,275743580.0,0.7285319208519742,0
2015-09-22,25.411983489990234,25.586774634919642,25.214781821099262,25.407500701324746,201384800.0,-0.01571042591186722,0.015513229537683415,-0.004125656534442301,-0.02138995401057886,25.65355682373047,25.157865810394288,26.11013973236084,1.0101009235644685,0.9732611066226768,0.015563671290944164,0.023982890310060775,61.05921615432571,0.002473019792122999,253371560.0,0.7948200658353289,1
2015-09-23,25.618146896362305,25.707783861688494,25.389574258979287,25.463523173916702,143026800.0,0.0081128419768286,-0.01571042591186722,0.015513229537683415,-0.004125656534442301,25.559885406494143,25.27641019821167,26.06207664489746,1.0135199854516845,0.9829664475865139,0.013913985416237925,0.023991998038796564,54.504136279799354,-0.2897835387775045,239802580.0,0.5964356179987722,1
2015-09-24,25.7705307006836,25.88257648633874,25.181170483623408,25.378370450890582,200878000.0,0.00594827584281421,0.0081128419768286,-0.01571042591186722,0.015513229537683415,25.608288574218754,25.33590621948242,26.01166259765625,1.017154487289149,0.9907298545001743,0.012434308109301866,0.020620233521665553,61.18891460931807,0.4044780418774663,230491560.0,0.8715199810353143,0
2015-09-25,25.705547332763672,26.149249454783625,25.550923581051936,26.09322655456149,224607600.0,-0.002521615432553137,0.00594827584281421,0.0081128419768286,-0.01571042591186722,25.66475944519043,25.355962467193603,25.952408714294435,1.0137870871998005,0.9904879202447674,0.011699372357502184,0.019642969037144152,63.68219442240702,0.11812941188183879,224798720.0,0.9991498172231585,0
2015-09-28,25.19685173034668,25.674166065237287,25.19685173034668,25.51281989296929,208436000.0,-0.019789331689063938,-0.002521615432553137,0.00594827584281421,0.0081128419768286,25.540612030029298,25.34643840789795,25.878028564453125,0.9940983157024279,0.9736774062054274,0.012795490061567204,0.02017047732026791,50.34010272563205,-0.07199934463482094,224587640.0,0.9280831304875015,0
2015-09-29,24.439428329467773,25.436636933681488,24.170519104557986,25.28425458365043,293461600.0,-0.030060239627741958,-0.019789331689063938,-0.002521615432553137,0.00594827584281421,25.346100997924804,25.304981422424316,25.777568817138672,0.9657951500336008,0.9480889568305133,0.014796288273733511,0.021238421145107687,47.31921898700419,0.4079218561093094,228014860.0,1.2870283980614246,1
2015-09-30,24.717294692993164,24.995167691809776,24.365471084188094,24.688161701958734,265892000.0,0.011369593420086366,-0.030060239627741958,-0.019789331689063938,-0.002521615432553137,25.165930557250977,25.33388900756836,25.688555793762205,0.9756612845982316,0.9621909028842763,0.015694493644909515,0.018788951919368635,44.073000610249565,-0.09394619261940917,225940280.0,1.1768242475401023,0
2015-10-01,24.555957794189453,24.564921663298826,24.047268907752663,24.441670600148974,255716400.0,-0.006527287909442903,0.011369593420086366,-0.030060239627741958,-0.019789331689063938,24.923015975952147,25.302964782714845,25.620988807678224,0.9704774916718181,0.9584313071800884,0.014668004782213556,0.01609520931422059,37.30110817744846,-0.03826967340123055,226348340.0,1.1297471852455379,1
2015-10-02,24.735227584838867,24.876406372152566,24.101049723055393,24.204131643026145,232079200.0,0.007300460122627861,-0.006527287909442903,0.011369593420086366,-0.030060239627741958,24.72895202636719,25.303076553344727,25.557274894714354,0.9775581057383002,0.9678350953588757,0.015077331545276566,0.01571562029129519,36.251907143135185,-0.09243521338482785,227305520.0,1.0210011617843684,1
2015-10-05,24.82486915588379,24.957084099471995,24.441672694460394,24.623186357849537,208258800.0,0.003624044724774178,0.007300460122627861,-0.006527287909442903,0.011369593420086366,24.65455551147461,25.319995880126953,25.498298530578612,0.9804452288781067,0.9735892426748702,0.013910751217216799,0.015549369694801451,34.15892409749017,-0.10263909906618085,227719200.0,0.9145421202955218,1
2015-10-06,24.94363212585449,25.0399915694046,24.59853090266767,24.791249789767882,192787200.0,0.004784032061758259,0.003624044724774178,0.007300460122627861,-0.006527287909442903,24.75539627075195,25.30879135131836,25.449416084289552,0.9855718425903871,0.9801259110715984,0.01346784607176548,0.014240694482154086,35.64173370612795,-0.07429025808273171,226389840.0,0.8515717843168227,0
2015-10-07,24.82486915588379,25.046719378879786,24.51786473357705,25.039996903892536,187062400.0,-0.0047612540696349015,0.004784032061758259,0.003624044724774178,0.007300460122627861,24.776911163330077,25.315850353240968,25.395436897277833,0.9806057789682612,0.9775326668447589,0.013025599594765014,0.013583276915697539,40.063222505401846,-0.029694917504896612,218740800.0,0.8551783663587222,0
2015-10-08,24.53803062438965,24.69265437816253,24.248952250228,24.69265437816253,247918400.0,-0.011554483115015945,-0.0047612540696349015,0.004784032061758259,0.003624044724774178,24.773325729370118,25.28145236968994,25.337460899353026,0.9705941836556992,0.9684486824414285,0.012854969244577633,0.012825273560398512,38.10946425972644,0.3253245975674428,218558160.0,1.1343360504133086,1
2015-10-09,25.125152587890625,25.161006357395998,24.53579054393031,24.650077746740173,211064400.0,0.023927020570159607,-0.011554483115015945,-0.0047612540696349015,0.004784032061758259,24.85131072998047,25.25803499221802,25.293993453979493,0.9947390046625426,0.9933248632171878,0.015769413370894488,0.013583130172895943,41.15630018241064,-0.1486537505889034,219128280.0,0.9632001857542075,0
2015-10-12,25.00861930847168,25.266324960425933,24.972765545678314,25.2618438812079,121868800.0,-0.0046381123064347385,0.023927020570159607,-0.011554483115015945,-0.0047612540696349015,24.888060760498046,25.21646566390991,25.25296932220459,0.9917575143872877,0.9903239096117677,0.014570618547486655,0.013377635506821237,44.43755901638914,-0.4225989792688867,213549040.0,0.5706829681837952,1
2015-10-13,25.05119705200196,25.1990966005633,24.80245527017863,24.83382795350022,132197200.0,0.0017025227584577252,-0.0046381123064347385,0.023927020570159607,-0.011554483115015945,24.90957374572754,25.16615695953369,25.225556907653807,0.9954319641367341,0.993087968036141,0.010277490576873737,0.01319762675170161,41.812285111908594,0.08475015754647619,211490660.0,0.6250734666013147,0
2015-10-14,24.69713020324707,24.990689594765872,24.551470349782807,24.939149494263113,177849600.0,-0.014133729738339817,0.0017025227584577252,-0.0046381123064347385,0.023927020570159607,24.884025955200194,25.096688270568848,25.208017616271974,0.9840792512934727,0.9797331380514777,0.010978595978100704,0.013453203821067756,35.35159290114309,0.34533560468754265,212948440.0,0.8351768155709429,1
2015-10-15,25.066883087158203,25.12066458509717,24.7598770216274,24.858477859251334,150694000.0,0.014971491864367303,-0.014133729738339817,0.0017025227584577252,-0.0046381123064347385,24.989796447753907,25.07360668182373,25.194482421875,0.9997318457312167,0.994935425440373,0.011648922558642558,0.013242185882221215,41.953635190963126,-0.15268856382021667,207660620.0,0.7256744201187495,0
2015-10-16,24.88312721252441,25.09825490656156,24.76884003736367,25.04895448944583,156930400.0,-0.007330623196943553,0.014971491864367303,-0.014133729738339817,0.0017025227584577252,24.941391372680663,25.046603393554687,25.176151733398438,0.9934731197495488,0.9883610281675692,0.011843475366086821,0.013303437362131552,45.694986374253105,0.041384527585703434,200650080.0,0.7821098302078923,1
2015-10-19,25.03775405883789,25.042235138369406,24.6747250681917,24.829348812117825,119036800.0,0.006214124333843829,-0.007330623196943553,0.014971491864367303,-0.014133729738339817,24.947218322753905,25.007611656188963,25.159165573120116,1.0012053291239216,0.9951742630760402,0.011943421120094885,0.012851154321503789,59.83792412415359,-0.2414675550435097,196557520.0,0.6056079665636807,1
2015-10-20,25.4948959350586,25.584532900665106,24.833826519366045,24.950353377876468,195871200.0,0.018258102350012795,0.006214124333843829,-0.007330623196943553,0.014971491864367303,25.03595809936524,25.01175727844238,25.13249855041504,1.0193164619038038,1.0144194730148537,0.013129199837902457,0.013109848891600743,62.07384083581958,0.6454676200973144,196281840.0,0.9979079063045262,0
2015-10-21,25.49266242980957,25.90050909798165,25.479215770415255,25.546443938336843,167180800.0,-8.76059762989767e-05,0.018258102350012795,0.006214124333843829,-0.007330623196943553,25.195064544677734,25.005483055114745,25.13370891571045,1.0194829019547844,1.0142817566361941,0.0129329917317972,0.012978396069313804,65.30019795736894,-0.14647584739359332,197489540.0,0.8465298972289874,1
2015-10-22,25.8825798034668,25.882579803466797,25.568851221488128,25.62039304175565,166616400.0,0.015295278581859195,-8.76059762989767e-05,0.018258102350012795,0.006214124333843829,25.358203887939453,25.011085510253906,25.13487419128418,1.0348443210453862,1.0297477364116625,0.012413948766203093,0.013372439428382274,67.53431261954678,-0.003375985759130229,195776460.0,0.851054309593707,1
2015-10-23,26.68483161926269,26.718445705584173,26.068579638874876,26.151492447493283,237467600.0,0.030995821200498597,0.015295278581859195,-8.76059762989767e-05,0.018258102350012795,25.71854476928711,25.060049724578857,25.152487907409668,1.0648355415308794,1.060922152810244,0.013717796958366238,0.015001016656524013,73.34088419794864,0.4252354510120253,196419460.0,1.208982042817957,0
2015-10-26,25.833276748657227,26.47193740180466,25.75260364408249,26.460733848753367,265335200.0,-0.03191156994188271,0.030995821200498597,0.015295278581859195,-8.76059762989767e-05,25.877649307250977,25.091870975494384,25.149440116882325,1.0295476480764199,1.0271909286487795,0.018105059470247556,0.016129277221239757,59.429922632703864,0.11735327261487472,199264420.0,1.3315733937850018,0
2015-10-27,25.669692993164062,26.115634790275454,25.54420053688064,25.8601705077346,279537600.0,-0.006332288276270082,-0.03191156994188271,0.030995821200498597,0.015295278581859195,25.91260871887207,25.1533842086792,25.137742538452148,1.0205264142670198,1.0211614250523178,0.01836505349937327,0.014484371620633985,58.8705526674482,0.05352625659919985,198568220.0,1.4077660564213146,1
2015-10-28,26.72740364074707,26.73412782469506,26.00806982979809,26.203030131893545,342205600.0,0.0412046473584502,-0.006332288276270082,-0.03191156994188271,0.030995821200498597,26.15955696105957,25.253889656066896,25.150157279968262,1.0583480012286417,1.0627131808052375,0.020923722087534537,0.01679213401986933,69.78529341601399,0.22418451042006504,202383900.0,1.6908736317463988,1
2015-10-29,27.009763717651367,27.045619198870167,26.503316158378205,26.59967562704942,204909200.0,0.010564440927356866,0.0412046473584502,-0.006332288276270082,-0.03191156994188271,26.384993743896484,25.37657995223999,25.174896965026857,1.0643579146001987,1.0728847770528522,0.0208096603017577,0.01665989682856489,68.02397507782698,-0.4012102665765843,199843540.0,1.0253481298419753,0
2015-10-30,26.778949737548828,27.1643876140152,26.7677444721953,27.11284578694581,197461200.0,-0.008545575685717566,0.010564440927356866,0.0412046473584502,-0.006332288276270082,26.40381736755371,25.47876605987549,25.20559757232666,1.0510300881376236,1.0624207444678702,0.02091038453434786,0.01691480794666787,66.56884198064276,-0.036347806735861576,198112640.0,0.996711769627622,1
2015-11-02,27.15542221069336,27.195758770132144,26.80359844046524,27.07026801173741,128813200.0,0.014058522714079702,-0.008545575685717566,0.010564440927356866,0.0412046473584502,26.668246459960937,25.595293712615966,25.274707374572753,1.060953725149417,1.0744109440417369,0.02100099657270131,0.017059259824315658,68.53536945402284,-0.3476531085600614,194140360.0,0.6635055173483762,1
2015-11-03,27.46690368652344,27.67306752074972,27.04785183483226,27.068020965182114,182076000.0,0.011470323437189123,0.014058522714079702,-0.008545575685717566,0.010564440927356866,27.027688598632814,25.721457290649415,25.361878967285158,1.0678595452874498,1.082999557010488,0.02075340651425682,0.017127733041143234,74.58237393009819,0.4134886797315802,193604800.0,0.9404518896225713,0
2015-11-04,27.339170455932617,27.747017028773147,27.254016278195074,27.59239330450581,179544400.0,-0.004650441565916097,0.011470323437189123,0.014058522714079702,-0.008545575685717566,27.15004196166992,25.847172355651857,25.443717193603515,1.0577238422737762,1.0744959255719764,0.020991735850587185,0.017124437577725308,71.07232952368614,-0.01390408400887544,193228900.0,0.9291798483560172,0
2015-11-05,27.2131462097168,27.611487144117117,27.046609074697137,27.42244355228266,158210800.0,-0.004609658746557499,-0.004650441565916097,0.011470323437189123,0.014058522714079702,27.19071846008301,25.980928134918212,25.49636791229248,1.0474277927408795,1.0673342298530535,0.02108391808592933,0.016839687767683294,71.8415821474177,-0.11882074851680147,188743520.0,0.8382316913449532,1
2015-11-06,27.24465560913086,27.413443748226587,27.145634401755885,27.255908838537938,132169200.0,0.0011578741822513283,-0.004609658746557499,-0.004650441565916097,0.011470323437189123,27.283859634399413,26.086903285980224,25.535172576904298,1.0443805962884387,1.0669462102548204,0.019044176454132245,0.016275843641019184,71.17627163561316,-0.16460064673208152,184798760.0,0.7152060977032529,0
2015-11-09,27.13437461853028,27.41343712700554,27.017348959170107,27.222144292300733,135485600.0,-0.00404780270239935,0.0011578741822513283,-0.004609658746557499,-0.004650441565916097,27.279650115966795,26.193191051483154,25.570113410949705,1.0359323751427314,1.0611753722965782,0.015127821046357858,0.016259532729303517,66.8534437290474,0.025092078941235885,185479600.0,0.7304609240045805,0
2015-11-10,26.2791805267334,26.57174724647798,26.11939466862718,26.30843822890864,236511600.0,-0.031517000255935956,-0.00404780270239935,0.0011578741822513283,-0.004609658746557499,27.04210548400879,26.254590225219726,25.590325660705567,1.0009366096100807,1.0269185658346498,0.01886402363424128,0.018119741541562144,56.87890018203075,0.7456585792143224,190695320.0,1.240259068759527,0
2015-11-11,26.13064956665039,26.4254655769582,25.928103495178785,26.1891632577425,180872000.0,-0.005652039260962138,-0.031517000255935956,-0.00404780270239935,0.0011578741822513283,26.800401306152345,26.32626619338989,25.630155792236327,0.9925695263695002,1.0195275353950704,0.013133135577986878,0.017805210143501154,52.265269582058956,-0.23525104054092905,190846440.0,0.9477357817101539,0
2015-11-12,26.042877197265625,26.29043271814813,26.02712371094586,26.164404827590033,130102400.0,-0.0033589815347256913,-0.005652039260962138,-0.031517000255935956,-0.00404780270239935,26.566347503662108,26.375065898895265,25.647524490356446,0.9874051991792917,1.0154148485970969,0.012346731760219762,0.01762608546342057,43.25822958343402,-0.28069352912556944,189816860.0,0.6854101369077541,0
2015-11-13,25.282209396362305,26.00912433211974,25.266455906955873,25.925854906970567,183249600.0,-0.02920828582577606,-0.0033589815347256913,-0.005652039260962138,-0.031517000255935956,26.1738582611084,26.395020008087158,25.658508834838866,0.9578401300175601,0.9853343216124225,0.01476432723510628,0.018874147843398772,44.10009246492541,0.40850284083921595,191132820.0,0.9587552781359057,1
2015-11-16,25.696304321289062,25.70980682190247,24.98064259975126,25.06616129863884,152426800.0,0.01637890575284695,-0.02920828582577606,-0.0033589815347256913,-0.005652039260962138,25.886244201660155,26.427947521209717,25.682705268859863,0.9723155496909673,1.0005295023357874,0.015122134240676346,0.019157665600881432,50.270404785420475,-0.16820118570518028,192802320.0,0.7905859224100623,0
2015-11-17,25.586027145385746,25.892096384430133,25.502757727542303,25.86283868024117,110467600.0,-0.004291557825766956,0.01637890575284695,-0.02920828582577606,-0.0033589815347256913,25.747613525390626,26.432504081726073,25.69107135772705,0.9679759082331691,0.9959112560594048,0.013943420046381093,0.018777616847477908,35.63660645535424,-0.27527442680683445,188532140.0,0.585935108995209,1
2015-11-18,26.396209716796875,26.441219192006294,25.993368560767326,26.051882252140704,186698800.0,0.03166503993791148,-0.004291557825766956,0.01637890575284695,-0.02920828582577606,25.800725555419923,26.47768144607544,25.725321769714355,0.99692300364575,1.0260788942928727,0.018576849873783777,0.020039019730383478,43.18430197992319,0.6900774525743294,189508040.0,0.9851761434501671,1
2015-11-19,26.73153686523437,26.94983644140062,26.276934951724414,26.474979060688888,173183200.0,0.012703609799861404,0.03166503993791148,-0.004291557825766956,0.01637890575284695,25.938457489013672,26.52012929916382,25.75543270111084,1.007971588814132,1.0378989619569245,0.01924114159735875,0.0199562746991362,49.485263605167454,-0.07239253814164848,189836380.0,0.9122761401160304,1
2015-11-20,26.84856605529785,26.9880964780301,26.74729214650655,26.826059597565344,137148400.0,0.00437794469706243,0.012703609799861404,0.03166503993791148,-0.004291557825766956,26.251728820800782,26.528316020965576,25.780534019470213,1.012072007664534,1.041427847655174,0.019319525162703972,0.018758613855984554,46.46975723368315,-0.20807330041251115,184820420.0,0.7420630252869245,0
2015-11-23,26.499732971191406,26.94533433204748,26.407461314604493,26.841809448120213,129930000.0,-0.012992615076275693,0.00437794469706243,0.012703609799861404,0.03166503993791148,26.41241455078125,26.561638832092285,25.793728561401366,0.9976693508524751,1.0273711653632942,0.01966511712081584,0.017472534421893945,38.96794613509558,-0.052632039455072,178050160.0,0.7297381816449926,1
2015-11-24,26.75404167175293,26.85981583506874,26.35795345282768,26.4052139204153,171212800.0,0.009596651439393256,-0.012992615076275693,0.00437794469706243,0.012703609799861404,26.646017456054686,26.61585626602173,25.8076619720459,1.0051918452049806,1.03667049346555,0.01696476470506866,0.01746366535664666,43.513031622004284,0.31773108596936805,172633920.0,0.9917680140727848,0
2015-11-25,26.5627498626709,26.83281189570902,26.53799413338403,26.828309917474165,85553200.0,-0.007150015366986562,0.009596651439393256,-0.012992615076275693,0.00437794469706243,26.67932548522949,26.60762357711792,25.817186889648436,0.9983135016053966,1.0288785519587884,0.01704549394514081,0.014947687970876863,42.89230961636663,-0.5003107244318181,159801300.0,0.5353723655564755,0
2015-11-27,26.51323127746582,26.64826311618977,26.4659708207129,26.62125640504475,52185600.0,-0.001864211554191031,-0.007150015366986562,0.009596651439393256,-0.012992615076275693,26.63566436767578,26.58279695510864,25.83688121795654,0.9973830565022823,1.0261776974474466,0.017001997254116635,0.014733320657909674,42.03815519946914,-0.3900216473492517,152165120.0,0.3429537597052465,1
2015-11-30,26.623510360717773,26.873316886396125,26.49973173375955,26.55374344506798,156721200.0,0.004159398079315979,-0.001864211554191031,-0.007150015366986562,0.009596651439393256,26.590653228759766,26.57502498626709,25.860887565612792,1.001824471453018,1.029489428511303,0.013022256483398637,0.014656566428025267,44.439037029900895,2.0031502943340693,150128120.0,1.043916356242921,0
2015-12-01,26.4074649810791,26.7382899936015,26.299441538419742,26.7247874925195,139409600.0,-0.008114834471919963,0.004159398079315979,-0.001864211554191031,-0.007150015366986562,26.572199630737305,26.537627124786376,25.87268508911133,0.9950951852968911,1.0206696711271317,0.013001673959698068,0.014357723871630729,51.62214596564209,-0.11046112459577895,150657940.0,0.9253385516886796,0
2015-12-02,26.168914794921875,26.580758297623625,26.12390530788423,26.407468166824764,133546400.0,-0.009033437565027391,-0.008114834471919963,0.004159398079315979,-0.001864211554191031,26.455174255371094,26.472727680206297,25.88782371520996,0.9885235519001095,1.0108580420974809,0.013370647934192757,0.014128270253813132,50.47309030643574,-0.04205736190334097,148231460.0,0.9009315566344688,0
2015-12-03,25.92584991455078,26.283681557878825,25.70530110533081,26.229669849886356,166278000.0,-0.009288305696889654,-0.009033437565027391,-0.008114834471919963,0.004159398079315979,26.32779426574707,26.402061653137206,25.89397777557373,0.98196308512408,1.0012308707164765,0.00891989128422604,0.014206335426364217,48.60664240697778,0.24509533765043456,147568140.0,1.1267879367456959,1
2015-12-04,26.78780174255371,26.8373132030574,25.90560284431139,25.946112064996072,231108000.0,0.03324681084106573,-0.009288305696889654,-0.009033437565027391,-0.008114834471919963,26.38270835876465,26.38079442977905,25.914323196411132,1.015428167406332,1.0337064001063145,0.013703943168553393,0.01628759837870801,67.50381624545312,0.38988922166492257,151213000.0,1.5283606568218342,0
2015-12-07,26.619007110595703,26.9745877701295,26.513232964797563,26.77654369346573,128336800.0,-0.006301175198331732,0.03324681084106573,-0.009288305696889654,-0.009033437565027391,26.381807708740233,26.349512004852294,25.932592391967773,1.0102277076590178,1.0264691901315866,0.01376626436963477,0.01632908798400105,61.376071969771814,-0.4446890631220035,151021380.0,0.8497922612016922,0
2015-12-08,26.60775756835937,26.691025267759507,26.29943734579293,26.447969985021057,137238000.0,-0.0004226131421654067,-0.006301175198331732,0.03324681084106573,-0.009288305696889654,26.42186622619629,26.32318115234375,25.960810508728027,1.0108108672112484,1.024920141049288,0.013083590640529932,0.016313993307672577,62.912288296766015,0.06935812642983152,151109000.0,0.908205335221595,0
2015-12-09,26.020376205444336,26.486231330206245,25.89884855763669,26.474978102501257,185445600.0,-0.022075568052135286,-0.0004226131421654067,-0.006301175198331732,0.03324681084106573,26.39215850830078,26.310240936279296,25.992429466247557,0.9889828173167634,1.001075187651584,0.014399573768417587,0.015496089427651261,44.9669092385932,0.3512700563983737,148555700.0,1.2483236927293937,1
2015-12-10,26.14415168762207,26.31744176954201,25.99561904869208,26.114895700999856,116850800.0,0.0047568675103104585,-0.022075568052135286,-0.0004226131421654067,-0.006301175198331732,26.43581886291504,26.310916042327882,26.020966606140135,0.9936617807438735,1.0047340701575962,0.014481339578822958,0.015484540711757146,41.6613730997991,-0.3698917634066271,145354640.0,0.803901409683241,0
2015-12-11,25.471248626708984,25.96861066941635,25.396981453503482,25.923601197959165,187544800.0,-0.02573818684014406,0.0047568675103104585,-0.022075568052135286,-0.0004226131421654067,26.172508239746094,26.28233461380005,26.03927242279053,0.9691395000098207,0.9781858806629179,0.01639120233897492,0.016524317995063206,33.11261499547011,0.6049937184854532,148226760.0,1.2652560171995935,0
2015-12-14,25.31371688842773,25.35872636544817,24.70832963559441,25.246200955895596,257274800.0,-0.006184688492894219,-0.02573818684014406,0.0047568675103104585,-0.022075568052135286,25.9114501953125,26.28390998840332,26.050842208862306,0.9630879461844282,0.9717043574052354,0.01615205674140479,0.015203439359888032,34.74242315683884,0.3718044968455536,151928020.0,1.6933992821074084,0
2015-12-15,24.86586570739746,25.38573429187087,24.83435872858108,25.192190440855068,213292400.0,-0.017692035626542313,-0.006184688492894219,-0.02573818684014406,0.0047568675103104585,25.563071823120115,26.24238805770874,26.051662139892578,0.9475458427303104,0.9544828876511752,0.01663941780841081,0.015200631047021063,26.861659110861368,-0.17095494778345954,154971300.0,1.3763348439356191,1
2015-12-16,25.05714988708496,25.20343321918921,24.48552248834074,24.996386939565244,224954000.0,0.007692641066206374,-0.017692035626542313,-0.006184688492894219,-0.02573818684014406,25.37042655944824,26.2159441947937,26.053932495117188,0.9557981090019688,0.9617415678719888,0.017120169742943097,0.01532185538284791,31.54983895773634,0.05467424061991899,160695620.0,1.3998763625293582,0
2015-12-17,24.52603530883789,25.261950620429094,24.52603530883789,25.210188184389988,179091200.0,-0.02119612887500899,0.007692641066206374,-0.017692035626542313,-0.006184688492894219,25.046803283691407,26.12243547439575,26.04795581817627,0.9388877745674751,0.941572362915466,0.0179092928435484,0.013895625148886374,28.219058947980187,-0.20387634805337984,160315240.0,1.1171189962975447,0
2015-12-18,23.86213111877441,24.647557767725505,23.812619678284488,24.510278387732047,385813200.0,-0.027069364522371187,-0.02119612887500899,0.007692641066206374,-0.017692035626542313,24.72497978210449,25.978965187072752,26.034437828063965,0.9185173830806899,0.916560260542753,0.012909525822337014,0.014283774382828091,23.009167976661686,1.1542834042096985,170946740.0,2.256920488802536,1
2015-12-21,24.154708862304688,24.163711102613128,23.758618873742133,24.14345563266869,190362400.0,0.012261174078457726,-0.027069364522371187,-0.02119612887500899,0.007692641066206374,24.493178176879884,25.844272327423095,26.015028953552246,0.9346252259025444,0.9284905623372931,0.014907695925317575,0.01467596575553686,28.305233996640084,-0.5065943829811941,173607440.0,1.0965106103747628,0
2015-12-22,24.1322021484375,24.2424765784534,23.95666105226723,24.170460378871354,131157600.0,-0.0009317733447125054,0.012261174078457726,-0.027069364522371187,-0.02119612887500899,24.34644546508789,25.7258957862854,25.997500610351562,0.9380509953438626,0.9282508541928317,0.014873825622135258,0.0145851458922711,29.534191965654742,-0.3110109979701874,173668820.0,0.7552167395390836,1
2015-12-23,24.442771911621094,24.496783632553132,24.125449402516853,24.141202892663767,130629600.0,0.012869516062946618,-0.0009317733447125054,0.012261174078457726,-0.027069364522371187,24.223569869995117,25.61033229827881,25.985332107543947,0.9544105725353598,0.9406372722296275,0.01570363425104101,0.014769622986631134,35.296831697546935,-0.0040256912294827085,171639660.0,0.7610688578618718,0
2015-12-24,24.312236785888672,24.5305363288565,24.294232310447736,24.5305363288565,54281600.0,-0.005340438727833519,0.012869516062946618,-0.0009317733447125054,0.012261174078457726,24.180810165405273,25.4978066444397,25.977634239196778,0.9535030649858048,0.9358911039406643,0.015244228370506208,0.014757451913480685,21.29433158212059,-0.584461714649666,170076080.0,0.31916069561339844,0
2015-12-28,24.039928436279297,24.235723267087668,23.895896049363305,24.213216811568333,106816800.0,-0.011200464688112421,-0.005340438727833519,0.012869516062946618,-0.0009317733447125054,24.21636962890625,25.374141502380372,25.9570951461792,0.947418395772093,0.9261409376086482,0.01390736481291528,0.01482341984788731,20.795122225150052,0.9678270353121499,172807640.0,0.6181254486202115,1
2015-12-29,24.47202682495117,24.62731244741854,24.048931881781158,24.071436621428216,123724800.0,0.017974196130292164,-0.011200464688112421,-0.005340438727833519,0.012869516062946618,24.279833221435545,25.266567325592042,25.948873138427736,0.9685536824055994,0.9430863026075108,0.015781823273286085,0.015565216818207942,27.919977473107338,0.15828970723706393,171157820.0,0.7228696883379327,0
2015-12-30,24.15245246887207,24.46302196351547,24.12094549334309,24.43601696563428,100855200.0,-0.013058761269142849,0.017974196130292164,-0.011200464688112421,-0.005340438727833519,24.28388328552246,25.15381669998169,25.93116710662842,0.9601903662154639,0.9314063022908954,0.015373892520408635,0.015671406764841394,29.556643459411788,-0.18484248913718182,169230100.0,0.5959649022248407,0
2015-12-31,23.6888484954834,24.087187669568237,23.58982559067075,24.082687408895573,163649200.0,-0.019194902628880794,-0.013058761269142849,0.017974196130292164,-0.011200464688112421,24.133098602294922,25.029813385009767,25.895046157836916,0.9464252941522342,0.9148023274835588,0.015683025716598898,0.015993112305293922,24.98857540774914,0.6226153931577152,170735240.0,0.9584969101867898,1
2016-01-04,23.7091064453125,23.713608423784326,22.955186449441953,23.092467603803655,270597600.0,0.000855168195827094,-0.019194902628880794,-0.013058761269142849,0.017974196130292164,24.012472534179686,24.91897621154785,25.859375038146972,0.9514478541989748,0.9168476194934154,0.014751688422892715,0.016005608779545117,29.296771007098357,0.6535222903625559,175951220.0,1.5379126100972758,0
2016-01-05,23.11496925354004,23.821628682951236,23.047455038507994,23.79912394460722,223164000.0,-0.025059451023297763,0.000855168195827094,-0.019194902628880794,-0.013058761269142849,23.827480697631835,24.735334587097167,25.804022827148437,0.9344918772838283,0.8957893661921876,0.014401125651125852,0.013981661200466622,26.570801775028897,-0.1752920203283399,175554020.0,1.2711984607359035,0
2016-01-06,22.66261863708496,23.038454840426148,22.47582774698311,22.631111657212283,273829600.0,-0.019569596285999857,-0.025059451023297763,0.000855168195827094,-0.019194902628880794,23.465599060058594,24.53751516342163,25.723578567504884,0.9235906116063618,0.8810056725821711,0.014148432588779864,0.01424641320275461,26.545347632150893,0.2270330340019,182828660.0,1.4977389212391536,0
2016-01-07,21.706148147583008,22.534335128762088,21.70164788723477,22.208012167974665,324377600.0,-0.042204764807575734,-0.019569596285999857,-0.025059451023297763,0.000855168195827094,22.976338195800782,24.292434692382812,25.6410359954834,0.8935353093442393,0.8465394359029209,0.017933293031123468,0.016040258892373423,19.324460324632838,0.18459655201629044,192185640.0,1.6878347414510262,1
2016-01-08,21.82093048095703,22.304790157866496,21.775920997198742,22.17876222974189,283192000.0,0.005288010226116802,-0.042204764807575734,-0.019569596285999857,-0.025059451023297763,22.602754592895508,24.08246240615845,25.564060745239257,0.9060921642039773,0.8535784161372211,0.016975240973979833,0.0161233166164689,23.19383772815179,-0.12696807671059895,197072960.0,1.4369906454949477,1
2016-01-11,22.17425537109375,22.293532022104593,21.906444365766593,22.273278273971293,198957600.0,0.01619201758811628,0.005288010226116802,-0.042204764807575734,-0.019569596285999857,22.295784378051756,23.88396759033203,25.472997779846192,0.9284159044023175,0.8705004241250964,0.019034900413158345,0.016811360730042472,32.17697090296089,-0.2974462555439419,201178300.0,0.9889615331275788,1
2016-01-12,22.496076583862305,22.660364414739302,22.244019082941826,22.6288574417494,196616800.0,0.014513281613419027,0.01619201758811628,0.005288010226116802,-0.042204764807575734,22.17200584411621,23.735208988189697,25.38272403717041,0.9477934908875685,0.8862751118012037,0.020392671005885484,0.01699268403932248,32.59326782996986,-0.011765320852282102,201631900.0,0.9751274475913781,0
2016-01-13,21.91769790649414,22.772891657948627,21.8974441580709,22.577096838183675,249758400.0,-0.025710202186236653,0.014513281613419027,0.01619201758811628,0.005288010226116802,22.023021697998047,23.56540803909302,25.285499000549315,0.9300792869843176,0.8668089922219051,0.01923072061152326,0.0175523397374292,29.187824720254767,0.27028005745185557,201256080.0,1.2409980359351132,1
2016-01-14,22.397056579589844,22.613106875133813,21.546364765015802,22.04597785408347,252680400.0,0.02187084953633156,-0.025710202186236653,0.014513281613419027,0.01619201758811628,22.161203384399414,23.441967582702638,25.190331687927245,0.9554256271609294,0.8891132064896109,0.021777422794639355,0.018491613019500336,31.36532609080905,0.011699306209520977,203225480.0,1.2433499972542814,0
2016-01-15,21.85918426513672,21.989714145273158,21.46084509223923,21.649886945952915,319335600.0,-0.024015312572067238,0.02187084953633156,-0.025710202186236653,0.014513281613419027,22.16885414123535,23.282069301605226,25.07817729949951,0.9388849411091478,0.8716416669393658,0.022120567946976148,0.018699610926104396,29.198513285328858,0.2637925220951052,207944560.0,1.535676624577243,0
2016-01-19,21.75341415405273,22.20126482709412,21.492354365866788,22.147253108401078,212350800.0,-0.004838703485046336,-0.024015312572067238,0.02187084953633156,-0.025710202186236653,22.08468589782715,23.143438243865965,24.966462173461913,0.9399387387834799,0.8713054337821043,0.021946078525859218,0.018384346237353827,30.04717606071233,-0.3350230916941299,209607540.0,1.013087601715091,1
2016-01-20,21.782670974731445,22.097742493626843,21.024249027026293,21.40233450630044,289337600.0,0.0013449300634615913,-0.004838703485046336,-0.024015312572067238,0.02187084953633156,21.942004776000978,23.03946523666382,24.857852668762206,0.9454503718284062,0.8762893265557403,0.021291414325960406,0.017742374295984232,24.7571218188088,0.3625453730336783,204783760.0,1.4128932880224487,0
2016-01-21,21.67239189147949,22.02797083685336,21.36632267791624,21.843429256646218,208646000.0,-0.005062697929922533,0.0013449300634615913,-0.004838703485046336,-0.024015312572067238,21.892943572998043,22.915349388122557,24.74640739440918,0.9457587368365714,0.875779322067405,0.020729179807297684,0.017303728303137502,25.769604901737907,-0.2788839058594528,205697940.0,1.0143319860179445,1
2016-01-22,22.824657440185547,22.833659680480253,22.138253358481553,22.196765344894477,263202000.0,0.053167437838694376,-0.005062697929922533,0.0013449300634615913,-0.004838703485046336,21.978463745117185,22.84997215270996,24.660213050842284,0.9988921337691253,0.9255661089840405,0.02313304688793809,0.02168929506352358,42.55819369835035,0.26147637625451714,212300160.0,1.2397635498720303,0
2016-01-25,22.379047393798828,22.849402642694564,22.327284965206946,22.847151654407703,207178000.0,-0.01952318660442054,0.053167437838694376,-0.005062697929922533,0.0013449300634615913,22.082436370849607,22.74678592681885,24.582210388183594,0.9838333848921289,0.9103757164390798,0.024425917778335395,0.021685995248337493,39.3282431346287,-0.2128555254139406,216127580.0,0.9585912172800899,1
2016-01-26,22.502826690673828,22.70312174465863,22.07072961131343,22.48932419350668,300308000.0,0.005531035110515781,-0.01952318660442054,0.053167437838694376,-0.005062697929922533,22.232318878173828,22.656315422058107,24.50965393066406,0.9932253445220469,0.9181209475389822,0.0240051952317613,0.021791335492525443,44.68748003288099,0.44951684059118246,228428900.0,1.3146672772140477,0
2016-01-27,21.024242401123047,21.746655162652843,21.006237927545712,21.613876033272483,533478800.0,-0.06570660254711791,0.005531035110515781,-0.01952318660442054,0.053167437838694376,22.08063316345215,22.505531120300294,24.40928123474121,0.9341811259081505,0.8613216505203639,0.03149363707430301,0.0258227554613407,37.931025761858585,0.7764388561077293,249762000.0,2.135948623089181,1
2016-01-28,21.175033569335938,21.271805503136676,20.79244781263631,21.10751934480162,222715200.0,0.007172252171371296,-0.06570660254711791,0.005531035110515781,-0.01952318660442054,21.981161499023436,22.34068145751953,24.327137718200685,0.9478239779569816,0.8704284825704564,0.030953162064134277,0.02539644204640843,45.56063420194661,-0.5825228668880562,254711520.0,0.8743821245305277,1
2016-01-29,21.90644645690918,21.90644645690918,21.233544971670028,21.33256788400009,257666000.0,0.03454128585809735,0.007172252171371296,-0.06570660254711791,0.005531035110515781,21.797519302368165,22.228381156921387,24.251340560913086,0.98551695250592,0.9033086810968598,0.03231403411781643,0.026970560460830687,50.647995081394306,0.15693046545543377,262552060.0,0.9813901288757741,0
2016-02-01,21.70165634155273,21.76467031298408,21.46985421078659,21.71065858275749,163774000.0,-0.009348395037929946,0.03454128585809735,0.007172252171371296,-0.06570660254711791,21.662041091918944,22.129021549224852,24.173653144836425,0.9806875687331467,0.8977400400149399,0.03151353654156162,0.02677777304637263,46.3364247309443,-0.36439421576769926,262558300.0,0.6237624177182743,0
2016-02-02,21.26279830932617,21.61387697436504,21.217787123422998,21.474344873566967,149428800.0,-0.020222328900594944,-0.009348395037929946,0.03454128585809735,0.007172252171371296,21.414035415649415,22.006706142425536,24.07098491668701,0.9661963117840144,0.8833372785916171,0.03213066029864948,0.026989399279972397,40.61004303510627,-0.08759143698022887,256499860.0,0.5825687390238732,1
2016-02-03,21.683643341064453,21.79391774774974,21.17277880164377,21.379825117012427,183857200.0,0.01979255155487669,-0.020222328900594944,-0.009348395037929946,0.03454128585809735,21.545915603637695,21.935139846801757,23.97002704620361,0.9885345383027511,0.9046148883882349,0.03285341566951807,0.027105239432701184,48.17415136843422,0.23040002998083375,254534520.0,0.7223271719686587,1
2016-02-04,21.85787582397461,22.02305515087919,21.538833187512928,21.690435019918965,185886800.0,0.008035203317525275,0.01979255155487669,-0.020222328900594944,-0.009348395037929946,21.68248405456543,21.89490270614624,23.870213241577147,0.9983088811734597,0.915696713840099,0.03288871162812162,0.026910614961003543,45.58363298000649,0.011039002008080168,250137380.0,0.7431388303499461,0
2016-02-05,21.274093627929688,21.93028280241884,21.19942517660604,21.839773653124055,185672400.0,-0.026708093720827386,0.008035203317525275,0.01979255155487669,-0.020222328900594944,21.55601348876953,21.873299980163573,23.765700454711915,0.9726055806495914,0.8951595459376318,0.028280805100725392,0.025879009958158918,45.24336440992823,-0.0011533901277551717,243202120.0,0.763448937040516,1
2016-02-08,21.49810028076172,21.65422676564027,21.052344225150087,21.072707873748893,216085600.0,0.010529550952899092,-0.026708093720827386,0.008035203317525275,0.01979255155487669,21.51530227661133,21.85715847015381,23.66058162689209,0.9835725128734191,0.9086040495440508,0.02835676240946176,0.02596905911835822,47.96351494114099,0.1638003278893363,239846800.0,0.9009317614410532,0
2016-02-09,21.493576049804688,21.70853547812662,21.253728290560428,21.335186345835517,177324800.0,-0.00021044794181557247,0.010529550952899092,-0.026708093720827386,0.008035203317525275,21.56145782470703,21.823124504089357,23.559198150634767,0.9848991167959054,0.9123220541029141,0.028208214225675463,0.02567407797583869,47.68492962793365,-0.17937706168296264,238765160.0,0.7426745175049827,0
2016-02-10,21.330665588378903,21.80131187098601,21.292199753844734,21.70401481954626,169374400.0,-0.007579495429159366,-0.00021044794181557247,0.010529550952899092,-0.026708093720827386,21.49086227416992,21.764853954315186,23.455546836853028,0.9800509405278964,0.9094081556378152,0.018418789870344125,0.02543466444499379,47.28633256016211,-0.04483524019200924,237403040.0,0.7134466348872365,0
2016-02-11,21.20168113708496,21.432479494048906,20.95051913314548,21.22204651037848,200298800.0,-0.006046902322833003,-0.007579495429159366,-0.00021044794181557247,0.010529550952899092,21.35962333679199,21.729053115844728,23.34711025238037,0.9757296382889685,0.9081072949883949,0.018448795219760956,0.024857530335613835,34.61082843303751,0.1825801301731549,234930060.0,0.8525890641665864,1
2016-02-12,21.26730155944824,21.382700745252002,21.045555999939317,21.312556988350742,161405600.0,0.0030950575069492725,-0.006046902322833003,-0.007579495429159366,-0.00021044794181557247,21.3582649230957,21.672565364837645,23.244306983947755,0.9813006075392016,0.9149466823913136,0.014135524004699234,0.024281727391332737,38.63970796034151,-0.19417590120360184,230366320.0,0.7006475599384493,1
2016-02-16,21.866920471191406,21.914437372145343,21.40758870231874,21.50035930142369,196231600.0,0.02819440492095615,0.0030950575069492725,-0.006046902322833003,-0.007579495429159366,21.432028961181636,21.67295217514038,23.158267097473143,1.008949786558082,0.9442382013798157,0.016931637887374285,0.024628589089233394,44.077940034431286,0.21576698701903774,224211120.0,0.8752090440474138,1
2016-02-17,22.201810836791992,22.222174489604072,21.75605468895267,21.87371537772114,179452800.0,0.015314930423869555,0.02819440492095615,0.0030950575069492725,-0.006046902322833003,21.5736759185791,21.695372009277342,23.08378631591797,1.0233431732490268,0.9617924257721191,0.01569262906676512,0.024818496819867506,63.93483916313094,-0.08550508684635905,222566220.0,0.8062894719603002,0
2016-02-18,21.78094291687012,22.376037647567838,21.742475365374155,22.36472335718932,156084000.0,-0.01895646814648222,0.015314930423869555,0.02819440492095615,0.0030950575069492725,21.663731384277344,21.695285606384278,22.983649139404296,1.0039481992558161,0.9476712242151227,0.016254922584129583,0.0252289968768325,56.739298768910295,-0.13022254319798854,215903540.0,0.7229339546725357,0
2016-02-19,21.731163024902344,21.894079140646554,21.676858228427058,21.72211193777007,141496800.0,-0.002285479198846807,-0.01895646814648222,0.015314930423869555,0.02819440492095615,21.76962776184082,21.69822416305542,22.88589225769043,1.0015180441311418,0.9495440588557321,0.01605445191326316,0.025205556390802988,47.70193094915036,-0.09345736910894131,212546080.0,0.6657229340574053,1
2016-02-22,21.92123413085937,21.92576053829812,21.70401318440241,21.792259139953092,137123200.0,0.0087464764651215,-0.002285479198846807,-0.01895646814648222,0.015314930423869555,21.900414276123048,21.65305299758911,22.79216178894043,1.012385372783234,0.9617882820354643,0.013292346922115292,0.022077822085850095,52.8899479155684,-0.030909532936433948,206242140.0,0.6648650949801045,0
2016-02-23,21.425695419311523,21.83524717134706,21.394017478619176,21.812620317469428,127770400.0,-0.022605420323952408,0.0087464764651215,-0.002285479198846807,-0.01895646814648222,21.81216926574707,21.605385398864748,22.700268173217772,0.991683093069811,0.9438520838529117,0.015219291630454962,0.02221849171199803,52.11243428710511,-0.06820727637628055,202271760.0,0.6316769083336201,1
2016-02-24,21.74473762512207,21.808093505328504,21.11570177690352,21.265042117091483,145022800.0,0.014890634799325397,-0.022605420323952408,0.0087464764651215,-0.002285479198846807,21.720754623413086,21.567480945587157,22.612279891967773,1.0082187011075663,0.961634020497249,0.015953304047513644,0.022481058822614843,50.81375066116765,0.13502657892594838,194507500.0,0.7455897587496626,1
2016-02-25,21.89408302307129,21.89408302307129,21.55241176009324,21.733430082201536,110330800.0,0.006868116807106306,0.014890634799325397,-0.022605420323952408,0.0087464764651215,21.74338264465332,21.61097297668457,22.540736579895018,1.0131002915367187,0.9713117823576136,0.015714563133583662,0.016673459373297755,50.48548357314683,-0.23921755751509421,173350100.0,0.6364622806678508,1
2016-02-26,21.92801856994629,22.179178881360585,21.853348401686738,21.993635925463597,115964400.0,0.0015499871284510025,0.006868116807106306,0.014890634799325397,-0.022605420323952408,21.78275375366211,21.648622226715087,22.47302261352539,1.0129059641904794,0.9757485206617871,0.015424523069511357,0.0166318645572605,60.28463213267716,0.05106099112849716,168012560.0,0.6902126840993317,0
2016-02-29,21.878236770629883,22.226695802651435,21.869185684903833,21.916702590227032,140865200.0,-0.0022702370101344016,0.0015499871284510025,0.006868116807106306,0.014890634799325397,21.774154281616212,21.647211742401122,22.413270034790038,1.0106722764565677,0.9761287280557601,0.015532384621860481,0.014758498233770557,56.32525283428938,0.21472796823852836,162172520.0,0.8686132521095435,1
2016-03-01,22.74712562561035,22.801430426399506,22.04341951361982,22.095462837185025,201628400.0,0.03971475691070747,-0.0022702370101344016,0.0015499871284510025,0.006868116807106306,22.038440322875978,21.699485206604002,22.367069549560547,1.0482795056671441,1.016991768868411,0.017865275159516393,0.01702029299863505,66.19876122379065,0.4313570704474916,164065240.0,1.2289525800833863,1
2016-03-02,22.7968978881836,22.828575821585314,22.545735897414303,22.74259310611177,132678400.0,0.0021880682154060693,0.03971475691070747,-0.0022702370101344016,0.0015499871284510025,22.248872375488283,21.776190185546874,22.33248680114746,1.0468726482428585,1.0207953145196655,0.017426276522698497,0.01616224028485821,69.51781802449418,-0.3419657151472709,163227720.0,0.8128423284966548,1
2016-03-03,22.96660423278809,23.014121137835684,22.729017981232012,22.758434441250582,147822800.0,0.007444273577785987,0.0021880682154060693,0.03971475691070747,-0.0022702370101344016,22.463376617431642,21.840338230133057,22.314576263427735,1.0515681575435094,1.0292198230279188,0.015678874672498424,0.01574202474093698,73.24187902632718,0.11414367372533896,161426000.0,0.9157310470432273,1
2016-03-04,23.30828285217285,23.475723675015796,22.937196852186524,23.163468887608364,184220400.0,0.014877193681814171,0.007444273577785987,0.0021880682154060693,0.03971475691070747,22.739429473876957,21.91285858154297,22.2976477432251,1.0636806131631422,1.045324741003446,0.015680529415751494,0.01593052622547064,75.05551699883212,0.2462245336984552,161342680.0,1.1417958348032895,0
2016-03-07,23.050331115722656,23.267552046038453,22.844422750525865,23.16799180560761,143315600.0,-0.011066955815071888,0.014877193681814171,0.007444273577785987,0.0021880682154060693,22.97384834289551,22.00167045593262,22.2760103225708,1.0476627746011564,1.0347602996200485,0.016675269598723574,0.014715492403756022,65.8580958466454,-0.22204272708125705,159224840.0,0.9000831779765016,0
2016-03-08,22.86026382446289,23.02544317251674,22.717713061364464,22.80369581471164,126247600.0,-0.008245751017872394,-0.011066955815071888,0.014877193681814171,0.007444273577785987,22.99647598266602,22.069778633117675,22.244360160827636,1.0358175405601495,1.0276880817961158,0.014494384540966812,0.014882977804499493,59.17978898283859,-0.11909380416367787,154732940.0,0.8159064256130595,1
2016-03-09,22.88062286376953,22.98470776570407,22.68829030286975,22.923613365367988,108806800.0,0.0008905863669366187,-0.008245751017872394,-0.011066955815071888,0.014877193681814171,23.013220977783202,22.139130973815917,22.215727882385252,1.0334923665626523,1.029929020777729,0.014278606903464715,0.014871805465867808,67.25844274725067,-0.138147576666804,151307040.0,0.7191126070538423,1
2016-03-10,22.89194107055664,23.13405207582251,22.661144357421886,22.94624760120367,134054400.0,0.0004946634038109909,0.0008905863669366187,-0.008245751017872394,-0.011066955815071888,22.998288345336913,22.217194747924804,22.1927681350708,1.0303704554192137,1.0315045392819182,0.014337748695459713,0.014670994541395681,68.4399342129982,0.23204064451854123,149541040.0,0.8964388638730879,1
2016-03-11,23.138572692871094,23.143097372800096,22.966605508160118,23.13404628662392,109632800.0,0.010773731312442969,0.0004946634038109909,0.0008905863669366187,-0.008245751017872394,22.96434631347656,22.314039325714113,22.1660990524292,1.036951327149756,1.0438721147163383,0.014419219683485428,0.014568250372502494,68.99706398512237,-0.1821767879308699,145007740.0,0.7560479185455894,1
2016-03-14,23.197404861450195,23.285652530351765,23.029964063512647,23.059380528585958,100304400.0,0.0025426014542906383,0.010773731312442969,0.0004946634038109909,0.0008905863669366187,22.99376106262207,22.41054449081421,22.14699810028076,1.0351111670204403,1.047428854981304,0.01421060067669737,0.014571539204308934,82.01138904435138,-0.0850876744915755,141952680.0,0.7066044825641897,1
2016-03-15,23.66352844238281,23.799291310131537,23.498349106970874,23.523239167461966,160270800.0,0.02009378133961981,0.0025426014542906383,0.010773731312442969,0.0004946634038109909,23.154413986206055,22.50037488937378,22.14649169921875,1.0516948521403682,1.068500093096803,0.009657490536179102,0.013977357933750533,82.91922478093639,0.5978441623697466,140154640.0,1.1435283198615471,1
2016-03-16,23.978036880493164,24.054968508645125,23.66578050987727,23.670306915249643,153214000.0,0.013290851314762042,0.02009378133961981,0.0025426014542906383,0.010773731312442969,23.37389678955078,22.589186191558838,22.151870307922362,1.0614829891239426,1.0824384824931779,0.010056126326035272,0.01389859097864471,83.83530268665295,-0.04403047841528218,138842700.0,1.1035077825481643,0
2016-03-17,23.9395809173584,24.09118275967689,23.74951151881701,23.876223300298903,137682800.0,-0.001603799482269186,0.013290851314762042,0.02009378133961981,0.0025426014542906383,23.583424758911132,22.697118091583253,22.168362541198732,1.0547409949034845,1.0798984757159196,0.010228291405674921,0.01289928705004145,82.61207561919275,-0.1013693265628467,137922640.0,0.9982610541677567,1
2016-03-18,23.966732025146484,24.097970211506816,23.80155441672617,24.061765859551475,176820800.0,0.0011341513404856673,-0.001603799482269186,0.013290851314762042,0.02009378133961981,23.74905662536621,22.80889654159546,22.19444480895996,1.0507624505832422,1.0798527393427317,0.00953473337207197,0.012822660340936366,84.10962949487221,0.28426208647703266,139688840.0,1.2658190876236068,0
2016-03-21,23.964468002319336,24.358180793260605,23.79023759809888,23.96899268267387,142010800.0,-9.44652289169845e-05,0.0011341513404856673,-0.001603799482269186,0.013290851314762042,23.90246925354004,22.911058235168458,22.239611206054686,1.0459782239798028,1.0775578664700334,0.008310497739018265,0.012838557699478937,77.73216374472287,-0.19686597956801466,139933220.0,1.0148469391328234,1
2016-03-22,24.147748947143555,24.276723922528895,23.806077732017386,23.81512881948704,129777600.0,0.0076480289404496915,-9.44652289169845e-05,0.0011341513404856673,-0.001603799482269186,23.999313354492188,23.04716091156006,22.28614757537842,1.0477537359072917,1.0835317708217018,0.007164481304588889,0.011141584394064609,79.0090234002203,-0.08614274407298594,140033580.0,0.9267605670011436,0
2016-03-23,24.01424598693848,24.22694221270348,23.96220439530553,24.093442565514504,102814000.0,-0.005528588213224217,0.0076480289404496915,-9.44652289169845e-05,0.0011341513404856673,24.00655517578125,23.160636329650877,22.32294738769531,1.0368560537429963,1.0757650219690718,0.007877175429989142,0.011224663345604272,72.85306066067872,-0.2077677503667813,137923140.0,0.7454441654968122,0
2016-03-24,23.91016387939453,24.04140206498335,23.733671980446086,23.864910166034907,104532000.0,-0.004334181785285329,-0.005528588213224217,0.0076480289404496915,-9.44652289169845e-05,24.000671768188475,23.261440372467042,22.35122913360596,1.027888363598298,1.0697471596067463,0.008311570677317217,0.011406406480775682,64.64766307854413,0.01670978660493705,137633200.0,0.7594969818328717,0
2016-03-28,23.801549911499023,24.02782188943492,23.772133449523714,23.984829661205282,77645600.0,-0.004542585673748101,-0.004334181785285329,-0.005528588213224217,0.0076480289404496915,23.967635345458984,23.35511693954468,22.388906173706054,1.019114996217315,1.063095701363562,0.008415512796530708,0.011568833931138896,69.71504771897015,-0.25720736233880537,135717260.0,0.5721129353775636,1
2016-03-29,24.364973068237305,24.389863130469006,23.731410672679043,23.733673876423374,124760400.0,0.023671700323434797,-0.004542585673748101,-0.004334181785285329,-0.005528588213224217,24.047736358642577,23.479453754425048,22.428264503479003,1.0377146471580654,1.086351245075511,0.010675753748277565,0.012243354853356208,83.01904797780038,0.606792915503261,134912020.0,0.9247537765723173,1
2016-03-30,24.790355682373047,24.984949708411346,24.5731348053271,24.58444909398996,182404400.0,0.017458776291046973,0.023671700323434797,-0.004542585673748101,-0.004334181785285329,24.176257705688478,23.581615257263184,22.48688793182373,1.0512577451511753,1.102436039950616,0.010286508410447507,0.009717700548999869,85.58193386611171,0.4620376337363459,133950820.0,1.36172663967268,0
2016-03-31,24.661380767822266,24.867289082816846,24.636490713782962,24.826560060417812,103553600.0,-0.005202624609476181,0.017458776291046973,0.023671700323434797,-0.004542585673748101,24.305684661865236,23.674839401245116,22.54504726409912,1.0416704565491273,1.0938713269895517,0.010234680339118523,0.009942349610742855,81.5832907772444,-0.4322856246888781,132494580.0,0.781568574352249,1
2016-04-01,24.887657165527344,24.88992036893003,24.48263007236564,24.61386824862732,103496000.0,0.009175333686113785,-0.005202624609476181,0.017458776291046973,0.023671700323434797,24.501183319091798,23.77089204788208,22.60714698791504,1.0469803621755442,1.100875629234922,0.010279771259929002,0.009981506376417003,81.44848550526825,-0.0005562336799492806,130278240.0,0.7944227677622909,1
2016-04-04,25.14333915710449,25.385450069271393,24.951006622744835,24.984947759768183,149424800.0,0.010273445582949403,0.009175333686113785,-0.005202624609476181,0.017458776291046973,24.76954116821289,23.86264486312866,22.67656593322754,1.0536694193506895,1.1087807224048167,0.010408206016329972,0.009770044002417431,82.67488009100782,0.44377367241246035,128538460.0,1.1624909774086294,0
2016-04-05,24.846923828125,25.055095347121583,24.758677900221766,24.779043274678404,106314800.0,-0.011789020031403918,0.010273445582949403,0.009175333686113785,-0.005202624609476181,24.86593132019043,23.952474498748778,22.71701126098633,1.037342669101806,1.0937584853336995,0.011613057111383015,0.009829189545477544,71.07175073087507,-0.2885063255898619,126688420.0,0.8391832497397946,1
2016-04-06,25.107147216796875,25.111673624671656,24.708907913436978,24.94196958206201,105616400.0,0.01047306260010017,-0.011789020031403918,0.010273445582949403,0.009175333686113785,24.929289627075196,24.06481866836548,22.77157325744629,1.0433133763771756,1.1025653314747086,0.011753737526593653,0.009507218073259075,70.50147982991484,-0.006569170049701478,125656860.0,0.8405143977018047,0
2016-04-07,24.55956649780273,24.98495729540314,24.46453265892157,24.87860916442339,127207600.0,-0.021809754579676377,0.01047306260010017,-0.011789020031403918,0.010273445582949403,24.90892677307129,24.14876585006714,22.812708053588867,1.017011248122829,1.0765739183664804,0.014107021689197237,0.01119614758291339,59.500664942201134,0.20443037255577723,126576900.0,1.0049827417166954,1
2016-04-08,24.586715698242188,24.837876023385373,24.475841178225927,24.6432836967458,94326800.0,0.0011054429825496648,-0.021809754579676377,0.01047306260010017,-0.011789020031403918,24.84873847961426,24.233504581451417,22.88395751953125,1.0145753213532773,1.0744083787630547,0.013924882389758753,0.011188043662019621,59.50064126771085,-0.25848141148799286,124590520.0,0.7570945205140809,1
2016-04-11,24.668176651000977,25.02795008659553,24.625186137977725,24.656864084971126,117630000.0,0.003313210017904522,0.0011054429825496648,-0.021809754579676377,0.01047306260010017,24.753705978393555,24.30998477935791,22.95382038116455,1.0147343519502001,1.0746871867675323,0.013678941809183618,0.011061217140169537,60.52810302043835,0.24704749869602272,124990380.0,0.9411124280124599,1
2016-04-12,24.98948097229004,25.003056740270104,24.58671707657627,24.740580383866106,108929200.0,0.01302505352684924,0.003313210017904522,0.0011054429825496648,-0.021809754579676377,24.78221740722656,24.399588584899902,23.015481071472166,1.0241763251596463,1.0857683528181672,0.012293042984456727,0.01127159561189282,62.09360064892358,-0.07396752529116724,125421620.0,0.8685041701741694,1
2016-04-13,25.35151100158692,25.419391554856478,25.07093425017294,25.07093425017294,133029200.0,0.014487296862961019,0.01302505352684924,0.003313210017904522,0.0011054429825496648,24.83109016418457,24.483987712860106,23.08847816467285,1.0354322710377424,1.0980156778100987,0.01192441660213579,0.010908596505886851,68.02924745959368,0.2212446249490494,124059540.0,1.072301251479733,1
2016-04-14,25.36509132385254,25.43071041222434,25.190862640210334,25.256481728582134,101895600.0,0.0005356809803078733,0.014487296862961019,0.01302505352684924,0.003313210017904522,24.99219512939453,24.553340435028076,23.170524024963377,1.033060710862234,1.0947137534103581,0.011658077741117694,0.010676922494283227,70.10625090607166,-0.23403583574132591,121493620.0,0.8386909534838126,0
2016-04-15,24.855976104736328,25.41034347919359,24.82882457258405,25.367351251528262,187756000.0,-0.020071491666085794,0.0005356809803078733,0.014487296862961019,0.01302505352684924,25.04604721069336,24.599160194396973,23.233970680236816,1.010440027558252,1.0698118047415466,0.013436017545127651,0.011821421446467069,63.119327277999986,0.8426310851498986,123997280.0,1.5141945049117207,0
2016-04-18,24.31971549987793,24.652333892236424,24.197528411813874,24.638758124557654,243286000.0,-0.02157471517508469,-0.020071491666085794,0.0005356809803078733,0.014487296862961019,24.97635498046875,24.616809368133545,23.28320747375488,0.9879312601477833,1.0445174071180447,0.014454225957003061,0.012941108806994272,49.433066591738175,0.29575619420950594,127320540.0,1.9108150185351083,0
2016-04-19,24.19074249267578,24.437378165902466,24.036877449985877,24.410224902021245,129539600.0,-0.005303228452766873,-0.02157471517508469,-0.020071491666085794,0.0005356809803078733,24.8166072845459,24.628123092651368,23.341540451049806,0.9822406036249635,1.0363815765890372,0.01417024866548633,0.013012505729159551,41.8862123682029,-0.4675419054117377,126696980.0,1.0224363674651125,1
2016-04-20,24.24052047729492,24.45774140571795,23.998409488981064,24.12964767271117,122444000.0,0.002057728680060489,-0.005303228452766873,-0.02157471517508469,-0.020071491666085794,24.5944091796875,24.632761669158935,23.39638885498047,0.9840764427013023,1.0360795688405886,0.013544884647556368,0.01291167468559141,44.180307806572166,-0.054775528101059456,126330300.0,0.9692369922338505,0
2016-04-21,23.978036880493164,24.195257727785446,23.876213475428827,24.195257727785446,126210000.0,-0.0108282987177446,0.002057728680060489,-0.005303228452766873,-0.02157471517508469,24.316998291015626,24.63095121383667,23.44607807159424,0.9734921186082036,1.0226886052018829,0.012274146542747857,0.013090114127309942,37.54639714757098,0.030756917447976262,127500100.0,0.9898815765634693,0
2016-04-22,23.912425994873047,24.0934442927117,23.672578217607494,23.76082416306627,134732400.0,-0.0027362909627307586,-0.0108282987177446,0.002057728680060489,-0.005303228452766873,24.12828826904297,24.631064319610594,23.49771327972412,0.9708239028808273,1.0176490669629021,0.01221481267312016,0.013067085721354402,32.22233669611097,0.06752555265034466,129010120.0,1.0443552800353957,0
2016-04-25,23.776660919189453,23.905635883328365,23.647685955050544,23.758558745828626,112126400.0,-0.005677595226544652,-0.0027362909627307586,-0.0108282987177446,0.002057728680060489,24.019677352905273,24.629819869995117,23.549212875366212,0.9653607312067674,1.0096584138513252,0.012052053003737288,0.013090688781896715,33.79035612766057,-0.16778443789318676,130734160.0,0.8576671927214738,0
2016-04-26,23.611478805541992,23.826438204469056,23.511920316512022,23.511920316512022,224064800.0,-0.0069472376381557455,-0.005677595226544652,-0.0027362909627307586,-0.0108282987177446,23.903824615478516,24.59214515686035,23.596096420288085,0.9601227812757609,1.000651903814085,0.010550656763420424,0.011918103288486425,26.67591110349663,0.998323320823642,135699380.0,1.6511851417449366,0
2016-04-27,22.133928298950195,22.335310252927346,21.649706328003063,21.72211330329464,458408400.0,-0.06257763517315107,-0.0069472376381557455,-0.005677595226544652,-0.0027362909627307586,23.48250617980957,24.459323787689208,23.601436576843263,0.9049280548831271,0.9378212307918187,0.019002929532945315,0.01739517713066917,20.678249345309837,1.0458742292408267,149499580.0,3.0662855373908076,0
2016-04-28,21.457374572753903,22.147503149777744,21.326136396000567,22.086410468223406,328970800.0,-0.03056636477079311,-0.06257763517315107,-0.0069472376381557455,-0.005677595226544652,22.978373718261718,24.29912347793579,23.5865478515625,0.883051382171778,0.9097293384259474,0.019029812598824067,0.018274425769179016,17.304940738715416,-0.2823630631550381,160770440.0,2.0462144657935872,0
2016-04-29,21.210739135742188,21.43248647977647,20.93242551178816,21.267307141980485,274126000.0,-0.011494203830737404,-0.03056636477079311,-0.06257763517315107,-0.0069472376381557455,22.438036346435545,24.115277576446534,23.575143775939942,0.8795560850793931,0.8997077318946919,0.01904036678474838,0.01790584722121879,15.08219306325907,-0.16671631646334573,169301940.0,1.6191545117557424,0
2016-05-02,21.18811798095703,21.287678251153437,20.907541077871446,21.262788183604336,192640400.0,-0.0010664953559792467,-0.011494203830737404,-0.03056636477079311,-0.06257763517315107,21.920327758789064,23.91751651763916,23.564282875061036,0.885882861848587,0.8991624355087509,0.019421758999581425,0.01747766980287594,9.14392874962941,-0.29725600636203786,171462720.0,1.1235118631035363,1
2016-05-03,21.536571502685547,21.663283284817446,21.19716346370205,21.314824157636163,227325200.0,0.01644570424054126,-0.0010664953559792467,-0.011494203830737404,-0.03056636477079311,21.505346298217773,23.751998901367188,23.556589622497558,0.9067266966506082,0.914248278202257,0.02154505965173768,0.018307757974139933,8.8780041308532,0.18004946003019096,177513240.0,1.2806098294414545,0
2016-05-04,21.312562942504883,21.69948790454765,21.228841670384366,21.541096448615743,164102000.0,-0.010401310169203648,0.01644570424054126,-0.0010664953559792467,-0.011494203830737404,21.34107322692871,23.562269687652588,23.554326972961427,0.9045207963846273,0.9048258083098737,0.02103855930934025,0.01785088654983881,8.212666799880992,-0.27811786814660233,180437520.0,0.9094671662523405,0
2016-05-05,21.226051330566406,21.41500094311543,21.09856809165568,21.399065538251588,143562000.0,-0.004059183880036343,-0.010401310169203648,0.01644570424054126,-0.0010664953559792467,21.29480857849121,23.395593929290772,23.543953247070313,0.9072670433039041,0.9015500119211146,0.021209562521252074,0.017567382206210996,8.99676046299777,-0.12516605525831492,181255240.0,0.7920433086513803,0
2016-05-06,21.1076774597168,21.273860744455853,20.90962162362799,21.25565009103631,174799600.0,-0.00557682015397476,-0.004059183880036343,-0.010401310169203648,0.01644570424054126,21.274196243286134,23.221642017364502,23.528225135803222,0.9089657589214863,0.8971215354275474,0.021091773709564995,0.017466027838983964,9.934673861788696,0.21758961285019707,185278880.0,0.9434405043899229,1
2016-05-09,21.123611450195312,21.346707136876383,21.07808047762743,21.171417668769827,131745600.0,0.0007548907504826285,-0.00557682015397476,-0.004059183880036343,-0.010401310169203648,21.26129493713379,23.044413757324218,23.512136993408202,0.9166478120313034,0.898413081555176,0.0214082397325924,0.017392258698023046,10.631999310595916,-0.24630491145288658,185984660.0,0.7083680987453481,1
2016-05-10,21.26702690124512,21.30117469131813,20.96880645738688,21.24653926929856,134747200.0,0.006789343355796396,0.0007548907504826285,-0.00557682015397476,-0.004059183880036343,21.207386016845703,22.85829105377197,23.499912796020507,0.9303856903045135,0.9049832263567589,0.02216368430575876,0.017056105673748455,12.729764272124896,0.022783303579019032,187275560.0,0.7195129999878255,0
2016-05-11,21.05986595153809,21.30117398285851,21.04848277628276,21.280686351593356,114876400.0,-0.009740945486597541,0.006789343355796396,0.0007548907504826285,-0.00557682015397476,21.156846618652345,22.643708801269533,23.466167602539063,0.9300537352943417,0.8974565556780303,0.012454640802458535,0.01622313405980692,12.908789235232973,-0.1474672572046024,186367920.0,0.6163957831369261,0
2016-05-12,20.565868377685547,21.121334074889095,20.367814295389742,21.107675651787034,305258800.0,-0.02345682422619899,-0.009740945486597541,0.006789343355796396,0.0007548907504826285,21.02481002807617,22.403747653961183,23.4215470123291,0.9179655428786851,0.8780747218302735,0.010936591341181969,0.01635946408592718,11.641080353121737,1.6572803465289652,196536080.0,1.5531947111186912,1
2016-05-13,20.60684585571289,20.86864330441437,20.488468800183266,20.488468800183266,177571200.0,0.001992499284484639,-0.02345682422619899,-0.009740945486597541,0.006789343355796396,20.92464370727539,22.19129114151001,23.374351844787597,0.9286005813860317,0.8816007388161289,0.01076470617043011,0.016409817477954225,12.85990379621461,-0.41829293700951453,196026840.0,0.9058514640138055,1
2016-05-16,21.37174797058105,21.487849775426163,20.864090236678617,21.032550487061453,245039200.0,0.037118835178558074,0.001992499284484639,-0.02345682422619899,-0.009740945486597541,20.97427101135254,22.043892765045165,23.335621147155763,0.9695087976688977,0.9158422583144278,0.016633446269113943,0.01910665434989466,26.99109634134865,0.3799490007388586,196114500.0,1.249470079978788,0
2016-05-17,21.282962799072266,21.55841863488551,21.17369195249664,21.52427258084862,187667600.0,-0.004154324280400523,0.037118835178558074,0.001992499284484639,-0.02345682422619899,20.977458190917968,21.89850378036499,23.300273780822753,0.9718911854679021,0.9134211468617665,0.015758784754196207,0.019111420482858882,37.767616210812704,-0.2341323347448082,199020900.0,0.9429542324449341,1
2016-05-18,21.52654457092285,21.674517151075783,21.3740197631964,21.435486124824305,168249600.0,0.011444918367343293,-0.004154324280400523,0.037118835178558074,0.001992499284484639,21.070793914794923,21.762804985046387,23.273599395751955,0.9891438436228293,0.9249340510197153,0.01583605446142673,0.019437545676318266,51.135662592498704,-0.10347017812344805,201311180.0,0.8357687834326936,0
2016-05-19,21.44459342956543,21.544759817778345,21.30117479475683,21.544759817778345,121768400.0,-0.003806980776102753,0.011444918367343293,-0.004154324280400523,0.037118835178558074,21.2465389251709,21.6361328125,23.24487880706787,0.9911472450000902,0.9225513115192047,0.015827103478139256,0.01940412638449388,54.05901994500442,-0.27626336110160143,201089100.0,0.6055445073850348,1
2016-05-20,21.676801681518555,21.724607903415812,21.517445871698555,21.544764457138047,128104000.0,0.010828288851258083,-0.003806980776102753,0.011444918367343293,-0.004154324280400523,21.460530090332032,21.524351596832275,23.22057601928711,1.007082679540912,0.9335169663109869,0.015903967089596648,0.01973583330708431,57.90683421111269,0.052029919092309695,200757680.0,0.6381026120644551,1
2016-05-23,21.95224571228028,22.125259852937635,21.779231571622912,21.82476252275811,152074400.0,0.012706857534087623,0.010828288851258083,-0.003806980776102753,0.011444918367343293,21.576629638671875,21.433130836486818,23.196849479675294,1.024220207479429,0.9463459997666702,0.016181795090630946,0.020112815000542208,56.888291298677856,0.18711671766689575,202755080.0,0.7500399003566273,1
2016-05-24,22.28690528869629,22.33015754931581,22.045595433108833,22.13210342800652,140560800.0,0.01524489024049136,0.012706857534087623,0.010828288851258083,-0.003806980776102753,21.77741813659668,21.366902160644532,23.178639488220213,1.0430573941479595,0.9615277592122213,0.01656181221377228,0.020537055504871813,65.57500905530875,-0.07571031021657815,198579880.0,0.7078300178245651,1
2016-05-25,22.678455352783203,22.705772195110654,22.334703946589983,22.462187175661384,152675200.0,0.01756861524805342,0.01524489024049136,0.012706857534087623,0.010828288851258083,22.00780029296875,21.39412851333618,23.158938026428224,1.0600317436929683,0.9792528192313176,0.016140672959066453,0.015414534305791929,71.15392949412455,0.08618619131365213,183293220.0,0.8329560689697088,1
2016-05-26,22.858293533325195,22.931141324263248,22.45535283280195,22.69210858755771,225324800.0,0.007929913115529708,0.01756861524805342,0.01524489024049136,0.012706857534087623,22.290540313720705,21.464174461364745,23.136543159484862,1.0649509756114706,0.9879735868819454,0.011948888301162098,0.013507779870943063,75.04883806612719,0.47584414495608973,178110920.0,1.2650813324640622,0
2016-05-27,22.84463691711425,22.871955494258334,22.594222705527034,22.637476685131336,145364800.0,-0.0005974468825082901,0.007929913115529708,0.01756861524805342,0.01524489024049136,22.524107360839842,21.54586935043335,23.11464427947998,1.0602791906679216,0.9883187749246296,0.012184046130145712,0.013095083092769497,74.64149772705038,-0.3548655096997756,171672860.0,0.8467546937821155,0
2016-05-31,22.733089447021484,22.856020440804034,22.49633365197679,22.67390006405315,169228800.0,-0.004882873406895749,-0.0005974468825082901,0.007929913115529708,0.01756861524805342,22.680276107788085,21.623117923736572,23.08997142791748,1.0513326305299593,0.9845438535075666,0.008703106668085926,0.013197109975934715,71.18428066121585,0.16416629060130106,170502280.0,0.9925310089694989,0
2016-06-01,22.41438102722168,22.660243029826294,22.38478720234156,22.54186425664834,116693200.0,-0.014019582360001781,-0.004882873406895749,-0.0005974468825082901,0.007929913115529708,22.705771255493165,21.66700839996338,23.058969688415527,1.0344935772148205,0.972046077083935,0.010403737892913536,0.013394013651986445,68.96119735819069,-0.31044124877089474,164970680.0,0.7073572103842938,0
2016-06-02,22.24592971801757,22.27324657137526,21.997790633432217,22.218611127830464,160766400.0,-0.007515322818842485,-0.014019582360001781,-0.004882873406895749,-0.0005974468825082901,22.61926612854004,21.713676738739014,23.020933303833008,1.0245123378082244,0.9663348320597237,0.010865086698655543,0.013267370378155306,75.87686312850464,0.3776843894931323,164803900.0,0.9755011865617258,1
2016-06-03,22.291454315185547,22.371131348908463,22.184458696973742,22.261860484611056,114019600.0,0.0020464236714325956,-0.007515322818842485,-0.014019582360001781,-0.004882873406895749,22.50589828491211,21.766946887969972,22.98647747039795,1.024096508799103,0.9697638250094014,0.01059115340355709,0.013185067798042224,75.91060574057119,-0.2907746892385473,163326780.0,0.6981071934437206,1
2016-06-06,22.45308494567871,23.19522331053951,22.207224637192535,22.307389304787257,93170000.0,0.007250788943952147,0.0020464236714325956,-0.007515322818842485,-0.014019582360001781,22.427587890625,21.834217262268066,22.957335891723634,1.0283439372237133,0.9780353021612272,0.010390814099746648,0.01308135837440908,70.42156314658028,-0.18285978901873012,159245300.0,0.5850722124922996,1
2016-06-07,22.54413795471192,22.735364507821203,22.52820255335518,22.59422114092693,89638000.0,0.004055256070758073,0.007250788943952147,0.0020464236714325956,-0.007515322818842485,22.389797592163085,21.905243587493896,22.932187652587892,1.029166275401876,0.9830783829369119,0.009894135590701467,0.013070032929106865,73.7975081716106,-0.03790919823977679,157139920.0,0.5704342982992482,0
2016-06-08,22.52365493774414,22.664796596709508,22.46446554765898,22.541865588145942,83392400.0,-0.0009085739720422481,0.004055256070758073,0.007250788943952147,0.0020464236714325956,22.41165237426758,21.968074989318847,22.895361289978027,1.02529033375457,0.983764992937823,0.008887319054040069,0.013076456872777708,70.544520798275,-0.0696758071353667,154572180.0,0.5395045861422152,1
2016-06-09,22.685285568237305,22.76268560736526,22.414381957631843,22.423488151087273,106405600.0,0.007176039188129701,-0.0009085739720422481,0.004055256070758073,0.007250788943952147,22.499523544311522,22.04934597015381,22.853259887695312,1.028841653577585,0.9926498748850947,0.0071926740441586035,0.012755172778950106,74.75062173342599,0.27596279756908304,154148640.0,0.6902792006468562,0
2016-06-10,22.49862098693848,22.616998070517113,22.41894393675772,22.430325380023866,126851600.0,-0.00822844309088977,0.007176039188129701,-0.0009085739720422481,0.004055256070758073,22.540956878662108,22.145983600616454,22.810004692077637,1.0159233110925003,0.9863488101233356,0.007039991054184275,0.011427840962837426,66.6979282121237,0.1921515408963439,145228280.0,0.8734634879652916,0
2016-06-13,22.159408569335938,22.564626267611885,22.104773158208776,22.46673688189367,152082000.0,-0.015077031512263472,-0.00822844309088977,0.007176039188129701,-0.0009085739720422481,22.482221603393555,22.223611736297606,22.75543972015381,0.9971110381281182,0.9738070914845919,0.008211119345042544,0.012238534707327222,54.102867659446666,0.1988969788319579,143953820.0,1.0564638020720811,1
2016-06-14,22.18673324584961,22.41893684645813,22.025102213221146,22.15486243585689,127727600.0,0.0012330959298021416,-0.015077031512263472,-0.00822844309088977,0.007176039188129701,22.410740661621094,22.264361000061037,22.696307601928712,0.9965133625792713,0.9775481384454007,0.00828359884481498,0.00937908505129892,47.74110079131798,-0.16013992451440673,138088240.0,0.9249708736964133,0
2016-06-15,22.1138858795166,22.403001894795192,22.0888442801829,22.268687704111798,117780800.0,-0.003283375047862691,0.0012330959298021416,-0.015077031512263472,-0.00822844309088977,22.328786849975586,22.30590715408325,22.641646842956543,0.9913914608699742,0.9766906989098224,0.00724011946029317,0.009351404195711363,35.13174114098992,-0.07787510295347289,134593900.0,0.8750827489210135,1
2016-06-16,22.20722007751465,22.252749304634087,21.870297891613266,21.956804117871677,125307200.0,0.004220614979500326,-0.003283375047862691,0.0012330959298021416,-0.015077031512263472,22.233173751831053,22.33994092941284,22.5836483001709,0.9940590329975559,0.9833318240855973,0.007074501752992553,0.009101875657418315,32.03508040663323,0.06390175648322982,132446780.0,0.946094725745692,0
2016-06-17,21.701839447021484,22.00233688641061,21.695010236076318,21.995507675465443,244032800.0,-0.022757491875575853,0.004220614979500326,-0.003283375047862691,0.0012330959298021416,22.073817443847656,22.352803230285645,22.526493759155272,0.9708777562904426,0.963391803404885,0.009972811577709384,0.010563151016702204,25.197478828100884,0.9474762822886473,138560000.0,1.7612066974595844,0
2016-06-20,21.64948272705078,21.9841280114565,21.63354732002332,21.85436777228174,137647600.0,-0.002412547567615886,-0.022757491875575853,0.004220614979500326,-0.003283375047862691,21.971832275390625,22.351437282562255,22.467749099731446,0.9685946569503558,0.9635804027787347,0.009358033219803493,0.010303362468873464,25.861942968241777,-0.43594631541333784,139037180.0,0.9900056948795999,1
2016-06-21,21.833881378173828,21.934046055117438,21.553871510958555,21.613060913354236,142185600.0,0.008517462215974492,-0.002412547567615886,-0.022757491875575853,0.004220614979500326,21.90126190185547,22.345519065856934,22.411063194274902,0.9771033429039978,0.974245674509163,0.009856629084459436,0.010071133453411879,36.245990377810756,0.03296824644962926,138542740.0,1.026294124109282,0
2016-06-22,21.751924514770508,22.056974208762426,21.70639354317016,21.911278573299274,116876400.0,-0.0037536552472638984,0.008517462215974492,-0.002412547567615886,-0.022757491875575853,21.82886962890625,22.318770027160646,22.34631206512451,0.9746022961077012,0.9734010896911418,0.009825690077221274,0.009409760585369121,37.795096003687206,-0.1780011477955573,137358520.0,0.8508856967882298,1
2016-06-23,21.87713050842285,21.920384496701352,21.683628657792593,21.840707468421712,128960800.0,0.005756088090840938,-0.0037536552472638984,0.008517462215974492,-0.002412547567615886,21.76285171508789,22.27870378494263,22.27682445526123,0.9819750161231918,0.9820578580380211,0.009664215992953543,0.00849811573466453,40.15146500500084,0.10339469730416062,136172800.0,0.9470378812802557,0
2016-06-24,21.262475967407227,21.54931498992115,21.091738743477556,21.150928134085255,301245600.0,-0.028095756926575843,0.005756088090840938,-0.0037536552472638984,0.008517462215974492,21.67497901916504,22.19891290664673,22.194772148132323,0.9578160902212866,0.9579947847852294,0.012385365075087314,0.01001773209349521,26.714112198062722,1.3359470474748916,139968840.0,2.1522333113570133,0
2016-06-27,20.952869415283203,21.18279599784611,20.829938422729626,21.171412823102244,181958400.0,-0.014561171173038012,-0.028095756926575843,0.005756088090840938,-0.0037536552472638984,21.535656356811522,22.104324531555175,22.116710014343262,0.9479081518809496,0.9473773179507586,0.012342345452492326,0.01028319361789316,21.329082037680138,-0.39597989149053137,141798520.0,1.2832179066466984,1
2016-06-28,21.305736541748047,21.321673689564705,20.97564514123071,21.14865941539771,161779600.0,0.016840992967171342,-0.014561171173038012,-0.028095756926575843,0.005756088090840938,21.430027389526366,22.032956886291505,22.056430435180665,0.9669939741498826,0.9659648511286196,0.014145486113979944,0.01131020028676141,30.403193235428077,-0.11089787555836939,141426060.0,1.143916474799623,1
2016-06-29,21.490129470825195,21.524277269128728,21.314838250054,21.392240041997287,146124000.0,0.008654614155949814,0.016840992967171342,-0.014561171173038012,-0.028095756926575843,21.377668380737305,21.98674430847168,22.002418174743653,0.9774129889046314,0.9767167090521665,0.01470110428394664,0.011302439265389522,30.909289220584867,-0.09677116274239772,142897600.0,1.0225784057954788,1
2016-06-30,21.763303756713867,21.802003776043296,21.467360286935588,21.499231095422036,143345600.0,0.01271161657073927,0.008654614155949814,0.016840992967171342,-0.014561171173038012,21.35490303039551,21.962613010406493,21.952873840332032,0.9909250664482324,0.9913646803148896,0.015378624738536182,0.011685386848670511,38.57036295630432,-0.019013988119679137,142026560.0,1.0092872769712933,1
2016-07-01,21.829320907592773,21.961358097890752,21.7018376821071,21.738260716462143,104106000.0,0.003033415864470479,0.01271161657073927,0.008654614155949814,0.016840992967171342,21.468272018432618,21.939506340026856,21.909899520874024,0.9949777615445677,0.9963222737190336,0.01354753138795254,0.01170113983256151,44.39297301605507,-0.2737412240068757,141530880.0,0.7355709227555146,0
2016-07-05,21.62443733215332,21.71777451182094,21.503783309132288,21.715497529265225,110820800.0,-0.00938570541460082,0.003033415864470479,0.01271161657073927,0.008654614155949814,21.60258560180664,21.898073959350587,21.864139747619628,0.9875040778606732,0.9890367323739593,0.013898683429819574,0.01167643028430429,40.991955842998685,0.06449964459301105,142413420.0,0.778162619786815,1
2016-07-06,21.74736976623535,21.776965330917307,21.483297087776542,21.535655532195683,123796400.0,0.005684884753012431,-0.00938570541460082,0.003033415864470479,0.01271161657073927,21.6909122467041,21.858235549926757,21.823553924560546,0.9949279628065963,0.996509085615086,0.013733046918097347,0.011725122070738888,44.221106434372146,0.11708632314511358,144121340.0,0.8589734178158488,1
2016-07-07,21.8407039642334,21.96818718902703,21.767856159090083,21.786066807754406,100558400.0,0.004291746496303039,0.005684884753012431,-0.00938570541460082,0.003033415864470479,21.761027145385743,21.82408800125122,21.788138427734374,1.0007613588701267,1.0024125758459526,0.013744644511655312,0.011801748199260248,44.221106434372146,-0.18771143587374106,144979640.0,0.6936035984087144,1
2016-07-08,22.009164810180664,22.05697102082978,21.86574617823332,21.965910827619155,115648400.0,0.007713160080514703,0.004291746496303039,0.005684884753012431,-0.00938570541460082,21.810199356079103,21.790281963348388,21.785643157958983,1.0100449754253038,1.0102600437637308,0.013841501978145973,0.011823054685633844,55.421650260875296,0.1500620534932935,145441780.0,0.7951525345743156,1
2016-07-11,22.077465057373047,22.229989914574308,22.02055264168639,22.02510487073652,95179600.0,0.003103263925798183,0.007713160080514703,0.004291746496303039,0.005684884753012431,21.859828186035156,21.769224166870117,21.798044967651368,1.0141594798298799,1.0128185848839353,0.009452964766093655,0.011752169332092225,57.507973537091836,-0.1769916401783337,143858180.0,0.6616210492861789,1
2016-07-12,22.17762565612793,22.241367272101378,22.109331811940137,22.120713250890383,96670000.0,0.004536779856500361,0.003103263925798183,0.007713160080514703,0.004291746496303039,21.970465850830077,21.770135021209718,21.81738269805908,1.0187178735695122,1.0165117403427542,0.00691883371781371,0.011315196571732808,56.21386157184794,0.01565881764579813,141087580.0,0.6851772494786571,0
2016-07-13,22.05242156982422,22.234540242351116,22.045590621589493,22.17535258561507,103568800.0,-0.005645513556998605,0.004536779856500361,0.003103263925798183,0.007713160080514703,22.03147621154785,21.763419437408448,21.834668769836426,1.0132792612506016,1.009972800699803,0.006546398154367823,0.011383353709137305,55.348455724942575,0.07136443570911344,139879640.0,0.740413687081265,1
2016-07-14,22.48950958251953,22.53503881870016,22.154864312421935,22.17079971876806,155676000.0,0.019820408897561093,-0.005645513556998605,0.004536779856500361,0.003103263925798183,22.16123733520508,21.782200622558594,21.853727531433105,1.0324718779437012,1.029092613613488,0.008257589026035109,0.012201322981771939,59.81038205315144,0.503116768756614,141774400.0,1.098054373709217,0
2016-07-15,22.487228393554688,22.605607164408692,22.423486780092702,22.51909920028568,120548000.0,-0.00010143346863444869,0.019820408897561093,-0.005645513556998605,0.004536779856500361,22.256850051879884,21.796201038360596,21.8772208404541,1.0317040274118368,1.0278832287496316,0.007840275995459436,0.012177921845537804,74.41006992411519,-0.22564814101081732,141536440.0,0.8517099907274762,1
2016-07-18,22.726261138916016,22.79455498028692,22.446251352492066,22.469015966282367,145975600.0,0.010629711282242216,-0.00010143346863444869,0.019820408897561093,-0.005645513556998605,22.386609268188476,21.847422122955322,21.907225036621092,1.04022621117561,1.0373865745627657,0.008172005640054766,0.01102749403940029,86.36787500723628,0.2109334041211799,136633580.0,1.068372796789779,1
2016-07-19,22.735366821289062,22.764960644869074,22.61471107093518,22.664794262246478,95119600.0,0.00040066785809544925,0.010629711282242216,-0.00010143346863444869,0.019820408897561093,22.498157501220703,21.901716327667238,21.93977882385254,1.0380632495257334,1.0362623526802182,0.006863501765800842,0.01098116571786503,84.13035083948665,-0.34838699070255574,134507180.0,0.7071711710854395,1
2016-07-20,22.755859375,22.869684202848237,22.70577617285413,22.764965569647345,105104000.0,0.0009013513558862041,0.00040066785809544925,0.010629711282242216,-0.00010143346863444869,22.63884506225586,21.947815227508546,21.97242378234863,1.036816609722442,1.0356554015347517,0.006979537103833699,0.01089349159040276,82.78298740960814,0.10496679969217704,132653100.0,0.792322229936579,0
2016-07-21,22.635204315185547,22.99261418904708,22.56690872682313,22.726264520725785,130808000.0,-0.005302153516865471,0.0009013513558862041,0.00040066785809544925,0.010629711282242216,22.667984008789062,21.9919792175293,21.99978733062744,1.0292481677657983,1.02888286941181,0.007648583578518097,0.01094287714268158,74.51985019690889,0.24455777135028156,133349680.0,0.9809397367882697,0
2016-07-22,22.45991516113281,22.6056107972683,22.380236394671762,22.59650460290621,113254800.0,-0.00774409418231492,-0.005302153516865471,0.0009013513558862041,0.00040066785809544925,22.662521362304688,22.021118450164796,22.027788314819336,1.0199261773175163,1.0196173505999582,0.008263433940757448,0.01111718322800686,66.70695853340288,-0.13419056938413554,132564380.0,0.8543380959500584,0
2016-07-25,22.159408569335938,22.50088292833039,22.063796165656306,22.366570514136875,161531600.0,-0.013379685080774584,-0.00774409418231492,-0.005302153516865471,0.0009013513558862041,22.54915084838867,22.06596508026123,22.059659118652345,1.00423473384168,1.0045218038115218,0.009572428257805077,0.009421727467960727,63.49000222204907,0.4262671427612781,125578680.0,1.2862979607685,0
2016-07-26,22.006881713867188,22.302826825376364,21.949969326025286,22.041029493937977,224959200.0,-0.006883164547984211,-0.013379685080774584,-0.00774409418231492,-0.005302153516865471,22.403453826904297,22.11866569519043,22.08765983581543,0.9949461697706499,0.9963428392800011,0.00970588311163547,0.008845484420485418,56.44770101706289,0.3926637264782866,127728720.0,1.761226449305998,1
2016-07-27,23.43652534484864,23.75523512840097,23.39099612012484,23.737022743780013,369379200.0,0.06496348049531209,-0.006883164547984211,-0.013379685080774584,-0.00774409418231492,22.539587020874023,22.22520513534546,22.12895538330078,1.0545020935521887,1.0590886437655613,0.022707807638680976,0.0163311395075394,73.8271398205169,0.6419830795984338,138108700.0,2.674554173632798,1
2016-07-28,23.752965927124023,23.77800752997383,23.40693919011725,23.40921617314791,159479200.0,0.013502026329382355,0.06496348049531209,-0.006883164547984211,-0.013379685080774584,22.76313934326172,22.3383469581604,22.178355445861815,1.0633269315591345,1.0709976213117285,0.022376231969517497,0.01642548960927656,74.934762165547,-0.5682507298732576,138776460.0,1.1491804878147203,0
2016-07-29,23.723373413085938,23.80077520896637,23.602719358194836,23.718821183600856,110934800.0,-0.0012458450085297557,0.013502026329382355,0.06496348049531209,-0.006883164547984211,23.015830993652344,22.436350440979005,22.222292022705076,1.0573632942439801,1.0675484503959882,0.022412089834025303,0.016383427803297067,73.79842669434825,-0.3043933001921254,137155920.0,0.8088225429861139,1
2016-08-01,24.14224433898925,24.165008954984405,23.76889907881645,23.76889907881645,152671600.0,0.01765646557130296,-0.0012458450085297557,0.013502026329382355,0.06496348049531209,23.41239814758301,22.551996612548827,22.276245040893556,1.0705147199940401,1.0837663302172422,0.022696207236599597,0.01664139700719678,76.0095227802316,0.3762281989060241,139584200.0,1.0937598954609475,0
2016-08-02,23.784835815429688,24.146797919457065,23.675563220974293,24.1422456907347,135266400.0,-0.014804279110967156,0.01765646557130296,-0.0012458450085297557,0.013502026329382355,23.76798896789551,22.660016536712646,22.31840572357178,1.0496389434180096,1.0657049661172315,0.02362468488304744,0.016932503868329955,71.60691890328273,-0.11400417628425985,140806480.0,0.9606546516893256,1
2016-08-03,24.08305931091309,24.09444075255813,23.850855669940664,23.859961865354208,120810400.0,0.01253838781136074,-0.014804279110967156,0.01765646557130296,-0.0012458450085297557,23.8972957611084,22.776801013946532,22.361021995544434,1.0573503845499075,1.0770106713240468,0.023699635524805168,0.017018252499140834,70.58812802761526,-0.1068705901835193,140657180.0,0.8588996310035506,1
2016-08-04,24.231830596923828,24.261584742018446,24.09678879267462,24.16545435364713,109634800.0,0.0061774247237487145,0.01253838781136074,-0.014804279110967156,0.01765646557130296,23.99306869506836,22.896357345581055,22.399920501708984,1.058326887163146,1.0817819909260429,0.02337085976712118,0.017017901888169103,71.71761876767123,-0.09250528100229782,141111000.0,0.7769401393229444,1
2016-08-05,24.60033416748047,24.639243840287477,24.302785707365693,24.32338432959132,162213600.0,0.015207417742653773,0.0061774247237487145,0.01253838781136074,-0.014804279110967156,24.168460845947266,23.025915813446044,22.43835807800293,1.068375927662996,1.0963517955262954,0.022875232244022454,0.017154819576762403,72.60081133028548,0.47958130082783934,143439260.0,1.1308870388762462,1
2016-08-08,24.804033279418945,24.804033279418945,24.52708526060686,24.60948147407652,112148800.0,0.008280339224324473,0.015207417742653773,0.0061774247237487145,0.01253838781136074,24.300818634033202,23.16224422454834,22.477272872924804,1.07088212346585,1.1035161347040843,0.021463328312215615,0.017152370394151854,73.82913754972573,-0.30863503430045325,144287720.0,0.7772581062338499,1
2016-08-09,24.904747009277344,24.93450290293659,24.72164174276166,24.771996258580785,105260800.0,0.004060377146081429,0.008280339224324473,0.015207417742653773,0.0061774247237487145,24.524800872802736,23.298600292205812,22.518475074768066,1.0689374767980737,1.1059695173223827,0.020684515870450233,0.017154804058162644,74.30403711111771,-0.061418401266888245,144717260.0,0.7273548435065728,0
2016-08-10,24.719343185424805,24.92533806121746,24.664411800625842,24.881849769039775,96034000.0,-0.007444517456189126,0.004060377146081429,0.008280339224324473,0.015207417742653773,24.652057647705078,23.43194637298584,22.558200149536134,1.054941949420095,1.095802990556102,0.010493714481280733,0.017223392634047062,73.23147129597076,-0.08765656350702256,144340520.0,0.6653294584223474,0
2016-08-11,24.70332908630371,24.932211964247323,24.685018036971154,24.83836914609631,109938000.0,-0.0006478367568656385,-0.007444517456189126,0.004060377146081429,0.008280339224324473,24.746357345581053,23.54263734817505,22.603979110717773,1.0493016870184528,1.092875239589587,0.010229422141834508,0.01695635046907192,75.92751551094544,0.14478205635504082,142053620.0,0.7739190314192627,1
2016-08-12,24.76055145263672,24.820061493806705,24.66899794612241,24.66899794612241,74641600.0,0.0023163827892627165,-0.0006478367568656385,-0.007444517456189126,0.004060377146081429,24.778400802612303,23.656303501129152,22.654271545410158,1.046678803873769,1.0929749563125237,0.01008835762753458,0.016927874458539348,81.8530601872485,-0.3210573232185414,139758300.0,0.5340763303503262,1
2016-08-15,25.058094024658203,25.07182643622555,24.73765770026603,24.751390111833377,103472800.0,0.012016799084246577,0.0023163827892627165,-0.0006478367568656385,-0.007444517456189126,24.829212951660157,23.77289514541626,22.709604339599608,1.0540615213830928,1.1034139410770554,0.009394629364226683,0.016955149443030178,86.0829713865016,0.3862618164669567,137633160.0,0.7518013827481691,0
2016-08-16,25.035205841064453,25.22975766317112,24.996296175138156,25.092426554334043,135177600.0,-0.0009134048092894753,0.012016799084246577,0.0023163827892627165,-0.0006478367568656385,24.855304718017578,23.88788709640503,22.761246757507323,1.0480293104211835,1.0999048561699334,0.007086489253847745,0.01697655932423277,78.33239023750474,0.30640709442481495,139636060.0,0.9680708550499062,0
2016-08-17,24.99858665466309,25.032919433468297,24.797168616999258,24.97112008237138,101424000.0,-0.0014627076219719815,-0.0009134048092894753,0.012016799084246577,0.0023163827892627165,24.911153411865236,24.000023460388185,22.81033573150635,1.0416067590901743,1.0959324294440025,0.006845577521528969,0.017014513901519035,74.50587783234693,-0.24969817484553658,139452060.0,0.7273037056605689,0
2016-08-18,24.96653938293457,25.085557685558168,24.952805225766053,25.00087215649976,87938800.0,-0.0012819633434173472,-0.0014627076219719815,-0.0009134048092894753,0.012016799084246577,24.963795471191407,24.116590213775634,22.859193420410158,1.035243339196162,1.0921881154670505,0.0069582571217692854,0.016911768393740992,74.43398355465163,-0.13295866855970973,137308600.0,0.6404464104943172,1
2016-08-19,25.030630111694336,25.10616187580563,24.801747248014788,24.895588314079816,101472400.0,0.0025670649735130002,-0.0012819633434173472,-0.0014627076219719815,-0.0009134048092894753,25.01781120300293,24.24512596130371,22.906100311279296,1.0323984355306846,1.0927495196276988,0.005490147757312484,0.016656595914412445,70.29067457551533,0.15389793811150487,136719480.0,0.7421941628215672,0
2016-08-22,24.836076736450195,24.971116769936508,24.685013228240997,24.91618537887745,103280800.0,-0.007772611970852661,0.0025670649735130002,-0.0012819633434173472,-0.0014627076219719815,24.973407745361328,24.378959369659423,22.95284942626953,1.0187504872484292,1.0820476479937742,0.005710713049552607,0.016365663198038463,75.94000532775581,0.017821594837611032,133806940.0,0.771864299415262,1
2016-08-23,24.913894653320312,25.02146985831504,24.840652220635842,24.854384631065013,85030800.0,0.0031332612511987268,-0.007772611970852661,0.0025670649735130002,-0.0012819633434173472,24.9491455078125,24.52431001663208,23.00793914794922,1.0158856512751642,1.082839036261141,0.005647235921241494,0.01610698590069523,73.00352237261099,-0.17670273661706726,126810520.0,0.6705342742857612,0
2016-08-24,24.72621154785156,24.891007462865762,24.64610290756338,24.849808484112213,94700400.0,-0.0075332704131724215,0.0031332612511987268,-0.007772611970852661,0.0025670649735130002,24.894670486450195,24.588794326782228,23.058728713989257,1.0055886115944959,1.072314603920496,0.00566037943644776,0.008652856239545823,63.39931720853663,0.11371879366065007,113076580.0,0.8374890715654825,0
2016-08-25,24.62092399597168,24.69187710883518,24.417218433164564,24.57972501999736,100344800.0,-0.0042581352050685695,-0.0075332704131724215,0.0031332612511987268,-0.007772611970852661,24.825547409057616,24.63219223022461,23.10886947631836,0.9995425403412083,1.0654317824246162,0.005822104982482397,0.008395324332940766,50.65092468086902,0.059602704951615904,110119860.0,0.9112325424314923,0
2016-08-26,24.476730346679688,24.70790074719465,24.33253304649595,24.584305555947743,111065200.0,-0.005856549060286431,-0.0042581352050685695,-0.0075332704131724215,0.0031332612511987268,24.714767456054688,24.669860076904296,23.15425968170166,0.9921714298491131,1.0571156531522858,0.005982511512701588,0.008546166625303777,39.24815195856678,0.10683563074519054,110126380.0,1.0085249328998194,0
2016-08-29,24.449268341064453,24.591176350488606,24.327960698184036,24.403492465114848,99881200.0,-0.0011219638091474193,-0.005856549060286431,-0.0042581352050685695,-0.0075332704131724215,24.637405776977538,24.685211277008058,23.20920825958252,0.9904419316773941,1.0534296589359071,0.0038275517794677267,0.0076764497806211356,34.28111037095742,-0.10069760825172958,107486860.0,0.929241025368124,0
2016-08-30,24.261585235595703,24.37602667538625,24.147143795805157,24.215809358174603,99455600.0,-0.007676430347550389,-0.0011219638091474193,-0.005856549060286431,-0.0042581352050685695,24.506943893432616,24.709048748016357,23.261450309753418,0.98189070259305,1.0429953813078858,0.004112738920235829,0.007061539347568645,34.22726430309268,-0.004261062141824534,105696320.0,0.940956127895465,1
2016-08-31,24.28447151184082,24.3920467372776,24.179185603989712,24.183764239161054,118649600.0,0.0009433133087914936,-0.007676430347550389,-0.0011219638091474193,-0.005856549060286431,24.41859588623047,24.719119358062745,23.31046211242676,0.9824165319190405,1.0417842166627327,0.004287540852743675,0.006521092684692761,35.635661957090534,0.19299064104987562,105588280.0,1.1237004713023073,1
2016-09-01,24.42866516113281,24.444686889348482,24.174605080686185,24.29362338368296,106806000.0,0.005937689408710423,0.0009433133087914936,-0.007676430347550389,-0.0011219638091474193,24.380144119262695,24.728961086273195,23.363996925354005,0.9878565086461688,1.0455687543180359,0.005115503242857663,0.006510196102180527,39.258985824656214,-0.09981997410863586,105446840.0,1.0128895280313759,1
2016-09-02,24.65755653381348,24.719354150845867,24.449272248607475,24.650688579709424,107210000.0,0.009369786321556717,0.005937689408710423,0.0009433133087914936,-0.007676430347550389,24.416309356689453,24.731822204589843,23.419605445861816,0.9969971613833379,1.0528596047791405,0.006160173953613021,0.005916310663573126,36.43438995872135,0.00378255903226421,102696660.0,1.0439482647244809,0
2016-09-06,24.650680541992188,24.788011639486246,24.60719399094068,24.696458156569353,107521600.0,-0.0002788594162549396,0.009369786321556717,0.005937689408710423,0.0009433133087914936,24.456591796875,24.724154567718507,23.487369537353516,0.9970282492157587,1.0495292162363512,0.005752411580793457,0.005596877214634604,36.833897153903486,0.0029064452942821895,102465300.0,1.0493464616801982,1
2016-09-07,24.80175399780273,24.89330751743834,24.506494813752923,24.680446326436766,169457200.0,0.006128571402042704,-0.0002788594162549396,0.009369786321556717,0.005937689408710423,24.564625549316407,24.719004917144776,23.564347229003907,1.003347589473578,1.0525118203688568,0.006046622868431578,0.005699748305744202,43.750310373938326,0.5760293745628786,105675120.0,1.6035676136445363,0
2016-09-08,24.15171813964844,24.552263136701015,24.087631219518045,24.547686247936387,212008000.0,-0.02620926964326309,0.006128571402042704,-0.0002788594162549396,0.009369786321556717,24.53807487487793,24.690623664855956,23.621266860961914,0.9781736770799119,1.0224565126760066,0.01004500196524659,0.008026133841573121,31.419920130199486,0.25110057288802135,111473820.0,1.901863594519323,0
2016-09-09,23.604692459106445,24.197500068374616,23.604692459106445,23.950306121353805,186228000.0,-0.022649555504872132,-0.02620926964326309,0.006128571402042704,-0.0002788594162549396,24.373280334472657,24.635691833496093,23.66355812072754,0.958150175714252,0.9975123917831472,0.011946565766015932,0.009354459607010918,23.35356404038157,-0.12159918493641753,115288320.0,1.6153240848682677,1
2016-09-12,24.13340759277344,24.197494509596165,23.467357679571137,23.4948242494541,181171200.0,0.022398730022979985,-0.022649555504872132,-0.02620926964326309,0.006128571402042704,24.26845054626465,24.60433464050293,23.71096019744873,0.9808599966383865,1.0178165452519365,0.014552893747541292,0.010829676112349989,38.32707547139927,-0.02715381145692375,120614800.0,1.5020644232714393,1
2016-09-13,24.70790100097656,24.90016348778386,24.54539439990324,24.60719374239886,248704800.0,0.023804902229188185,0.022398730022979985,-0.022649555504872132,-0.02620926964326309,24.279894638061524,24.58682498931885,23.768531799316406,1.0049244264645927,1.0395215493153502,0.016582982013937517,0.011860109159502264,47.062688749445115,0.3727612335735482,127876400.0,1.9448842788817953,1
2016-09-14,25.58223342895508,25.870626286950476,24.8566752687782,24.88643115460536,443554800.0,0.0353867545423614,0.023804902229188185,0.022398730022979985,-0.022649555504872132,24.43599052429199,24.61417636871338,23.84768772125244,1.0393292485493109,1.072734335000406,0.019383405231098005,0.014334903666521221,60.207385492658894,0.7834589440975808,143295260.0,3.095390594217841,1
2016-09-15,26.45199012756348,26.48861222068165,25.97591339445229,26.06060067510993,359934400.0,0.03399846620209357,0.0353867545423614,0.023804902229188185,0.022398730022979985,24.896044921875003,24.6868465423584,23.941780128479003,1.071501379577841,1.1048464226809331,0.021251647499487915,0.0160781048702855,68.46719400435518,-0.18852326702360112,156220780.0,2.3040110284944166,0
2016-09-16,26.30321884155273,26.58016690302219,26.101802545821595,26.348996463017336,319547600.0,-0.005624200118528155,0.03399846620209357,0.0353867545423614,0.023804902229188185,25.435750198364257,24.753680515289307,24.031030426025392,1.0625983002934185,1.0945522674328014,0.02173304931036324,0.016167350640340424,68.40403287182595,-0.11220600198258346,167801220.0,1.904322268932252,0
2016-09-19,25.996517181396484,26.5916123030239,25.920985414072987,26.365018747291153,188092000.0,-0.011660232992919184,-0.005624200118528155,0.03399846620209357,0.0353867545423614,25.80837211608887,24.801974868774415,24.11077747344971,1.0481631934127147,1.078211484885683,0.022548455166572973,0.016484981251424467,64.75977994353755,-0.41138033895419646,172132200.0,1.0927182711892371,0
2016-09-20,25.99422645568848,26.1201127277421,25.751611181808023,25.87520813630495,138057200.0,-8.811663854890739e-05,-0.011660232992919184,-0.005624200118528155,0.03399846620209357,26.06563720703125,24.859882354736328,24.189112701416015,1.0456295039841987,1.0746250503916497,0.022543075806104852,0.016333510036318544,67.13435789564224,-0.2660123769219318,173871020.0,0.7940207632071176,0
2016-09-21,25.989652633666992,26.090359916955993,25.735592488260867,26.058316452331603,144012800.0,-0.00017595530412439775,-8.811663854890739e-05,-0.011660232992919184,-0.005624200118528155,26.147121047973634,24.91367025375366,24.265353240966796,1.0431884330551906,1.0710601397629393,0.02261310319388963,0.016342527227947257,66.92409801220796,0.04313864108499965,176820120.0,0.8144593499879991,1
2016-09-22,26.234554290771484,26.307796736816936,26.09264628757944,26.172754940092023,124296000.0,0.009423044646131418,-0.00017595530412439775,-8.811663854890739e-05,-0.011660232992919184,26.103633880615234,24.98908739089966,24.34899589538574,1.0498404315607537,1.0774388563490236,0.019795014529582454,0.016248285287508005,67.57235093106144,-0.13691005243978316,178299900.0,0.6971176091517718,0
2016-09-23,25.7973861694336,26.273462923090836,25.531882967818554,26.188775638778342,209924800.0,-0.016663828799701186,0.009423044646131418,-0.00017595530412439775,-8.811663854890739e-05,26.002467346191406,25.047910499572755,24.415153427124025,1.029921684280756,1.0566137233761548,0.018815321314160534,0.016771910074776835,60.65915649116252,0.6889103430520693,183778900.0,1.1422682364515186,1
2016-09-26,25.8362979888916,25.953028742676437,25.53188509596385,25.552483716270608,119477600.0,0.001508362870658031,-0.016663828799701186,0.009423044646131418,-0.00017595530412439775,25.97042350769043,25.11588888168335,24.48213481903076,1.0286834007986727,1.055312299350962,0.018325590480987034,0.016659964153692614,61.02130662425557,-0.43085523959055816,184199520.0,0.6486314405162402,1
2016-09-27,25.88435745239257,25.90495781437669,25.71269533622015,25.86375883664581,98429600.0,0.0018601528563275682,0.001508362870658031,-0.016663828799701186,0.009423044646131418,25.94844970703125,25.187643337249757,24.54529674530029,1.0276609488952249,1.0545546758300517,0.017377836951784312,0.01663598912453962,60.260209124636745,-0.1761669132958814,184126940.0,0.534574679837725,1
2016-09-28,26.081205368041992,26.239135125485873,25.96218703015939,26.021697072219652,118564400.0,0.00760489867331926,0.0018601528563275682,0.001508362870658031,-0.016663828799701186,25.96676025390625,25.27862434387207,24.61221351623535,1.0317493947950724,1.0596854830158866,0.013795491056808917,0.016470575102045377,70.00484495165922,0.20456041678519465,185082380.0,0.64060338969058,0
2016-09-29,25.67607879638672,26.046869650892393,25.58910393995395,25.9003847630911,143548000.0,-0.015533276393417284,0.00760489867331926,0.0018601528563275682,0.001508362870658031,25.855065155029298,25.348204708099367,24.670617904663086,1.0129348051297136,1.0407553996259489,0.0091458768173646,0.0170212476233074,72.12711933819317,0.21071755096808142,186327300.0,0.7704077717006579,1
2016-09-30,25.875205993652344,25.94844843326282,25.58910244107431,25.74016420879201,145516400.0,0.007755358551619906,-0.015533276393417284,0.00760489867331926,0.0018601528563275682,25.870629119873048,25.420531749725342,24.735417938232423,1.0178861027929487,1.0460791913144998,0.00967225127865989,0.01704300828058743,70.01578109862749,0.01371248641569367,188262820.0,0.7729428466013629,0
2016-10-03,25.753894805908203,25.875204170493372,25.69896341663017,25.797383101631894,86807200.0,-0.00468831775769829,0.007755358551619906,-0.015533276393417284,0.00760489867331926,25.85414848327637,25.475348663330077,24.80129753112793,1.010933948196716,1.0384091708744139,0.009100660916256253,0.017057137918283033,63.41746867800743,-0.40345418110948317,187242680.0,0.4636079765574814,1
2016-10-04,25.8637638092041,26.163599804302354,25.77907652029831,25.877496222342135,118947200.0,0.004266112140471012,-0.00468831775769829,0.007755358551619906,-0.015533276393417284,25.850029754638673,25.536002826690673,24.875384635925293,1.0128352500874118,1.0397332217268063,0.009246800458813187,0.01705103808587399,54.49238592584788,0.37024578606382885,187813960.0,0.6333245941888451,1
2016-10-05,25.875205993652344,26.014824667009425,25.79280803081087,25.95531463912669,85812400.0,0.0004424021396363109,0.004266112140471012,-0.00468831775769829,0.007755358551619906,25.808829879760744,25.589675426483154,24.952751121520997,1.0111580378574747,1.0369680628656517,0.009251009875853306,0.01703548891051519,37.323997387678865,-0.27856729708643835,183631720.0,0.46730706437863784,1
2016-10-06,26.06746864318848,26.170465231130333,25.89351718159294,26.023980341230185,115117200.0,0.007430381407719011,0.0004424021396363109,0.004266112140471012,-0.00468831775769829,25.887107849121094,25.685462951660156,25.005369987487793,1.0148724471989177,1.0424748226573788,0.00903478616907936,0.015683965247636215,44.91609569179626,0.34149843146211967,178787180.0,0.6438783809890619,1
2016-10-07,26.10638236999512,26.220823817166742,25.98049782584907,26.163603093580928,97433600.0,0.0014928080412905942,0.007430381407719011,0.0004424021396363109,0.004266112140471012,25.933343124389648,25.81054744720459,25.052438316345214,1.0114617841173519,1.0420695199541623,0.0070559480460623564,0.01440686899338948,52.67858554537577,-0.15361388220005356,174347460.0,0.5588472582279088,1
2016-10-10,26.56185913085937,26.72207644962108,26.257444478974328,26.326108295770283,144944000.0,0.017446950496968983,0.0014928080412905942,0.007430381407719011,0.0004424021396363109,26.094935989379884,25.931970024108885,25.109208030700685,1.0242900599593814,1.057853322111257,0.008731166158733915,0.014134763840543524,61.334554121569404,0.4876182343667892,172536100.0,0.8400792645712984,1
2016-10-11,26.619070053100582,27.166099799536674,26.596180376356248,26.939504572675325,256164000.0,0.00215387492115493,0.017446950496968983,0.0014928080412905942,0.007430381407719011,26.24599723815918,26.027528476715087,25.15874454498291,1.0227275354598,1.0580444507279234,0.008728117712204235,0.01342173823052584,62.30951723726324,0.7673308312175737,172909060.0,1.4814955329697588,1
2016-10-12,26.85711097717285,27.003597597873863,26.722070942935716,26.85940029446563,150347200.0,0.008942495872223066,0.00215387492115493,0.017446950496968983,0.0014928080412905942,26.44237823486328,26.091272354125977,25.220190048217773,1.0293522911666577,1.064905178185632,0.00881907865999473,0.011279611134646159,62.208102404749276,-0.41308224418731754,158248680.0,0.950069220166639,0
2016-10-13,26.77472496032715,26.88001089480586,26.486331989914433,26.731236646389245,140769600.0,-0.003067568098286011,0.008942495872223066,0.00215387492115493,0.017446950496968983,26.583829498291017,26.10740909576416,25.274023361206055,1.0255604017279238,1.0593772339953034,0.006485068536875952,0.008544343182202404,72.2629811305998,-0.06370321495844289,147290440.0,0.9557280160205917,1
2016-10-14,26.923492431640625,27.0470893958653,26.809050992125677,26.9807131513981,142608800.0,0.00555626515431662,-0.003067568098286011,0.008942495872223066,0.00215387492115493,26.747251510620117,26.138422775268555,25.32785659790039,1.0300350814248396,1.0629992446290346,0.006388331831182187,0.008478335204831294,73.58501027390741,0.01306532092156254,138443500.0,1.0300866418430623,0
2016-10-17,26.905179977416992,26.97155446787286,26.72893920331153,26.85482547052972,94499600.0,-0.0006801663740366726,0.00555626515431662,-0.003067568098286011,0.008942495872223066,26.815915679931642,26.18385591506958,25.37395351409912,1.0275484277291744,1.0603463887670102,0.005889041923490749,0.007940158249441451,72.43472319448703,-0.3373508507188897,133763880.0,0.7064657514420186,0
2016-10-18,26.88687515258789,27.056248013485135,26.88229651659073,27.04938180572738,98214000.0,-0.000680345749200173,-0.0006801663740366726,0.00555626515431662,-0.003067568098286011,26.8694766998291,26.22848834991455,25.4156103515625,1.0251019728582829,1.0578882340685138,0.006105155446111734,0.00794847116081933,69.21416270240913,0.039305986480365984,131771720.0,0.7453344313939289,0
2016-10-19,26.80676651000977,26.953251429771733,26.046875333905316,26.836520659067105,80138400.0,-0.002979470173588017,-0.000680345749200173,-0.0006801663740366726,0.00555626515431662,26.859407806396483,26.26934404373169,25.45365074157715,1.0204581608655097,1.0531599880178437,0.006409046573903616,0.008008157979538612,81.91267385448242,-0.18404300812511454,128578000.0,0.6232668108074476,0
2016-10-20,26.793027877807617,26.866270325468047,26.625944362631184,26.747252002858986,96503200.0,-0.0005125061315031099,-0.002979470173588017,-0.000680345749200173,-0.0006801663740366726,26.86306838989258,26.297267723083497,25.495124435424806,1.0188521545258844,1.0509079077323273,0.006368355766047844,0.007801487585592411,78.93246368132641,0.20420672237029946,127188360.0,0.7587423880612975,0
2016-10-21,26.6877384185791,26.75869328542046,26.61449598066098,26.73580360475311,92770800.0,-0.003929733500397936,-0.0005125061315031099,-0.002979470173588017,-0.000680345749200173,26.815917587280275,26.34178533554077,25.534812622070312,1.0131332435759988,1.0451511359637817,0.006710592048342522,0.006721832320660019,79.73789991946035,-0.03867643767253315,121330660.0,0.7646113521512204,1
2016-10-24,26.92807006835937,26.94866868851393,26.779295853260383,26.80218379106691,94154800.0,0.009005320945927764,-0.003929733500397936,-0.0005125061315031099,-0.002979470173588017,26.82049560546875,26.39637393951416,25.578162994384765,1.0201427715057971,1.0527757632270525,0.004858291095185845,0.00691568371826867,81.2923327467454,0.01491848728263645,120064520.0,0.7842016942224064,1
2016-10-25,27.065399169921875,27.090576425127797,26.8502487149759,26.99673361095342,192516000.0,0.005099849384448296,0.009005320945927764,-0.003929733500397936,-0.0005125061315031099,26.856200408935546,26.455426025390626,25.618309097290037,1.0230566366213807,1.0564865568268482,0.0049976954679077715,0.0069477780721712715,82.58173053828433,1.044675364399903,124768840.0,1.5429814046519947,0
2016-10-26,26.456562042236328,26.48173928996236,25.934709537073495,26.163592337319454,264536800.0,-0.022495035963192245,0.005099849384448296,0.009005320945927764,-0.003929733500397936,26.78615951538086,26.474193859100343,25.646736221313475,0.999333999858207,1.0315761746030614,0.008546350617964266,0.008753584521704818,58.67331971091904,0.3741029317043778,132067460.0,2.0030429903020774,0
2016-10-27,26.202510833740234,26.518368554939595,26.11553422850968,26.410793330304532,138248000.0,-0.0096025782976078,-0.022495035963192245,0.005099849384448296,0.009005320945927764,26.668056106567384,26.500515460968018,25.67081470489502,0.9887547611039224,1.020712086272191,0.008923742729478712,0.008259401859868261,51.955273018171134,-0.47739596154485875,131802460.0,1.0489030326141104,0
2016-10-28,26.0285587310791,26.36959369845516,25.966759381906105,26.062891508815476,151446800.0,-0.006638757017023766,-0.0096025782976078,-0.022495035963192245,0.005099849384448296,26.536220169067384,26.508183097839357,25.69205509185791,0.9819065544782906,1.0130975758076992,0.008584715364466812,0.008271285431549777,37.74957347416801,0.0954719055610207,132098980.0,1.146464567705216,0
2016-10-31,25.98735809326172,26.145287813056154,25.909537018929132,26.012535345583657,105677600.0,-0.0015829012371778584,-0.006638757017023766,-0.0096025782976078,-0.022495035963192245,26.34807777404785,26.519856262207032,25.711189651489256,0.9799207746949908,1.0107411771106618,0.008558328014680261,0.008201008907435145,35.38143878503158,-0.30221305435307977,133042500.0,0.7943145987184547,0
2016-11-01,25.51814842224121,26.040001040121055,25.29842109609378,25.96904791551526,175303200.0,-0.018055304788452853,-0.0015829012371778584,-0.006638757017023766,-0.0096025782976078,26.03862762451172,26.502575492858888,25.72483108520508,0.9628554186787269,0.9919656357595003,0.009633844733511273,0.009125832139340487,22.009534275064965,0.6588491790123925,135860300.0,1.290319541470172,1
2016-11-02,25.54104232788086,25.71499382324578,25.458646089274286,25.497555763718104,113326800.0,0.0008971617086330763,-0.018055304788452853,-0.0015829012371778584,-0.006638757017023766,25.855523681640626,26.485867309570313,25.737374038696288,0.9643272024794879,0.9923717271808599,0.009808165501549202,0.009129217771468759,23.552535919287607,-0.3535383267390442,137236020.0,0.8257802871286999,0
2016-11-03,25.26727104187012,25.642264957129893,25.20285508147735,25.531838097943226,107730400.0,-0.010718876798222365,0.0008971617086330763,-0.018055304788452853,-0.0015829012371778584,25.668475723266603,26.445857429504393,25.74819522857666,0.9554339884507062,0.9813220234491316,0.009845547106269479,0.00918976246089537,16.300396864514212,-0.04938284677587301,136866680.0,0.7871192608748894,0
2016-11-04,25.03951644897461,25.363899130694815,24.87157506122732,24.968199017619202,123348000.0,-0.009013818410310348,-0.010718876798222365,0.0008971617086330763,-0.018055304788452853,25.4706672668457,26.392514133453368,25.756567077636717,0.9487355513901652,0.972160473618214,0.009869357257936438,0.009308168117586913,15.020201593955477,0.1449692937183933,138162400.0,0.8927754584460027,1
2016-11-07,25.40070343017578,25.423708878055244,25.18214728731297,25.324783872490706,130240000.0,0.014424678764751508,-0.009013818410310348,-0.010718876798222365,0.0008971617086330763,25.353336334228516,26.334456348419188,25.77504653930664,0.9645425405450051,0.9854765302340002,0.010898899908222313,0.00899435178086775,25.309932151444357,0.05587443655349089,137427200.0,0.9477017650072184,1
2016-11-08,25.55024719238281,25.702086352165576,25.23736809513683,25.377703650013498,97016800.0,0.005887386647307258,0.014424678764751508,-0.009013818410310348,-0.010718876798222365,25.359756088256837,26.2810152053833,25.797066116333006,0.9721940721357368,0.9904322870346125,0.010988635130876534,0.009127101888292074,29.595931439048897,-0.25509213759213756,129469840.0,0.7493389966342741,0
2016-11-09,25.508834838867188,25.61006093811463,24.85777191973571,25.27877679890741,236705600.0,-0.00162082007284714,0.005887386647307258,0.014424678764751508,-0.009013818410310348,25.3533145904541,26.21360139846802,25.82201110839844,0.9731144702748848,0.9878717320577175,0.009293477167841218,0.008758304803578002,29.332303561002604,1.4398413470656628,133787760.0,1.7692620012473488,0
2016-11-10,24.79795455932617,25.557144983620535,24.34704104396992,25.557144983620535,228538000.0,-0.02786800275400536,-0.00162082007284714,0.005887386647307258,0.014424678764751508,25.25945129394531,26.11476287841797,25.832280769348145,0.9495760951296995,0.9599599346547333,0.01200358209510371,0.010433136919109498,24.54736909167596,-0.034505309549077046,138176180.0,1.6539609070101664,1
2016-11-11,24.945188522338867,25.04641460202416,24.512680122670883,24.6438131098981,136575600.0,0.005937343044179588,-0.02786800275400536,-0.00162082007284714,0.005887386647307258,25.240585708618163,26.01584768295288,25.842611236572267,0.9588458860283237,0.9652735280495427,0.012510823689227535,0.010451408120180267,22.60651066410975,-0.40239435017371294,137874520.0,0.9905789699213459,0
2016-11-14,24.31943321228028,24.802554705796396,23.94443926956893,24.779549254715324,204702000.0,-0.025085210700981908,0.005937343044179588,-0.02786800275400536,-0.00162082007284714,25.024331665039064,25.886560344696044,25.835848770141602,0.9394617472716164,0.941305758082396,0.01407970035470095,0.011450315598401878,16.5752464816037,0.49881823693251204,143384640.0,1.4276424587738268,1
2016-11-15,24.64151382446289,24.772646821194414,24.422959414978134,24.517282287264077,129058000.0,0.013243754875832181,-0.025085210700981908,0.005937343044179588,-0.02786800275400536,24.842584991455077,25.774292278289796,25.835665435791014,0.9560500656392003,0.9537789489380124,0.01469625081845802,0.012128508810746704,26.248586058965614,-0.3695322957274477,144926840.0,0.8905044779835123,1
2016-11-16,25.30408096313477,25.359296151320716,24.524184420842918,24.547189871652037,235362000.0,0.02688824815682045,0.013243754875832181,-0.025085210700981908,0.005937343044179588,24.801634216308592,25.699158000946046,25.845711975097657,0.9846268489498087,0.9790436799541545,0.01755860745395887,0.013992668269749764,39.37886198807097,0.8236916735111346,152688020.0,1.541456887056365,0
2016-11-17,25.294878005981445,25.38690156287228,25.037214152931146,25.262670024350157,110528000.0,-0.0003636945821795523,0.02688824815682045,0.013243754875832181,-0.025085210700981908,24.90101890563965,25.624250507354738,25.868575172424315,0.9871460630125063,0.9778226221344256,0.01721004505257317,0.013993980881718198,40.97495624263866,-0.5303914820574265,153389260.0,0.7205719618179265,1
2016-11-18,25.3201847076416,25.43061332773471,25.22816290530128,25.24196582461165,113715600.0,0.0010004674327415142,-0.0003636945821795523,0.02688824815682045,0.013243754875832181,24.976018142700195,25.55587282180786,25.90288501739502,0.990777536114316,0.977504424338752,0.01690012361752497,0.014016059920954733,41.76084931859198,0.028839751013317816,154436500.0,0.736325933312397,1
2016-11-21,25.704383850097656,25.76419767272217,25.30868376711859,25.333990290230282,117058400.0,0.015173631112576524,0.0010004674327415142,-0.0003636945821795523,0.02688824815682045,25.25300827026367,25.494688510894775,25.934304542541504,1.0082250598634799,0.9911344955455931,0.0169665527832051,0.014347269679969604,52.349209664093415,0.029396142657647673,155581680.0,0.7523919268643969,1
2016-11-22,25.72047996520996,25.863114773392986,25.62845643254817,25.754987254155598,103862000.0,0.0006262011649909027,0.015173631112576524,0.0010004674327415142,-0.0003636945821795523,25.468801498413086,25.42744255065918,25.954556121826172,1.0115244548863678,0.9909813076549066,0.01689056374220564,0.014261684804313338,52.267349463969744,-0.11273347320653626,151148980.0,0.6871498570483241,0
2016-11-23,25.58935165405273,25.653767612066698,25.38229910671984,25.619258561644013,109705600.0,-0.005098206228445035,0.0006262011649909027,0.015173631112576524,0.0010004674327415142,25.52585563659668,25.38408203125,25.954698486328127,1.0080865489857,0.9859236726457121,0.016981336773387624,0.013483977887764736,54.22196130945973,0.056263118368604426,143407420.0,0.7649924948095433,1
2016-11-25,25.71817970275879,25.736584760910358,25.52493010257322,25.566340605812773,45903600.0,0.005034439732890084,-0.005098206228445035,0.0006262011649909027,0.015173631112576524,25.610515975952147,25.35986547470093,25.940022277832032,1.0141291848892224,0.991447864897833,0.01376970155340554,0.013422619422122164,59.13305827507981,-0.5815746871627336,138790200.0,0.3307409312761276,0
2016-11-28,25.66757202148437,25.874624580847378,25.626161509611773,25.635364040606053,108776000.0,-0.001967778507628526,0.005034439732890084,-0.005098206228445035,0.0006262011649909027,25.679993438720704,25.34181613922119,25.927309341430664,1.0128544805342112,0.9899820950748929,0.01385590699165894,0.013357010219276698,53.91895661799383,1.3696616387385738,136656660.0,0.7959802325038531,0
2016-11-29,25.642269134521484,25.77340214817063,25.322488596759477,25.485829595852017,114115200.0,-0.0009857919923905722,-0.001967778507628526,0.005034439732890084,-0.005098206228445035,25.667570495605467,25.32456169128418,25.920224380493163,1.012545427127635,0.9892765108090322,0.009997481427088416,0.013355395586481416,51.40251630832922,0.049084356843421384,137078540.0,0.8324804159717487,0
2016-11-30,25.426008224487305,25.812505717013426,25.368493727118555,25.67447127436906,144649200.0,-0.008433766485316019,-0.0009857919923905722,-0.001967778507628526,0.005034439732890084,25.608676147460937,25.319954681396485,25.90886001586914,1.0041885360548746,0.9813634489867138,0.010437423902936411,0.012856891798223686,48.8015075751345,0.26757171700176663,135545840.0,1.0671607479801668,0
2016-12-01,25.18905258178711,25.522637770046657,25.083226101264454,25.39150476644213,148347600.0,-0.009319419729912126,-0.008433766485316019,-0.0009857919923905722,-0.001967778507628526,25.52861633300781,25.302355194091795,25.892848014831543,0.9955220527324214,0.9728189254175015,0.007024143781654978,0.013017062753184015,56.55869005321217,0.025568063978231415,137296880.0,1.0804877721911816,1
2016-12-02,25.283376693725582,25.327086523891644,25.041815071172717,25.115433567203517,106112000.0,0.003744647069682694,-0.009319419729912126,-0.008433766485316019,-0.0009857919923905722,25.441655731201173,25.30316047668457,25.873824462890624,0.999218129965337,0.9771797257876628,0.007147732094383778,0.012826440806916677,55.77385736187324,-0.28470699896729035,137215960.0,0.7733211209541514,0
2016-12-05,25.10162734985352,25.313280278734737,24.903777338663584,25.306378819889094,137298000.0,-0.007188491714287815,0.003744647069682694,-0.009319419729912126,-0.008433766485316019,25.328466796875,25.306266021728515,25.859909286499022,0.991913517715364,0.9706773164497763,0.00747892440613179,0.012764446175004211,65.74078552121784,0.2938970144752715,137913460.0,0.9955373463909905,1
2016-12-06,25.294878005981445,25.389202634475474,25.12003517861256,25.19135260148136,104782000.0,0.007698730183286484,-0.007188491714287815,0.003744647069682694,-0.009319419729912126,25.25898857116699,25.300974750518797,25.84908088684082,0.9997590312390148,0.9785600546771662,0.005909250557819982,0.012454840752381147,63.86726008353932,-0.23682792174685718,136640560.0,0.7668440468920795,1
2016-12-07,25.5433406829834,25.580150807244582,25.113133325701664,25.136138775763236,119994800.0,0.009822647768579884,0.007698730183286484,-0.007188491714287815,0.003744647069682694,25.282455062866212,25.30062942504883,25.842260551452636,1.009593091691793,0.9884329055550662,0.006921249634671268,0.01258538826200257,56.16116746905926,0.14518524173999348,137789460.0,0.8708561598252871,1
2016-12-08,25.794097900390625,25.865415302989362,25.4444088346359,25.504224392894475,108273200.0,0.009816931172760723,0.009822647768579884,0.007698730183286484,-0.007188491714287815,25.403464126586915,25.314892578125,25.83651840209961,1.0189297790139435,0.998358118495349,0.007447840402048355,0.012763506517653513,61.43306067142453,-0.09768423298342932,131367840.0,0.8241986775454327,1
2016-12-09,26.215103149414062,26.387646614869272,25.83780824536823,25.83780824536823,137610400.0,0.01632176673319763,0.009816931172760723,0.009822647768579884,0.007698730183286484,25.58980941772461,25.385750007629394,25.847298889160157,1.0326700271426061,1.0142298915577657,0.008875595987418414,0.011312207255774634,67.3505899337402,0.2709553241245295,126821460.0,1.0850718797906915,0
2016-12-12,26.065568923950195,26.45666677418299,25.879220773133106,26.06326785277385,105497600.0,-0.005704125008076044,0.01632176673319763,0.009816931172760723,0.009822647768579884,25.782597732543945,25.44176902770996,25.851106147766114,1.0245187312077562,1.0082960773499672,0.009133780584399915,0.011443371632499885,57.703595160239196,-0.23336026928197284,125267560.0,0.8421781345465658,1
2016-12-13,26.50038146972656,26.668322826103353,26.169097389460877,26.189801766875863,174935200.0,0.016681490706954794,-0.005704125008076044,0.01632176673319763,0.009816931172760723,26.02369842529297,25.550816440582274,25.86603588104248,1.0371637842318062,1.0245242677154482,0.010226256652768894,0.009896719221296316,64.11341456595588,0.6581912763892259,123779220.0,1.41328407142976,0
2016-12-14,26.50038146972656,26.732738784998737,26.452069500555023,26.46587241883168,136127200.0,0.0,0.016681490706954794,-0.005704125008076044,0.01632176673319763,26.215106582641603,25.64375982284546,25.87876823425293,1.0334046821838485,1.024020201805852,0.00946654896825239,0.009711628220763938,67.30777592894299,-0.22184214497711152,124132680.0,1.0966266095278052,1
2016-12-15,26.645313262939453,26.854666852226416,26.509579906968934,26.54408719733231,186098000.0,0.0054690455448145325,0.0,0.016681490706954794,-0.005704125008076044,26.385349655151366,25.710821437835694,25.894170379638673,1.0363462453878884,1.0290081849423307,0.008191309662158777,0.008058844009121132,67.50659623954931,0.36708901674316374,121669480.0,1.5295372348102416,1
2016-12-16,26.679828643798828,26.80175911257715,26.606210148204177,26.794857652865684,177404400.0,0.0012953640484076878,0.0054690455448145325,0.0,0.016681490706954794,26.47829475402832,25.780068969726564,25.906417579650878,1.034901367995906,1.0298540337262012,0.008291161579685211,0.008035057386279687,69.23080267912422,-0.04671517157626626,125013300.0,1.4190842094401155,1
2016-12-19,26.833967208862305,27.00420965154858,26.629215712268476,26.640719315305457,111117600.0,0.005777344641953119,0.0012953640484076878,0.0054690455448145325,0.0,26.63197441101074,25.855758094787596,25.920969276428224,1.0378333178431118,1.0352223685271034,0.007015838751274474,0.008052875733577934,71.58327236197859,-0.37364800422086486,124883400.0,0.8897707781818881,1
2016-12-20,26.90528106689453,27.031813662716168,26.84316618225683,26.856969099908948,85700000.0,0.002657596525968531,0.005777344641953119,0.0012953640484076878,0.0054690455448145325,26.712954330444337,25.91580295562744,25.927837715148925,1.0381804921484106,1.0376986065125868,0.0071179028704251475,0.0075207382688595005,78.27625205354808,-0.22874504128958872,123315480.0,0.6949654658117537,1
2016-12-21,26.930593490600582,27.008814136586548,26.86617752049659,26.87077966419176,95132800.0,0.0009407975944617508,0.002657596525968531,0.005777344641953119,0.0012953640484076878,26.79899673461914,25.976308631896973,25.934068183898926,1.0367367385499808,1.0384253368825622,0.007171494712708944,0.007517354085486648,86.22010480425584,0.11006767794632433,122879020.0,0.7741988827710378,0
2016-12-22,26.753448486328125,26.804061533698256,26.60391041597186,26.767251406445986,104343600.0,-0.006577835142559496,0.0009407975944617508,0.002657596525968531,0.005777344641953119,26.820623779296874,26.034513473510742,25.93199493408203,1.0276146897674456,1.031677221684417,0.007870582351561546,0.007601101058686052,79.55596698129516,0.09682044468364226,122610920.0,0.8510139227403236,1
2016-12-23,26.806358337402344,26.806358337402344,26.592404319614282,26.592404319614282,56998000.0,0.0019776834041136393,-0.006577835142559496,0.0009407975944617508,0.002657596525968531,26.84592971801758,26.08892240524292,25.932627601623537,1.027499638391168,1.0336923334264865,0.006499565953593924,0.007572934580010489,86.14644452317293,-0.4537470434219253,123165640.0,0.4627751700880213,1
2016-12-27,26.976606369018555,27.100837921736478,26.799460694600874,26.80636215499572,73187600.0,0.006351031702007237,0.0019776834041136393,-0.006577835142559496,0.0009407975944617508,26.874457550048827,26.15437412261963,25.933689880371094,1.0314376571407924,1.0402147358689915,0.005955156805699463,0.007566127488429372,86.00997502160503,0.2840380364223305,121386220.0,0.6029317001550918,0
2016-12-28,26.861572265625,27.151444078578333,26.732738593553627,27.03641507988799,83623600.0,-0.00426421699675561,0.006351031702007237,0.0019776834041136393,-0.006577835142559496,26.865715789794923,26.215339279174806,25.932817726135255,1.024650948803991,1.0358138691019967,0.0042169414418102924,0.007680663411163697,79.93724351405143,0.14259246101798673,119861640.0,0.6976677442424448,0
2016-12-29,26.85466957092285,26.942090974031995,26.778750014031598,26.790251860249484,60158000.0,-0.00025697284708026125,-0.00426421699675561,0.006351031702007237,0.0019776834041136393,26.850531005859374,26.286772346496583,25.932173614501952,1.0216039161042894,1.0355734143282542,0.004226939157266108,0.007283607920037039,77.08575063836346,-0.2806097800142543,115637080.0,0.5202310539145402,0
2016-12-30,26.645313262939453,26.962792620703265,26.555590797588746,26.836261793897304,122345200.0,-0.007795899608092016,-0.00025697284708026125,-0.00426421699675561,0.006351031702007237,26.82890396118164,26.3595853805542,25.928944549560548,1.0108396197535048,1.0276281478410985,0.0048251986845217615,0.007157476092562077,62.318785172498224,1.0337311745736226,114336960.0,1.0700406937529212,1
2017-01-03,26.721237182617188,26.762647693029223,26.401456701458834,26.640717233261352,115127600.0,0.002849428675448795,-0.007795899608092016,-0.00025697284708026125,-0.00426421699675561,26.81187973022461,26.431478404998778,25.927508735656737,1.010962639818271,1.0306133711130092,0.004895690201909532,0.007154308756267732,69.60092143301088,-0.05899373248807471,114787740.0,1.0029607691553122,0
2017-01-04,26.69133186340332,26.804061561829098,26.62921696760427,26.652222419559344,84472400.0,-0.0011191592293983144,0.002849428675448795,-0.007795899608092016,-0.00025697284708026125,26.754824829101562,26.51096363067627,25.927580604553224,1.006803533633849,1.0294570970773869,0.0044859889862885974,0.006829980500637894,57.53174432408944,-0.2662715109148458,112146460.0,0.7532328706586012,1
2017-01-05,26.82705879211425,26.88457328197726,26.64301172247148,26.66831823842744,88774400.0,0.005085056429762647,-0.0011191592293983144,0.002849428675448795,-0.007795899608092016,26.747922134399413,26.58757266998291,25.92556037902832,1.0090074458884966,1.0347725719292522,0.004735977954275273,0.006761965431847969,61.63907867572203,0.05092787703439239,111346080.0,0.7972835684920385,1
2017-01-06,27.12614631652832,27.183660830721415,26.794862153110923,26.86617958904518,127007600.0,0.011148725871581,0.005085056429762647,-0.0011191592293983144,0.002849428675448795,26.802217483520508,26.666712951660156,25.92677532196045,1.0172287212788842,1.0462599370602013,0.005968353806446398,0.0068387970462016725,65.4358557364844,0.43067821353903835,111696720.0,1.1370754664953455,1
2017-01-09,27.374601364135746,27.47582744741152,27.133041513413918,27.13534082970417,134247600.0,0.009159246017044431,0.011148725871581,0.005085056429762647,-0.0011191592293983144,26.948075103759766,26.745738124847414,25.945136108398437,1.0235126522346416,1.0550956930719122,0.00589882696171887,0.0068059606434160425,69.61017706499575,0.05700446272506521,112995440.0,1.188079802158388,1
2017-01-10,27.402210235595703,27.46432512719422,27.21586380559681,27.32398959799397,97848400.0,0.0010085579363405817,0.009159246017044431,0.011148725871581,0.005085056429762647,27.084269714355468,26.805093479156493,25.969130096435546,1.0222762422710268,1.0551839870584212,0.005912901162914198,0.006047474460261215,67.27256072178548,-0.27113482848110504,111007340.0,0.8814588296593721,1
2017-01-11,27.549448013305664,27.59085852729163,27.284880938128854,27.317088920650892,110354400.0,0.0053732080895685375,0.0010085579363405817,0.009159246017044431,0.011148725871581,27.255892944335937,26.879287433624267,25.99954788208008,1.0249322301171968,1.0596125801208196,0.0058446233333505114,0.005783683638741034,68.71649248578242,0.1278099590795556,111250180.0,0.9919480579716815,0
2017-01-12,27.43442344665528,27.44592705164939,27.19516285544784,27.353903477307504,108344800.0,-0.0041752040401982216,0.0053732080895685375,0.0010085579363405817,0.009159246017044431,27.37736587524414,26.9259895324707,26.028489189147948,1.0188826454668063,1.0540152080011431,0.0058338798428001284,0.004969787679016267,63.91360409920207,-0.01821042024604369,107920660.0,1.003930109397033,0
2017-01-13,27.3861026763916,27.519536728605953,27.333188567684832,27.402206665093118,104447600.0,-0.0017613189632956772,-0.0041752040401982216,0.0053732080895685375,0.0010085579363405817,27.4293571472168,26.970275592803954,26.06584827423096,1.0154179768077192,1.0506507360999973,0.005920950379279878,0.00501771496757692,68.80949329546782,-0.03597034652332187,106336680.0,0.9822349164935373,1
2017-01-17,27.606958389282227,27.66217181460391,27.19745545400704,27.22506128906631,137759200.0,0.008064517814030392,-0.0017613189632956772,-0.0041752040401982216,0.0053732080895685375,27.475828552246092,27.018357849121095,26.107166595458985,1.0217852078001208,1.0574475130550594,0.005076126309734585,0.005153225521942968,71.64149400527342,0.3189312152696664,103919740.0,1.3256307223247479,0
2017-01-18,27.60466766357422,27.72199777215826,27.54025168402339,27.606968735759263,94852000.0,-8.297638862297951e-05,0.008064517814030392,-0.0017613189632956772,-0.0041752040401982216,27.516320037841798,27.064599800109864,26.153914527893065,1.0199547699745466,1.0554698278199972,0.005205012311523025,0.005169336538374414,68.67306861318505,-0.31146522337528093,99792120.0,0.9504958908579154,0
2017-01-19,27.55635070800781,27.62766813604499,27.462027827881563,27.468929287987937,102389200.0,-0.0017503183213528617,-8.297638862297951e-05,0.008064517814030392,-0.0017613189632956772,27.517700576782225,27.10071897506714,26.204251213073732,1.0168125330313138,1.0515984785804333,0.005267600150309434,0.0051321286227270415,71.50999371702011,0.0794627419558891,99355700.0,1.0305317158451905,1
2017-01-20,27.606958389282227,27.710483781160775,27.544843505195725,27.710483781160775,130391600.0,0.0018365160833764271,-0.0017503183213528617,-8.297638862297951e-05,0.008064517814030392,27.55220756530762,27.135802841186525,26.24837631225586,1.017362874828254,1.0517587092193592,0.005238999081702806,0.005124325485758841,72.6768133240421,0.2734897821254585,101590280.0,1.283504681747112,1
2017-01-23,27.6253662109375,27.79330757501292,27.554047034431193,27.606961148922757,88200800.0,0.0006667819538721531,0.0018365160833764271,-0.0017503183213528617,-8.297638862297951e-05,27.600060272216798,27.17054147720337,26.289878692626953,1.0167396271478704,1.0507985424324187,0.004379336861148228,0.005125704081523507,83.38578932184916,-0.3235699232159127,101243680.0,0.8711733907736265,0
2017-01-24,27.60005760192871,27.629964509038164,27.491930064774497,27.503433666464463,92844000.0,-0.000916136597630679,0.0006667819538721531,0.0018365160833764271,-0.0017503183213528617,27.598680114746095,27.212871932983397,26.331703147888184,1.0142280340678054,1.0481683409127391,0.003595645763997684,0.004815442395792892,81.00651819590104,0.05264351343751983,100668700.0,0.9222727620402369,1
2017-01-25,28.039470672607425,28.090083717527474,27.671378193920752,27.703586176105624,129510400.0,0.0159207302034039,-0.000916136597630679,0.0006667819538721531,0.0018365160833764271,27.685640716552733,27.274527549743652,26.39653347015381,1.0280460631799637,1.062240642481001,0.0059807790416418725,0.005788555260876135,86.90170273061301,0.3949248201283875,104294320.0,1.2417780757379693,1
2017-01-26,28.05327415466309,28.168303159062784,27.97505351896557,27.991157509373394,105350400.0,0.0004922875405473093,0.0159207302034039,-0.000916136597630679,0.0006667819538721531,27.78502540588379,27.328360939025877,26.458695182800295,1.0265260407404093,1.060266727472614,0.005902353130948872,0.005718828779015198,85.96490835490845,-0.18654872504447517,105902460.0,0.994787089931622,1
2017-01-27,28.055572509765625,28.14759606117314,27.975052560485274,28.099284091604925,82251600.0,8.192823019026463e-05,0.0004922875405473093,0.0159207302034039,-0.000916136597630679,27.87474822998047,27.38806095123291,26.53341796875,1.0243723555209434,1.057367450465988,0.005565022452645009,0.0055493666998143966,83.00637657128209,-0.21925687989794063,105833860.0,0.7771766049164228,0
2017-01-30,27.98195075988769,27.981950759887695,27.758795999365482,27.82091088008753,121510000.0,-0.0026241399940174492,8.192823019026463e-05,0.0004922875405473093,0.0159207302034039,27.946065139770507,27.44442501068115,26.600226707458496,1.0195859723421912,1.0519440705383827,0.005640393645260771,0.005629008059180799,74.62660941550564,0.47729649028104015,108901460.0,1.115779347678167,0
2017-01-31,27.917543411254883,27.926745943679823,27.749602021309595,27.87153250433377,196804000.0,-0.002301746192947207,-0.0026241399940174492,8.192823019026463e-05,0.0004922875405473093,28.009562301635743,27.508036518096922,26.6524959564209,1.0148868092743935,1.0474645022703482,0.0053831959145788175,0.0052428489402799065,70.29007165804786,0.6196527034811949,112624400.0,1.7474366123149159,1
2017-02-01,29.61996841430664,30.020270610409472,29.21966797340711,29.224268361259686,447940000.0,0.06098047302992393,-0.002301746192947207,-0.0026241399940174492,8.192823019026463e-05,28.325661849975585,27.652973079681395,26.738997764587403,1.0711314233358342,1.107744152383106,0.019630652093515416,0.014125079824893163,86.64505757959762,1.2760716245604766,129265020.0,3.4652839569436495,0
2017-02-02,29.56935310363769,29.76720311498404,29.396809611547503,29.44282226256012,134841600.0,-0.0017088239244881231,0.06098047302992393,-0.002301746192947207,-0.0026241399940174492,28.628877639770508,27.796874141693117,26.823981132507324,1.06376540588375,1.102347670078075,0.01962854520433607,0.014139691258546217,88.66655888705067,-0.6989739697280886,131783480.0,1.0232056400392522,1
2017-02-03,29.69588661193848,29.721193131971837,29.484233676389646,29.51874097170494,98029200.0,0.004279211244740511,-0.0017088239244881231,0.06098047302992393,-0.002301746192947207,28.95694046020508,27.940315532684327,26.90381118774414,1.0628329009813973,1.1037799219118165,0.019568899422450266,0.01414125870847169,90.68089040341178,-0.27300477004129287,132246220.0,0.7412627748452848,1
2017-02-06,29.97425842285156,30.022572152503574,29.654477909689444,29.70739378273852,107383600.0,0.009374086537667692,0.004279211244740511,-0.0017088239244881231,0.06098047302992393,29.35540199279785,28.082721138000487,26.988886756896974,1.0673559116851934,1.110614850210214,0.019424896518417903,0.014107392998153176,90.86594593953852,0.09542462858005574,131265020.0,0.8180671438590418,1
2017-02-07,30.259531021118164,30.388362950360797,30.011067938833033,30.03177231808843,152735200.0,0.00951725291222294,0.009374086537667692,0.004279211244740511,-0.0017088239244881231,29.823799514770506,28.22696762084961,27.08229034423828,1.0720078553095167,1.1173180198755175,0.019149681120757284,0.014113046258587078,91.75096870101359,0.42233264669837856,132189400.0,1.1554269858248847,1
2017-02-08,30.376859664916992,30.418271934267572,30.188213912384082,30.21812257855912,92016400.0,0.003877411177223511,0.00951725291222294,0.009374086537667692,0.004279211244740511,29.975177764892578,28.375700092315675,27.175463943481446,1.0705237074712122,1.117804639070512,0.01907265236872384,0.01408367451207004,93.4136180681754,-0.39754293705707655,131897800.0,0.697634077293177,1
2017-02-09,30.59636306762696,30.603294449258463,30.29599026963115,30.41844937928978,113399600.0,0.007226007070226581,0.003877411177223511,0.00951725291222294,0.009374086537667692,30.18057975769043,28.528045845031738,27.274039764404296,1.0725011882633184,1.1218126589211281,0.018888395391694596,0.014090569850969983,93.73914062696214,0.23238466186462414,132050060.0,0.8587621997294057,0
2017-02-10,30.527050018310547,30.71651721121805,30.510877967438446,30.605611563892197,80262000.0,-0.002265401582639437,0.007226007070226581,0.003877411177223511,0.00951725291222294,30.346812438964843,28.6826771736145,27.37173538208008,1.064302674172713,1.1152763824502048,0.01902384489372134,0.014028959031557717,91.83251353979199,-0.2922197256427712,130645920.0,0.6143475433446371,1
2017-02-13,30.79736518859864,30.919827764247323,30.672596854364244,30.748845540805995,92141600.0,0.008854939148262186,-0.002265401582639437,0.007226007070226581,0.003877411177223511,30.511433792114257,28.853240299224854,27.479162521362305,1.0673797767325985,1.1207534132329093,0.018610789413585144,0.013942507535552654,93.05300293096641,0.14801026637761328,130030620.0,0.708614632461185,1
2017-02-14,31.19710731506348,31.213279362962442,30.788138188350544,30.83897066853526,132904800.0,0.012979750833127301,0.008854939148262186,-0.002265401582639437,0.007226007070226581,30.698949050903327,29.032747745513916,27.59932361602783,1.0745489055504227,1.1303576764811112,0.018129376508761088,0.014024336322712034,92.97798181618968,0.44239735363831323,129787900.0,1.0240153357901622,1
2017-02-15,31.31031608581543,31.485920446782508,31.10467692017684,31.31262889622328,142492400.0,0.0036288226856624473,0.012979750833127301,0.008854939148262186,-0.002265401582639437,30.885640335083014,29.218030166625976,27.71986240386963,1.0716094106022023,1.1295263890431353,0.0049571836697805795,0.01396092658217161,93.1629894303466,0.07213885427764843,132169920.0,1.078100069970535,0
2017-02-16,31.27334785461425,31.400425496207777,31.15550735154518,31.3472837446891,90338400.0,-0.0011807045032652397,0.0036288226856624473,0.012979750833127301,0.008854939148262186,31.021037292480468,29.403880023956297,27.843296813964844,1.0635789504356172,1.1231912680300509,0.00487304594025652,0.01394397926178116,92.25434342553882,-0.3660125031229736,131567380.0,0.6866322032102486,1
2017-02-17,31.35883331298828,31.384249543266176,31.21558011994466,31.21558011994466,88792800.0,0.002733492390115666,-0.0011807045032652397,0.0036288226856624473,0.012979750833127301,31.187393951416016,29.5914737701416,27.96457592010498,1.059725296434204,1.1213770379561887,0.0049446123970597385,0.013929842529485292,94.20593024864226,-0.017109003480247575,129487440.0,0.6857251946598064,1
2017-02-21,31.58529090881348,31.596844390681486,31.418930641671555,31.476694525383955,98028800.0,0.007221493018090275,0.002733492390115666,-0.0011807045032652397,0.0036288226856624473,31.344979095458985,29.7894700050354,28.08541492462158,1.0602837480315872,1.1246154273876747,0.0048007505440639435,0.013862799914381926,96.05940002126931,0.104017442855727,129978840.0,0.7541904513073051,1
2017-02-22,31.680009841918945,31.682319126971226,31.448954414153693,31.522890317713035,83347600.0,0.0029988304802675003,0.007221493018090275,0.002733492390115666,-0.0011807045032652397,31.44155960083008,29.993467617034913,28.203133163452147,1.0562303180952026,1.1232798022232655,0.004596562855368347,0.013775348052581708,93.39058456193344,-0.14976415094339623,129504020.0,0.6435908321610403,0
2017-02-23,31.54599952697754,31.765501493928575,31.492857761966008,31.74239806487526,83152800.0,-0.0042301222635380276,0.0029988304802675003,0.007221493018090275,0.002733492390115666,31.4886962890625,30.168794059753417,28.309751091003417,1.0456500006097817,1.1143156796246991,0.005386735312114469,0.01382570172920965,90.22103615939149,-0.002337199871382034,127186140.0,0.6537882193767339,1
2017-02-24,31.576040267944336,31.576040267944336,31.25718260233658,31.40274867152735,87106400.0,0.0009522836942004176,-0.0042301222635380276,0.0029988304802675003,0.007221493018090275,31.549234771728514,30.34493236541748,28.4199605178833,1.040570461245446,1.1110515177554545,0.005307719610239718,0.013816442319732858,89.82133075221368,0.047546204096554856,126273940.0,0.6898208767383041,1
2017-02-27,31.63842010498047,31.756260637263946,31.488235477341306,31.686943299266535,81029600.0,0.0019755433710748616,0.0009522836942004176,-0.0042301222635380276,0.0029988304802675003,31.605152130126953,30.524074745178222,28.52272129058838,1.036507097073541,1.109235678554282,0.004984834486442423,0.013780050553260178,88.79626204129207,-0.06976295656805931,126212840.0,0.6420075802113319,1
2017-02-28,31.652278900146484,31.756253119716007,31.58527086321527,31.6730730389353,93931600.0,0.000438036890591631,0.0019755433710748616,0.0009522836942004176,-0.0042301222635380276,31.618549728393553,30.707591152191164,28.62575923919678,1.030763980908607,1.105727140218714,0.00470018705400143,0.013694593709464992,87.17303100802762,0.1592257644120174,124833920.0,0.7524525385408068,1
2017-03-01,32.29923629760742,32.3824163916019,31.79322787856917,31.860232400519113,145658400.0,0.020439520310745918,0.000438036890591631,0.0019755433710748616,0.0009522836942004176,31.74239501953125,30.92667579650879,28.738837699890137,1.0443811197210395,1.123888051246098,0.0066792076713704995,0.013888370861481373,90.00018256242993,0.5506858181911092,122276640.0,1.191220170917356,0
2017-03-02,32.10746765136719,32.41245901933764,32.06125373976054,32.34776377384007,104844000.0,-0.0059372501712815495,0.020439520310745918,0.000438036890591631,0.0019755433710748616,31.85468864440918,31.051050758361818,28.847390480041504,1.0340219370103243,1.1130111638202151,0.0073132818880947675,0.006276868376614459,81.8097136276979,-0.28020629088332705,105121840.0,0.997356971681622,1
2017-03-03,32.296932220458984,32.308485698692934,32.021975656373144,32.06587675828622,84432400.0,0.005900950244630332,-0.0059372501712815495,0.020439520310745918,0.000438036890591631,31.99886703491211,31.18742971420288,28.956649780273438,1.0355753108359176,1.1153545892060033,0.007255484016058626,0.006137959062799125,85.46322850486413,-0.1946854374117737,102601380.0,0.8229168067719946,0
2017-03-06,32.19526672363281,32.29462240405926,32.024287940837276,32.2021981053339,87000000.0,-0.003147837575785961,0.005900950244630332,-0.0059372501712815495,0.020439520310745918,32.11023635864258,31.3123987197876,29.062449493408202,1.028195476550549,1.1077960490197214,0.007534929632123948,0.006368491070299459,80.04008607439263,0.03041012691810252,102049920.0,0.8525239412240597,1
2017-03-07,32.23686218261719,32.34314573112953,32.06818914049128,32.13057510847794,69785200.0,0.0012919743557782137,-0.003147837575785961,0.005900950244630332,-0.0059372501712815495,32.22715301513672,31.425528907775877,29.168574867248534,1.0258176489955768,1.1051915401877872,0.007367635032331649,0.006269723778282231,76.40874990189909,-0.1978712643678161,100170000.0,0.6966676649695518,0
2017-03-08,32.116695404052734,32.30154039927301,32.07510713108132,32.10514193079677,74828800.0,-0.0037276201971434553,0.0012919743557782137,-0.003147837575785961,0.005900950244630332,32.19064483642578,31.518387126922608,29.275839805603027,1.0189828329324333,1.0970375441768199,0.007577299896249699,0.006318214282925323,70.40910411865386,0.0722732040604599,96274680.0,0.7772427807602165,0
2017-03-09,32.04276657104492,32.06818281034635,31.666148603102606,32.056632858903505,88623600.0,-0.0023018816873197068,-0.0037276201971434553,0.0012919743557782137,-0.003147837575785961,32.177704620361325,31.601682472229005,29.38056797027588,1.013957614415104,1.0906108623721082,0.0074415520572215154,0.00642333873856289,69.1160038251248,0.18435147964420118,96105040.0,0.9221535103674063,1
2017-03-10,32.149051666259766,32.199884141766816,32.03352395385757,32.17446790401329,78451200.0,0.0033169762348450593,-0.0023018816873197068,-0.0037276201971434553,0.0012919743557782137,32.148128509521484,31.679316902160643,29.484016876220704,1.0148278059640574,1.0903891352805613,0.007456649238031912,0.006337025334245997,69.43193181455752,-0.11478206707919791,94357620.0,0.8314241075601525,1
2017-03-13,32.16291427612305,32.21605603640242,32.07511561253668,32.08204699319808,69686800.0,0.0004311980958937589,0.0033169762348450593,-0.0023018816873197068,-0.0037276201971434553,32.141658020019534,31.76111011505127,29.590043716430664,1.012650822330085,1.0869505494601122,0.007469163201580445,0.006258564294796623,65.86264224946645,-0.11171785772556697,93828860.0,0.7427011262845994,0
2017-03-14,32.11439895629883,32.26689287710669,32.0797385226766,32.18602558324106,61236400.0,-0.001508424249360818,0.0004311980958937589,0.0033169762348450593,-0.0023018816873197068,32.11716537475586,31.82696180343628,29.695238304138183,1.0090312469860543,1.0814662818120413,0.007529962003392808,0.006144186070605136,62.239761637836985,-0.12126256335489649,92283600.0,0.6635675244572167,1
2017-03-15,32.45404052734375,32.52104503689061,32.123629497551406,32.21143167096657,102767200.0,0.010575990274864111,-0.001508424249360818,0.0004311980958937589,0.0033169762348450593,32.184634399414065,31.889808464050294,29.81141284942627,1.017693178180406,1.088644831805358,0.004986248021461878,0.005940583294676755,72.92880955614699,0.678204466624426,90776720.0,1.1320876101273543,1
2017-03-16,32.5072021484375,32.583450894228214,32.40784644005779,32.51413353208871,76928000.0,0.0016380586278297304,0.010575990274864111,-0.001508424249360818,0.0004311980958937589,32.27752151489258,31.949652767181398,29.927132148742675,1.0174508745155695,1.0862117354536833,0.0044477580337445,0.0059284071795778085,73.24125638757627,-0.2514343097797741,87498500.0,0.879192214723681,0
2017-03-17,32.3454475402832,32.57881223101058,32.322340589443556,32.57881223101058,175540000.0,-0.004975962170342352,0.0016380586278297304,0.010575990274864111,-0.001508424249360818,32.31680068969727,32.003257751464844,30.040214462280275,1.0106923423695107,1.0767382363696996,0.004512660054422303,0.00609053099405417,66.81295594449111,1.2818739600665556,91758580.0,1.9130636066948725,1
2017-03-20,32.68510055541992,32.69434122074406,32.40089985653458,32.44017885400737,86168000.0,0.01050079813283511,-0.004975962170342352,0.0016380586278297304,0.010575990274864111,32.42123794555664,32.06957111358643,30.157375297546388,1.0191935663764684,1.083817813484557,0.0053816483225265525,0.006399424157080297,71.2652922732785,-0.5091261250996924,91627340.0,0.9404180018758593,0
2017-03-21,32.310787200927734,32.994712755487875,32.28537096518604,32.83528396089231,158119600.0,-0.011452109619718431,0.01050079813283511,-0.004975962170342352,0.0016380586278297304,32.46051559448242,32.10584592819214,30.261068115234377,1.0063833008229706,1.0677345253607047,0.006772054406303307,0.006950272398233853,50.26790580474375,0.835015318911893,94631880.0,1.670891458565549,1
2017-03-22,32.67585754394531,32.717449353469824,32.2923046950709,32.313102362646134,103440800.0,0.011298713978936892,-0.011452109619718431,0.01050079813283511,-0.004975962170342352,32.504878997802734,32.15563831329346,30.367093238830567,1.0161781652593347,1.0760284919915388,0.007426895415132053,0.007304665888243526,62.20203290781814,-0.3458065919721527,95636540.0,1.0816033286022266,0
2017-03-23,32.560333251953125,32.71283069351587,32.488706627299024,32.638891257984966,81385200.0,-0.0035354632035844435,0.011298713978936892,-0.011452109619718431,0.01050079813283511,32.51550521850586,32.206354999542235,30.470255699157715,1.0109909442535774,1.0685940273501935,0.007511479703344054,0.007277215572542084,55.84001921609822,-0.2132195419989018,95548160.0,0.8517715045480729,0
2017-03-24,32.49564743041992,32.74980990671602,32.42864288246588,32.694355313989405,89582400.0,-0.0019866449471711567,-0.0035354632035844435,0.011298713978936892,-0.011452109619718431,32.545545196533205,32.25233535766601,30.5691796875,1.0075440141017906,1.0630199358508685,0.00756609023766416,0.007320709890885818,56.77094708819094,0.10072101561463254,95671960.0,0.9363495845595721,1
2017-03-27,32.551082611083984,32.629640593044236,32.02889520312705,32.2068088304343,94300400.0,0.0017059263331422603,-0.0019866449471711567,-0.0035354632035844435,0.011298713978936892,32.518741607666016,32.29796848297119,30.671512870788575,1.0078368436159149,1.0612806335381488,0.007564334300074157,0.007319962125755121,57.03899300125619,0.05266659522406192,96335500.0,0.9788748695963586,1
2017-03-28,33.225772857666016,33.281223906665865,32.491014727782115,32.55802277949188,133499200.0,0.020727121572057694,0.0017059263331422603,-0.0019866449471711567,-0.0035354632035844435,32.70173873901367,32.37664318084717,30.78830627441406,1.0262266125637498,1.0791685830823878,0.009651385449924,0.008485675787282931,69.90074883294318,0.41568010315968973,98313880.0,1.3578876146481047,1
2017-03-29,33.29970169067383,33.38519458243014,33.08482187019614,33.19803675493689,116760000.0,0.0022250447965352915,0.020727121572057694,0.0017059263331422603,-0.0019866449471711567,32.826507568359375,32.42666645050049,30.902161140441894,1.026923373128904,1.0775848827962473,0.009321922515478658,0.007357163698045572,72.55383520199324,-0.12538801730647076,96868960.0,1.2053396671131806,0
2017-03-30,33.255802154541016,33.38750542533572,33.15645002446834,33.31587881516693,84829200.0,-0.0013183161981630276,0.0022250447965352915,0.020727121572057694,0.0017059263331422603,32.96560134887695,32.48408317565918,31.01518383026123,1.02375683422274,1.072242625951926,0.009402860265939865,0.007180062377274385,70.31378655568564,-0.27347379239465575,95868220.0,0.8848521439117155,0
2017-03-31,33.19342041015625,33.33436434857821,33.043232281161146,33.20728317039026,78646800.0,-0.0018758153568172453,-0.0013183161981630276,0.0022250447965352915,0.020727121572057694,33.10515594482422,32.52890758514404,31.1279252243042,1.0204283781517365,1.066355054857281,0.009184186258392457,0.007155847658095081,68.58337862100751,-0.07288056471120796,95578940.0,0.822846539206231,1
2017-04-03,33.202667236328125,33.29971010159959,33.052482605089835,33.20498004721343,79942800.0,0.0002785740685236071,-0.0018758153568172453,-0.0013183161981630276,0.0022250447965352915,33.23547286987305,32.57927761077881,31.239839401245117,1.0191345441417359,1.0628309195150591,0.008770226670573616,0.0070820203711433926,69.9069557778271,0.016478737850745384,95226080.0,0.8395053119901607,1
2017-04-04,33.44988250732422,33.47760801988151,33.08019255364519,33.09867740389161,79565600.0,0.007445644930766493,0.0002785740685236071,-0.0018758153568172453,-0.0013183161981630276,33.280294799804686,32.63992862701416,31.356329727172852,1.0248148177517677,1.0667665124830323,0.007601900496491153,0.007202171779750164,68.85378268757438,-0.0047183736371505525,95715100.0,0.8312753160159683,0
2017-04-05,33.2765998840332,33.60932022602162,33.228076698482546,33.322810259170346,110871600.0,-0.005180365678506438,0.007445644930766493,0.0002785740685236071,-0.0018758153568172453,33.275674438476564,32.697923851013186,31.46986057281494,1.0176976384083813,1.0574117354933248,0.007508193771781053,0.0072686495116759155,63.93290420985879,0.39346149592286106,97517240.0,1.1369435804376744,0
2017-04-06,33.19342041015625,33.3921281999704,33.14489722371151,33.33898291823909,84596000.0,-0.002499638609918975,-0.005180365678506438,0.007445644930766493,0.0002785740685236071,33.26319808959961,32.75545654296875,31.572939567565918,1.0133707147880224,1.0513249911090006,0.007432425755073207,0.0072746558298145934,65.80560663137103,-0.23699125835651325,97315860.0,0.8692930422646422,0
2017-04-07,33.11948776245117,33.31357349667773,33.10331571407883,33.209599248029676,66688800.0,-0.002227328391938066,-0.002499638609918975,-0.005180365678506438,0.007445644930766493,33.24841156005859,32.80397834777832,31.67426383972168,1.0096180228912455,1.0456277036158639,0.007446973405132555,0.0073189311329638004,58.986877038131404,-0.21167903919807085,96727740.0,0.6894485490925354,0
2017-04-10,33.08020782470703,33.24425874286062,33.01782186702875,33.17956349994475,75733600.0,-0.001186006801369488,-0.002227328391938066,-0.002499638609918975,-0.005180365678506438,33.22391967773437,32.84984302520752,31.77475654602051,1.0070126605878371,1.041084540704373,0.007512423785182605,0.007340418075185407,68.4801152241355,0.13562697184534733,97030080.0,0.780516722237063,0
2017-04-11,32.72438430786133,33.121799961435954,32.36162556132028,33.02706638137571,121517600.0,-0.010756386983153843,-0.001186006801369488,-0.002227328391938066,-0.002499638609918975,33.078820037841794,32.88034229278564,31.86960521697998,0.9952568016617476,1.0268211383561765,0.004691480058321961,0.007811585576906078,51.170726769066526,0.6045401248587152,100044140.0,1.2146398579666935,1
2017-04-12,32.76366424560547,32.84453153953262,32.58112846168498,32.71745385970046,81400000.0,0.0012003262574662443,-0.010756386983153843,-0.001186006801369488,-0.002227328391938066,32.97623291015625,32.89582347869873,31.966527633666992,0.9959824920273287,1.024936603095387,0.004611354080477358,0.007479027106450535,55.092794300870615,-0.3301381857442872,98975780.0,0.8224234252056413,0
2017-04-13,32.590389251708984,32.89769358663801,32.590389251708984,32.78909718536128,71291600.0,-0.005288632937926807,0.0012003262574662443,-0.010756386983153843,-0.001186006801369488,32.8556266784668,32.8999828338623,32.02593605041504,0.9905898558149194,1.0176248775494146,0.004752038882800422,0.007583268811324536,52.250559105720825,-0.12418181818181817,98693960.0,0.7223501823211876,1
2017-04-17,32.77058410644531,32.78213758026646,32.54876939620501,32.68971331532249,66328400.0,0.0055290795499436385,-0.005288632937926807,0.0012003262574662443,-0.010756386983153843,32.78584594726563,32.92123966217041,32.08996067047119,0.9954237581187377,1.0212098557228966,0.005318290989995958,0.007572978492474283,54.92241808516645,-0.06961830005218006,93233380.0,0.7114233121227612,0
2017-04-18,32.62502670288086,32.81911242204733,32.60423255989005,32.67354989548555,58790000.0,-0.00444170915878872,0.0055290795499436385,-0.005288632937926807,0.0012003262574662443,32.69480972290039,32.91823596954346,32.14854347229004,0.9910928013598942,1.014821300722427,0.005374899821930227,0.007284723451679264,32.33595800524934,-0.11365267366618226,91864480.0,0.6399644345670927,0
2017-04-19,32.50487518310547,32.809870033463476,32.451733423043436,32.782144510931275,69313600.0,-0.003682802189546752,-0.00444170915878872,0.0055290795499436385,-0.005288632937926807,32.65090789794922,32.927940368652344,32.19915580749512,0.9871517871810277,1.0094946394693736,0.004307731276672083,0.006839168742491498,27.24777073819523,0.17900323184214995,87424180.0,0.7928424378701636,1
2017-04-20,32.91153717041016,33.0224427935341,32.615786491662185,32.6296492538494,93278400.0,0.012510799841989773,-0.003682802189546752,-0.00444170915878872,0.0055290795499436385,32.68048248291016,32.939724349975585,32.25219593048096,0.9991442800411461,1.0204432976083366,0.006380118245009149,0.006946095225863603,41.83998423098018,0.3457445580665266,86916060.0,1.073200971143883,0
2017-04-21,32.87224578857422,32.96697580305148,32.775202964186015,32.91152477518671,69283600.0,-0.0011938482737071654,0.012510799841989773,-0.003682802189546752,-0.00444170915878872,32.736853790283206,32.95531997680664,32.3021036529541,0.9974791873272392,1.0176503097676108,0.006361265641230928,0.006896140655588597,42.303036951712336,-0.25723854611571384,86310980.0,0.802720580857731,1
2017-04-24,33.18879699707031,33.260423605852495,33.08250996345363,33.156449382600115,68537200.0,0.009629740862004743,-0.0011938482737071654,0.012510799841989773,-0.003682802189546752,32.8204963684082,32.98997745513916,32.35395233154297,1.006026664983373,1.0258034832026819,0.007153229441125437,0.00715989380349815,49.710273343872714,-0.010773112251672878,85258720.0,0.803873199128488,1
2017-04-25,33.39445114135742,33.47994054817826,33.241953665168516,33.25119785952204,75486000.0,0.006196492879969817,0.009629740862004743,-0.0011938482737071654,0.012510799841989773,32.97438125610351,33.03214588165283,32.411300354003906,1.0109682628855738,1.0303335804677785,0.007368338405502494,0.007250391388288366,48.8216700481517,0.1013872758151777,84318000.0,0.8952536824877251,0
2017-04-26,33.19804000854492,33.41061409080594,33.12872620522698,33.38057575895097,80164800.0,-0.00588154996113277,0.006196492879969817,0.009629740862004743,-0.0011938482737071654,33.113014221191406,33.030759239196776,32.45931385040283,1.0050643937106247,1.02275852661417,0.006630635096628812,0.005793828834415595,48.34627788056328,0.0619823543438518,81651280.0,0.9817947740684531,1
2017-04-27,33.22345733642578,33.30895023936952,33.11255172184781,33.25349566926757,56985200.0,0.0007656273645768596,-0.00588154996113277,0.006196492879969817,0.009629740862004743,33.17539825439453,33.026947021484375,32.499840850830076,1.0059499993993866,1.0222652316642722,0.006633934654588253,0.005773141336477035,50.64805090911484,-0.2891493523341916,78662540.0,0.7244261372694042,0
2017-04-28,33.19111251831055,33.341300669562116,33.103313848608956,33.2927774759267,83441600.0,-0.0009735536487881502,0.0007656273645768596,-0.00588154996113277,0.006196492879969817,33.2391716003418,33.02371253967285,32.53745677947998,1.0050690841750936,1.020089330990454,0.0062804120026302,0.005769822089809195,51.5735519902382,0.46426791517797605,78593160.0,1.0616903557510602,1
2017-05-01,33.86809539794922,34.011348594243834,33.4937868395665,33.52613444923384,134411600.0,0.02039651064016601,-0.0009735536487881502,0.0007656273645768596,-0.00588154996113277,33.375031280517575,33.0574462890625,32.58935173034668,1.0245224359376766,1.0392380823706842,0.008585838573855451,0.007340785956311018,63.52087375717148,0.6108463883722268,81381400.0,1.6516255557166626,1
2017-05-02,34.0829963684082,34.217008984757335,33.92818960270159,34.08992775152736,181408800.0,0.006345233410202322,0.02039651064016601,-0.0009735536487881502,0.0007656273645768596,33.51274032592774,33.1014627456665,32.64383499145508,1.0296522733839066,1.0440867740365016,0.008168030563005442,0.007432778119081212,74.50002751637211,0.3496513693758574,86454700.0,2.0983104446606142,0
2017-05-03,33.9790153503418,34.07837103137064,33.334372168846535,33.63936354242312,182788000.0,-0.003050817978045739,0.006345233410202322,0.02039651064016601,-0.0009735536487881502,33.66893539428711,33.127919387817386,32.691709480285645,1.0256911987909931,1.0393771353814474,0.008100612649565417,0.00734872801033129,71.41681713253938,0.007602718280480314,91615820.0,1.9951576048765376,0
2017-05-04,33.8565673828125,33.99751140069263,33.6902071149662,33.85425809668019,93487600.0,-0.003603634957246249,-0.003050817978045739,0.006345233410202322,0.02039651064016601,33.79555740356445,33.15691776275635,32.735240631103515,1.0211011658279658,1.0342544221484522,0.00792523956960352,0.007289292404375465,72.71946960684582,-0.4885462940674442,90746620.0,1.0302047613453813,1
2017-05-05,34.41802978515625,34.42264835683271,33.90970485056654,33.90970485056654,109310800.0,0.016583559579308682,-0.003603634957246249,-0.003050817978045739,0.006345233410202322,34.040940856933595,33.21814823150635,32.79268123626709,1.0361212655590433,1.0495643688656846,0.008853600661618161,0.008033334236019254,76.00286118898286,0.16925453215185748,91982360.0,1.188388730186962,1
2017-05-08,35.353790283203125,35.51321909494186,34.43419065356473,34.43419065356473,195009600.0,0.027188090192497016,0.016583559579308682,-0.003603634957246249,-0.003050817978045739,34.338079833984374,33.32986335754394,32.868236236572265,1.0607241291075105,1.0756217653037676,0.011343812699056039,0.00975668395092938,84.47132774528188,0.7839920666576403,98398400.0,1.9818371030423259,1
2017-05-09,35.580230712890625,35.78586992640068,35.455458793091545,35.55250166092058,156521600.0,0.006404983111388818,0.027188090192497016,0.016583559579308682,-0.003603634957246249,34.63752670288086,33.454864501953125,32.94707244873047,1.0635293623985063,1.079920856951939,0.011343595654387082,0.009719981492475261,87.83369030836246,-0.1973646425611867,102437800.0,1.5279672152271915,0
2017-05-10,35.41155242919922,35.56867194825436,35.145840106230295,35.4970453320954,103222800.0,-0.004740786675964226,0.006404983111388818,0.027188090192497016,0.016583559579308682,34.924034118652344,33.58922290802002,33.02225791931152,1.0542533992575365,1.072354062394093,0.011211131298044737,0.009334730941765727,82.6686260278669,-0.34052041379592335,101523060.0,1.016742403154515,1
2017-05-11,35.717803955078125,35.74564745729754,35.3373091330769,35.36979026885097,109020400.0,0.008648350746305544,-0.004740786675964226,0.006404983111388818,0.027188090192497016,35.29628143310547,33.73692989349365,33.09062927246094,1.0587153030177323,1.0793933128616446,0.011036439085391056,0.009365900594559847,84.75886042328733,0.0561658858314249,102904080.0,1.0594370990926696,1
2017-05-12,36.21662521362305,36.29086629146974,35.884850329613776,35.89181032003133,130108000.0,0.01396561947571806,0.008648350746305544,-0.004740786675964226,0.006404983111388818,35.65600051879883,33.91824169158936,33.172812423706056,1.0677624607705893,1.0917562475873108,0.010797614950164871,0.009310564291953602,85.4086014501999,0.19342801897626494,105844900.0,1.2292325846592513,0
2017-05-15,36.12382507324219,36.34423306457839,35.973020537111836,36.19574734555601,104038800.0,-0.002562362998580925,0.01396561947571806,0.008648350746305544,-0.004740786675964226,35.81000747680664,34.0859037399292,33.24935028076172,1.0597878040395246,1.0864520590089142,0.010497826285439061,0.009475780750535057,82.78369211905498,-0.20036584990930606,107730420.0,0.96573279859115,0
2017-05-16,36.07046890258789,36.2073534744759,35.89646201081115,36.17951350464899,80194000.0,-0.0014770354619455528,-0.002562362998580925,0.01396561947571806,0.008648350746305544,35.90805511474609,34.25817584991455,33.32685432434082,1.0529010377147054,1.082324438770785,0.010799220147834857,0.009343807913445858,85.72987664724985,-0.22919141704825507,108800620.0,0.7370730056501517,0
2017-05-17,34.8593864440918,35.86166800652939,34.73410301887703,35.63661877256113,203070800.0,-0.03357545647013216,-0.0014770354619455528,-0.002562362998580925,0.01396561947571806,35.79762191772461,34.37590141296387,33.379304809570314,1.0140646502711226,1.044341295990596,0.016413378192295894,0.012630819684359511,65.71403864009949,1.5322443075541812,115488480.0,1.7583641242832186,1
2017-05-18,35.39066696166992,35.57627495183137,35.06353681745834,35.09601795022325,134272800.0,0.015240673223844814,-0.03357545647013216,-0.0014770354619455528,-0.002562362998580925,35.73219451904297,34.499857902526855,33.444784240722655,1.0258206587882155,1.0581819486991322,0.016690810632826993,0.01274664161758574,69.2799735711219,-0.33878824528194107,117538200.0,1.1423758403650899,1
2017-05-19,35.51131057739258,35.72475851433993,35.411548368459925,35.585555185119176,107843200.0,0.0034089104862962127,0.015240673223844814,-0.03357545647013216,-0.0014770354619455528,35.591131591796874,34.63181114196777,33.51415512084961,1.0253957100834095,1.0595914009868777,0.016148097970736252,0.01269478865785533,65.96003091531412,-0.19683509988620185,119466180.0,0.9027090344731873,1
2017-05-22,35.72709655761719,35.86398113051497,35.476526206788755,35.72941537506011,91865600.0,0.0060765422823336745,0.0034089104862962127,0.015240673223844814,-0.03357545647013216,35.511785888671874,34.75872611999512,33.585716018676756,1.027859779276117,1.0637586686479938,0.013893408540976981,0.012635777335689978,65.96588193891348,-0.1481558410729652,120632600.0,0.7615321231574218,0
2017-05-23,35.68301010131836,35.93821805739705,35.569324336589276,35.93821805739705,79675600.0,-0.0012339781439482111,0.0060765422823336745,0.0034089104862962127,0.015240673223844814,35.43429412841797,34.87315406799316,33.65611793518067,1.0232229075622525,1.060223587581947,0.013781249028889652,0.01266979977371636,66.74227750025487,-0.13269384840462584,120842080.0,0.6593365489902193,0
2017-05-24,35.57628631591797,35.76885435745666,35.4208405923051,35.69229090430183,76712000.0,-0.0029908851606789133,-0.0012339781439482111,0.0060765422823336745,0.0034089104862962127,35.577674102783206,34.992066383361816,33.72535568237305,1.0166957825855618,1.054882464427568,0.013720045960738711,0.012574520704508454,66.94914362110893,-0.03719582908694752,120669440.0,0.6357201956021342,1
2017-05-25,35.69926452636719,35.81063152266454,35.504377593117475,35.66678337082557,76942400.0,0.0034567467036095145,-0.0029908851606789133,-0.0012339781439482111,0.0060765422823336745,35.63939361572265,35.11585674285889,33.79026016235352,1.0166137989393336,1.0564956989038081,0.013475607425113095,0.012557648820853657,63.822228953147274,0.0030034414433204315,121667300.0,0.6323999957260497,0
2017-05-26,35.63893127441406,35.78509819474404,35.56932781043888,35.72941471552804,87710400.0,-0.0016900418749120627,0.0034567467036095145,-0.0029908851606789133,-0.0012339781439482111,35.66491775512695,35.23824768066406,33.85289474487305,1.0113707014429627,1.0527587535128442,0.012554780020571664,0.012572622241288455,53.792512795950756,0.13994884485017356,121880740.0,0.7196411836685599,1
2017-05-30,35.65285110473633,35.82917681122101,35.57396883132312,35.59484880837146,80507600.0,0.00039057934187436416,-0.0016900418749120627,0.0034567467036095145,-0.0029908851606789133,35.65006866455078,35.32748546600342,33.91904281616211,1.0092099857785242,1.051116073586489,0.012562647758120866,0.011949658498322828,51.02376212279122,-0.08212025027818826,119185540.0,0.6754812706306487,0
2017-05-31,35.44172286987305,35.76885667999995,35.35356178429862,35.722455549669306,97804800.0,-0.00592177703384944,0.00039057934187436416,-0.0016900418749120627,0.0034567467036095145,35.601811218261716,35.39542179107666,33.97417526245117,1.0013081092540634,1.0431959744742896,0.012650312812946114,0.012063700330219671,50.42029578535102,0.21485176554760055,115005340.0,0.8504370318804327,1
2017-06-01,35.539161682128906,35.57396518048359,35.31643486944589,35.536842864976805,65616400.0,0.002749268499548263,-0.00592177703384944,0.00039057934187436416,-0.0016900418749120627,35.59438629150391,35.473429107666014,34.038742752075194,1.001853008748136,1.0440797399886996,0.0058774947075094005,0.012004808274474471,47.357658895938144,-0.3291085918073551,109146760.0,0.6011758846529205,1
2017-06-02,36.06583023071289,36.06583023071289,35.471887231987566,35.631974149961714,111082800.0,0.014819385817106179,0.002749268499548263,-0.00592177703384944,0.00039057934187436416,35.66769943237305,35.583892250061034,34.10654220581055,1.0135437117801813,1.0574461055911013,0.005772200314285748,0.012231366195772194,47.78777900399129,0.6929121378192038,110026520.0,1.009600230926144,0
2017-06-05,35.713165283203125,35.83381102746354,35.604124244177186,35.808289880411884,101326800.0,-0.009778367647542585,0.014819385817106179,0.002749268499548263,-0.00592177703384944,35.68254623413086,35.648649024963376,34.16959884643555,1.001809781296188,1.0451736774465703,0.006804838764382119,0.012137464098160041,44.402267962328196,-0.08782637816115546,109627320.0,0.9242842021496102,1
2017-06-06,35.83381271362305,36.1493453010279,35.67836700705885,35.70620697236029,106499600.0,0.003378234033953431,-0.009778367647542585,0.014819385817106179,0.002749268499548263,35.7187385559082,35.67265014648437,34.23636215209961,1.0045178187344335,1.0466594714247546,0.006613826716141088,0.010598649297624226,46.83223584774634,0.05105065984517432,105201820.0,1.01233609836788,1
2017-06-07,36.04726791381836,36.18879366602264,35.840779869472385,35.966066818730944,84278400.0,0.005956809617251979,0.003378234033953431,-0.009778367647542585,0.014819385817106179,35.839847564697266,35.69600200653076,34.3062858581543,1.0098404831785737,1.0507481941607575,0.006814219861502047,0.010586482510778228,71.69444576040217,-0.20865054892224943,101589660.0,0.8295962404047813,0
2017-06-08,35.95909118652344,36.08669335761769,35.822203128879956,36.01941227722577,85003200.0,-0.0024461417576980837,0.005956809617251979,0.003378234033953431,-0.009778367647542585,35.92383346557617,35.72337894439697,34.36095222473145,1.0065982627929275,1.0465103222791865,0.006780536517483479,0.010536662238624135,62.38585338362739,0.008600068344913891,100678680.0,0.8443018919199179,0
2017-06-09,34.564720153808594,36.00549844870563,33.87797509248136,36.00549844870563,259530800.0,-0.03877659269757683,-0.0024461417576980837,0.005956809617251979,0.003378234033953431,35.62361145019531,35.665724754333496,34.38625259399414,0.9691298968937642,1.0051900845934465,0.014217686311749606,0.013579446684990016,36.736406504395305,2.053188585841474,108204200.0,2.3985279684152743,0
2017-06-12,33.73876953125,33.89421523399402,33.06362206785271,33.81301415713416,289229200.0,-0.02389577056846459,-0.03877659269757683,-0.0024461417576980837,0.005956809617251979,35.22873229980469,35.541831970214844,34.39591194152832,0.949269288075081,0.9808947525102566,0.015631289654463875,0.0139369132666022,26.207891325384807,0.11443111954342222,116160260.0,2.4899152257407136,1
2017-06-13,34.01021957397461,34.20974757944908,33.67612584014028,34.14246648535844,136661600.0,0.008045641453319208,-0.02389577056846459,-0.03877659269757683,-0.0024461417576980837,34.864013671875,35.43615169525147,34.41224792480469,0.9597605255350586,0.9883172888993313,0.016123486051128372,0.014172085784196894,31.016500690054045,-0.5274972236551496,117791400.0,1.1602001504354307,0
2017-06-14,33.678443908691406,34.2213443869501,33.37219017828201,34.2213443869501,126124800.0,-0.009755175633652358,0.008045641453319208,-0.02389577056846459,-0.03877659269757683,34.39024887084961,35.31655044555664,34.42176345825195,0.9536164626443199,0.9784055354844887,0.01620411698690379,0.014248613214513732,29.5091838567091,-0.07710139497854551,120087940.0,1.05027032689544,0
2017-06-15,33.47660446166992,33.520686774191034,32.9940284619106,33.25155880437353,128661600.0,-0.005993134586880222,-0.009755175633652358,0.008045641453319208,-0.02389577056846459,33.893751525878905,35.24741134643555,34.422297897338865,0.9497606542687368,0.9725267197881623,0.015975580902458,0.0123789727747025,26.40397974812315,0.02011341147815493,116367480.0,1.1056491040280325,0
2017-06-16,33.00795364379883,33.52533322761829,32.991711298658295,33.358286301332036,201444400.0,-0.013999353441227602,-0.005993134586880222,-0.009755175633652358,0.008045641453319208,33.58239822387695,35.12827568054199,34.41692497253418,0.9396405887944669,0.9590616730036237,0.014350476203916012,0.011961734505984674,24.297508588055805,0.5656917059946402,119726060.0,1.682544301549721,1
2017-06-19,33.95221710205078,34.045022883262455,33.330434298736115,33.330434298736115,130165600.0,0.02860714930837127,-0.013999353441227602,-0.005993134586880222,-0.009755175633652358,33.62508773803711,35.0503210067749,34.43210090637207,0.9686706462827582,0.9860628950401199,0.018555522808318414,0.013889468247962186,35.941643809525004,-0.353838577791192,120842180.0,1.077153689216795,0
2017-06-20,33.64364242553711,34.075179545849174,33.62740362744633,34.075179545849174,99600400.0,-0.009088498568037062,0.02860714930837127,-0.013999353441227602,-0.005993134586880222,33.55177230834961,34.9461483001709,34.44258399963379,0.9627281993012254,0.976803669140934,0.01835617551060396,0.013830545467829188,35.37177289310901,-0.2348178013238521,121228920.0,0.8215894359200758,1
2017-06-21,33.84317779541016,33.88958246333637,33.55084750444229,33.76197670689753,85063200.0,0.0059308492032241755,-0.009088498568037062,0.02860714930837127,-0.013999353441227602,33.58471908569336,34.85415668487549,34.45784339904785,0.9709940223599205,0.9821618086622718,0.01835427721806686,0.013968302779502855,36.42783790285265,-0.14595523712756175,121498300.0,0.7001184378711471,0
2017-06-22,33.78749084472656,34.03573877374179,33.66916392232728,33.81997198142515,76425200.0,-0.001645440951799526,0.0059308492032241755,-0.009088498568037062,0.02860714930837127,33.64689636230469,34.764716911315915,34.47910552978516,0.9718902912662215,0.9799410490953387,0.018373904049643782,0.013969307802676594,30.281091667618682,-0.10154802546812247,121483960.0,0.6290970429347216,1
2017-06-23,33.93828582763672,34.1424549381907,33.666835645746936,33.6714768183079,141757600.0,0.004463041769013021,-0.001645440951799526,0.0059308492032241755,-0.009088498568037062,33.83296279907226,34.67666797637939,34.50259796142578,0.9787066580547579,0.9836443581894916,0.014497275250789544,0.013993617875051564,34.082290909737864,0.8548541580525795,124724720.0,1.1365637862325928,0
2017-06-26,33.83156967163086,34.40231009217581,33.729485098153745,34.14477984187781,102769600.0,-0.003144417975257885,0.004463041769013021,-0.001645440951799526,0.0059308492032241755,33.808833312988284,34.586299896240234,34.52742156982422,0.9781783472972366,0.9798463984115886,0.012289487907757565,0.013993335636881247,31.998235753296342,-0.2750328730170375,125477680.0,0.8190269376991988,0
2017-06-27,33.346675872802734,33.910459977521306,33.32115472336808,33.64364731703564,99047600.0,-0.014332583546507127,-0.003144417975257885,0.004463041769013021,-0.001645440951799526,33.7494400024414,34.470991134643555,34.538943405151365,0.9673837268719878,0.9654804862336696,0.012759333790648161,0.014218443756473211,26.84947436301593,-0.03621693574753626,126404680.0,0.7835754182519191,1
2017-06-28,33.833892822265625,33.89885509731291,33.21442885223566,33.52300142879953,88329600.0,0.014610660184581015,-0.014332583546507127,-0.003144417975257885,0.004463041769013021,33.7475830078125,34.39059963226318,34.563120727539065,0.9838122389271954,0.9789015606830778,0.013402020218161337,0.014746184139145843,32.94854089842855,-0.10821059773280728,125930920.0,0.7014131239571664,0
2017-06-29,33.33506774902344,33.67148379594912,33.01025640599368,33.5740403930402,125997600.0,-0.014743354418676802,0.014610660184581015,-0.014332583546507127,-0.003144417975257885,33.657098388671876,34.28039493560791,34.57972457885742,0.9724236786548064,0.9640061670533088,0.01414128796862389,0.014953568183256553,38.47814555712354,0.42644821215085327,128949980.0,0.9771044555415984,1
2017-06-30,33.41395950317383,33.63204867536002,33.35827603149477,33.51372174056437,92096400.0,0.0023666294829325363,-0.014743354418676802,0.014610660184581015,-0.014332583546507127,33.552233123779295,34.14780139923096,34.5897730255127,0.9785098347188568,0.9660069026335728,0.013306462847228456,0.014418310887507214,46.46108216979259,-0.269062267852721,128000660.0,0.719499415081141,0
2017-07-03,33.29331588745117,33.71093310139228,33.20051363554381,33.613489674835854,57111200.0,-0.0036105752660410273,0.0023666294829325363,-0.014743354418676802,0.014610660184581015,33.44458236694336,34.02680892944336,34.598194427490235,0.9784436723551382,0.962284779259976,0.009239694663440342,0.014347516496070462,41.92368385768167,-0.3798758691979274,125789880.0,0.4540206255065988,1
2017-07-05,33.430198669433594,33.59260437172023,33.11234725637412,33.33739642246375,86278400.0,0.004111419314470233,-0.0036105752660410273,0.0023666294829325363,-0.014743354418676802,33.46128692626953,33.90662822723389,34.6030224609375,0.9859487780793955,0.9661063193879124,0.009042478907978749,0.01436668061995723,47.07493621818326,0.5107089327487428,124778820.0,0.6914506804920899,0
2017-07-06,33.11466979980469,33.29331786251225,33.040428701910386,33.18195444558119,96515200.0,-0.009438438363736257,0.004111419314470233,-0.0036105752660410273,0.0023666294829325363,33.31744232177734,33.7599983215332,34.59742683410644,0.9808848177188177,0.9571425631908544,0.009115075838845965,0.014252809087767333,45.846615577632086,0.11864846821452413,125390660.0,0.7697160219110418,1
2017-07-07,33.451072692871094,33.58331958846352,33.154101307185634,33.154101307185634,76806800.0,0.010158727086820862,-0.009438438363736257,0.004111419314470233,-0.0036105752660410273,33.340643310546874,33.63459739685059,34.60248748779297,0.9945435736359765,0.966724508019024,0.00991494113386861,0.01460581353828291,55.24418950069567,-0.20419996021352083,124980840.0,0.6145485980091029,1
2017-07-10,33.655250549316406,33.86173857462647,33.26315447492133,33.434842539856305,84362400.0,0.006103776052862608,0.010158727086820862,-0.009438438363736257,0.004111419314470233,33.38890151977539,33.58912391662598,34.61112335205078,1.001968691796028,0.9723824970079239,0.01002751425296881,0.012141551267542992,45.739081697886846,0.09837149835691639,116222420.0,0.7258702752876769,1
2017-07-11,33.7642822265625,33.83852683386078,33.49747319196195,33.57867424849451,79127200.0,0.003239663216481725,0.006103776052862608,0.010158727086820862,-0.009438438363736257,33.48309478759766,33.5903995513916,34.62258674621582,1.0051765587040686,0.9752096940085756,0.010064248136273534,0.010935487626856,51.83609439354019,-0.062056081856372014,105717320.0,0.7484790571686835,1
2017-07-12,33.813018798828125,33.91509986316414,33.59957078037794,33.84317758457734,99538000.0,0.0014434357567145728,0.003239663216481725,0.006103776052862608,0.010158727086820862,33.55965881347656,33.580539512634275,34.621485214233395,1.0069230360669572,0.9766484190264345,0.008744613678176586,0.010781392765377392,49.518907788022354,0.2579492260562739,103861140.0,0.958375769801872,1
2017-07-13,34.283992767333984,34.45103963699194,33.74341102804902,33.75733101049074,100797600.0,0.013928776111590047,0.0014434357567145728,0.003239663216481725,0.006103776052862608,33.79352340698242,33.610816955566406,34.625505142211914,1.0200285465437366,0.9901369706095178,0.008632301113324536,0.01097964503785305,56.99354243839847,0.012654463621933232,102594780.0,0.9824827345016969,1
2017-07-14,34.578651428222656,34.6459360822605,34.18191765786568,34.33040341206484,80528400.0,0.008594642487774085,0.013928776111590047,0.0014434357567145728,0.003239663216481725,34.019039154052734,33.66591930389404,34.63749786376953,1.0271114570224447,0.9983010771800457,0.006744477986082253,0.010978780911651885,58.66862896979086,-0.2010881211457416,100188120.0,0.803771944218536,1
2017-07-17,34.69928359985352,35.010174972615246,34.46959683558217,34.52759911588152,95174000.0,0.0034886314719726474,0.008594642487774085,0.013928776111590047,0.0014434357567145728,34.227845764160165,33.750485801696776,34.65435218811035,1.0281121227034027,1.001296558986279,0.00672933575157112,0.01034243501233157,61.70215392973344,0.18186875686093362,94874600.0,1.0031557445301482,1
2017-07-18,34.81993103027344,34.83153219493407,34.49279730380701,34.61576186081721,71475200.0,0.0034769429770136195,0.0034886314719726474,0.008594642487774085,0.013928776111590047,34.43897552490235,33.79387149810791,34.66239021301269,1.0303622960814944,1.0045450073204012,0.00621549723939083,0.00834383451037847,72.0332765488417,-0.24900498035177676,91940080.0,0.7774106787812236,1
2017-07-19,35.03801727294922,35.13081950217448,34.78976582249554,34.912730369299176,83692000.0,0.006263258892907464,0.0034769429770136195,0.0034886314719726474,0.008594642487774085,34.68397521972656,33.863590240478516,34.65607475280762,1.0346811139672623,1.0110209399900563,0.006237346317019309,0.008038831173102409,69.58486688787906,0.1709236210601719,91144660.0,0.9182326205397003,0
2017-07-20,34.8802490234375,35.205063904111555,34.84544907273368,35.14938044280735,68974800.0,-0.00450277332426352,0.006263258892907464,0.0034769429770136195,0.0034886314719726474,34.803226470947266,33.91544380187988,34.64207511901856,1.0284473712681932,1.006875278215888,0.005079849543589606,0.008112840089694926,78.26830956820795,-0.17584954356449845,90340240.0,0.7635002962135146,0
2017-07-21,34.864013671875,34.90345479996306,34.541521116163516,34.799051397356024,105010400.0,-0.00046545973773270966,-0.00450277332426352,0.006263258892907464,0.0034769429770136195,34.86029891967773,33.96926994323731,34.631124343872074,1.0263397985924576,1.0067248561060402,0.005042921138074815,0.008092708708604894,77.150440480493,0.5224458787847155,91769500.0,1.1442843210434839,1
2017-07-24,35.2862663269043,35.36747093524196,34.7781657860091,34.93593382901929,85972800.0,0.012111418352555692,-0.00046545973773270966,-0.00450277332426352,0.006263258892907464,34.97769546508789,34.036668968200686,34.6224935913086,1.036713268265795,1.0191717195020964,0.00562486608352454,0.008409598511236327,83.52860238019449,-0.1812925195980588,88980260.0,0.9662008180241325,1
2017-07-25,35.43707275390625,35.69228065092934,35.21898362396672,35.21898362396672,75415600.0,0.0042737994891506315,0.012111418352555692,-0.00046545973773270966,-0.00450277332426352,35.10112380981445,34.11694412231445,34.606902542114256,1.0386942226378464,1.0239885731114402,0.005603317753641217,0.008334807054259135,83.60540967312512,-0.12279697764874475,87612560.0,0.8607852572736147,1
2017-07-26,35.604122161865234,35.71316319451389,35.51131638702401,35.57860101630619,63124000.0,0.004713973107176805,0.0042737994891506315,0.012111418352555692,-0.00046545973773270966,35.21434478759765,34.22981643676758,34.596508483886716,1.0401493746727037,1.02912472160154,0.005475653290714119,0.007358856727253497,93.86762711021305,-0.16298484663650492,85816380.0,0.7355705286100392,0
2017-07-27,34.93129348754883,35.727086631610675,34.17494501031293,35.671403166837266,129905200.0,-0.018897493701924728,0.004713973107176805,0.0042737994891506315,0.012111418352555692,35.22455368041992,34.28468647003174,34.57372497558594,1.0188599367266284,1.0103422038619034,0.008601159642897437,0.008391662254512735,73.31875026291593,1.0579367593942082,87895160.0,1.4779562378633817,0
2017-07-28,34.685359954833984,34.85472560416631,34.61343770128921,34.775843360935134,68854800.0,-0.0070404931555857475,-0.018897493701924728,0.004713973107176805,0.0042737994891506315,35.18882293701172,34.35220108032227,34.57024444580078,1.009698326862163,1.0033299015057207,0.00867093491666436,0.007753066732649261,66.01717042662709,-0.46996117168519813,85038020.0,0.8096942990911594,0
2017-07-31,34.506717681884766,34.877933714220624,34.36751432489266,34.778167945206754,79383600.0,-0.005150365260208956,-0.0070404931555857475,-0.018897493701924728,0.004713973107176805,35.03291320800781,34.406838989257814,34.55256546020508,1.0029028732531382,0.9986731006016581,0.008752591290139555,0.007915671717077272,61.29952195111756,0.1529130866693389,84402380.0,0.9405374587778212,1
2017-08-01,34.81297302246094,34.85241415241093,34.43247816509669,34.59256504206811,141474400.0,0.008875238247796347,-0.005150365260208956,-0.0070404931555857475,-0.018897493701924728,34.90809326171875,34.4828218460083,34.538598709106445,1.0095743665621977,1.0079439908858303,0.009182531966889106,0.007971928027447485,64.1126027763062,0.7821615547795766,88620540.0,1.5964064312855688,1
2017-08-02,36.45792007446289,37.06346413718461,36.23055208383855,36.954419546336645,279747200.0,0.04725097885034568,0.008875238247796347,-0.005150365260208956,-0.0070404931555857475,35.078852844238284,34.63420791625977,34.553215179443356,1.0526563841913918,1.0551238107692131,0.017584123876260585,0.012844838980396261,73.0447905563113,0.9773697573553943,98293980.0,2.846025768821244,0
2017-08-03,36.09367370605469,36.47416866048852,35.9660679353221,36.437046338060945,108389200.0,-0.009990870781006023,0.04725097885034568,0.008875238247796347,-0.005150365260208956,35.31132888793945,34.78315811157226,34.561428451538085,1.0376767282107837,1.0443339677544032,0.017964567053754956,0.01287676623329153,65.8265508787702,-0.6125458985827203,98887680.0,1.0960839611162887,1
2017-08-04,36.283912658691406,36.51824063755716,36.12150695352806,36.209671567836246,82239600.0,0.005270700737919132,-0.009990870781006023,0.04725097885034568,0.008875238247796347,35.631039428710935,34.924800109863284,34.57558097839355,1.0389153995027245,1.0494086182200495,0.017912969327936033,0.012807791419081513,66.31640552886782,-0.2412565089510763,99159320.0,0.8293683337078148,1
2017-08-07,36.84538269042969,36.87090384556407,36.348883114325915,36.439366566133344,87481200.0,0.01547435187102919,0.005270700737919132,-0.009990870781006023,0.04725097885034568,36.09877243041992,35.084306716918945,34.59850334167481,1.0501955471920865,1.0649415186132765,0.018109702628608042,0.01305211350212394,69.119720795037,0.06373571855894244,99315260.0,0.880843487697661,1
2017-08-08,37.14002227783203,37.54603825885882,36.72008631531287,36.79664975369933,144823600.0,0.007996648857683697,0.01547435187102919,0.005270700737919132,-0.009990870781006023,36.56418228149414,35.25309371948242,34.62852516174316,1.053525190536875,1.0725268288025016,0.018143273407116144,0.013069008062474597,69.55967064750224,0.6554825493934697,102600080.0,1.4115349617661117,1
2017-08-09,37.36739349365234,37.416116973301776,36.914976354816375,36.949776311581175,104526000.0,0.006121999984798565,0.007996648857683697,0.01547435187102919,0.005270700737919132,36.74607696533203,35.430812454223634,34.662816009521485,1.0546581042117156,1.0780253249876737,0.01814756122110679,0.013046567113944136,72.84753312943113,-0.2782529919156822,102849480.0,1.016300714403223,0
2017-08-10,36.17717361450195,37.267238638725885,36.01645807921951,37.243945192944345,163217200.0,-0.031851830375928314,0.006121999984798565,0.007996648857683697,0.01547435187102919,36.762776947021486,35.52547149658203,34.67752502441406,1.0183446437292922,1.0432455484937895,0.020368712776924463,0.015245014934107957,59.922770974661915,0.5614985745173449,105970460.0,1.5402141313720823,1
2017-08-11,36.68027877807617,36.93416454339408,36.35186393739302,36.47531138153877,105028400.0,0.013906701748876982,-0.031851830375928314,0.006121999984798565,0.007996648857683697,36.84205017089844,35.63055286407471,34.700347366333006,1.029461398424156,1.0570579709430845,0.020218481762519433,0.015396790686573467,60.406566669096755,-0.35651144609759267,107195460.0,0.9797840318983658,1
2017-08-14,37.23230743408203,37.31615887536622,36.97609370957996,37.108859972480495,88490800.0,0.015049739925526717,0.013906701748876982,-0.031851830375928314,0.006121999984798565,36.91943511962891,35.75720405578613,34.72367691040039,1.0412533199182614,1.072245532354042,0.020011983775802565,0.015628759513273256,62.64432113851285,-0.1574583636425957,106861300.0,0.8280902440827502,1
2017-08-15,37.63990783691406,37.779657832245334,37.29984276218854,37.420962268073296,117862000.0,0.010947492404376646,0.015049739925526717,0.013906701748876982,-0.031851830375928314,37.019412231445315,35.898202896118164,34.76221176147461,1.0485178866985634,1.08278230669513,0.020034951786031593,0.015713591437419298,63.86864329918772,0.33191246999688095,109180640.0,1.0795137306394247,0
2017-08-16,37.48851013183594,37.85186512027864,37.30217323789386,37.71910243792333,110686400.0,-0.004022265562766525,0.010947492404376646,0.015049739925526717,0.013906701748876982,37.043635559082034,36.0207275390625,34.795305709838864,1.040748277257357,1.077401372600544,0.014739962819364669,0.015804286850949197,68.7531576553315,-0.06088136973748959,110530360.0,1.0014117388199948,0
2017-08-17,36.76879119873047,37.43261533993221,36.76413179853818,37.388359923307966,111762400.0,-0.01919838720115663,-0.004022265562766525,0.010947492404376646,0.015049739925526717,37.16195907592773,36.11515464782715,34.80973617553711,1.018098677889578,1.0562789391253733,0.015877676960920482,0.016521459065133956,64.28596464703801,0.009721158154931464,112669740.0,0.9919469060636866,0
2017-08-18,36.6849365234375,37.15077698722718,36.50325902688598,36.76878794908287,109712400.0,-0.0022805937470107285,-0.01919838720115663,-0.004022265562766525,0.010947492404376646,37.162890625,36.206200790405276,34.82425308227539,1.0132224790942188,1.0534306776592186,0.015882796517453616,0.016545129298510094,65.13262750606228,-0.01834248369755842,112904840.0,0.971724507115904,0
2017-08-21,36.61739730834961,36.775781386413854,36.12826331840998,36.68494262303436,105474000.0,-0.0018410612498876988,-0.0022805937470107285,-0.01919838720115663,-0.004022265562766525,37.03990859985352,36.272757339477536,34.86530662536621,1.0095013446495555,1.050253127035707,0.015078961789264858,0.016420117239101258,62.965840084162224,-0.038631913986021615,113879900.0,0.9261862716774426,1
2017-08-22,37.216007232666016,37.267249985722934,36.806068762292554,36.85498003761294,86418400.0,0.01634769176180395,-0.0018410612498876988,-0.0022805937470107285,-0.01919838720115663,36.9551284790039,36.36170406341553,34.93485137939453,1.0234945856156952,1.0652974254419463,0.015816095932461097,0.01672793893840475,56.41138310214312,-0.18066632535032334,114430040.0,0.755207286478271,1
2017-08-23,37.262577056884766,37.37670924800208,37.00636693869412,37.050622350639216,77596400.0,0.0012513385417087797,0.01634769176180395,-0.0018410612498876988,-0.0022805937470107285,36.909941864013675,36.444626808166504,34.999898529052736,1.0224436445192238,1.0646481453640166,0.01569200747218803,0.0167226529898114,60.447151062133806,-0.10208474121251954,115153660.0,0.6738509223241362,0
2017-08-24,37.09720993041992,37.43960298887121,36.929507062848636,37.367394724546074,79275600.0,-0.004437887540960861,0.0012513385417087797,0.01634769176180395,-0.0018410612498876988,36.975625610351564,36.55292263031006,35.068273849487305,1.0148903907251055,1.0578567422406016,0.01133052688803325,0.01605204918028841,57.30135910121104,0.021640179183570307,112622180.0,0.7039075251429159,1
2017-08-25,37.2346305847168,37.39767404573715,37.09720849286256,37.18571576937024,101920400.0,0.003704339343972851,-0.004437887540960861,0.0012513385417087797,0.01634769176180395,37.08556442260742,36.6803861618042,35.143434371948246,1.0151101032706613,1.0595046059140356,0.010634488521715004,0.015872403586183904,53.78245271702425,0.2856465293230199,114275460.0,0.8918835242492132,1
2017-08-28,37.60963439941406,37.73308185201082,37.25093521127621,37.29985002932449,103864000.0,0.01007137196766461,0.003704339343972851,-0.004437887540960861,0.0012513385417087797,37.28401184082031,36.83553199768066,35.235467987060545,1.0210151003596784,1.0673800164432434,0.01003185936491248,0.01579188315801979,54.4932017630304,0.019069783870550028,115499480.0,0.8992594598694297,1
2017-08-29,37.94503784179688,37.99394910280157,37.2672390780848,37.29053252414095,118067600.0,0.008918019218715045,0.01007137196766461,0.003704339343972851,-0.004437887540960861,37.42981796264648,36.992135238647464,35.31532440185547,1.025759599898788,1.0744638052879742,0.009827932859043306,0.01579251952544919,55.4149019405909,0.13675190633905876,114329140.0,1.032699100159417,1
2017-08-30,38.04751205444336,38.17328738530216,37.87514984526369,38.15232542250566,109078400.0,0.002700595874320033,0.008918019218715045,0.01007137196766461,0.003704339343972851,37.586804962158205,37.071614837646486,35.40340179443359,1.0263246481457786,1.0746852032853378,0.009686436852379701,0.012159427229152421,72.02422449977001,-0.07613604409677166,105795700.0,1.0310286712976047,1
2017-08-31,38.198917388916016,38.32003690260881,38.07779787522322,38.11506596467956,107140400.0,0.003979375425547049,0.002700595874320033,0.008918019218715045,0.01007137196766461,37.80714645385742,37.17687702178955,35.49051658630371,1.0274912916038494,1.0763133665869917,0.006388839206934833,0.011818316013776113,69.49775294546338,-0.01776703728694229,105733260.0,1.0133083951067052,1
2017-09-01,38.2105712890625,38.41787018874405,38.11274520142325,38.385261492864295,66364400.0,0.0003050845663459256,0.003979375425547049,0.002700595874320033,0.008918019218715045,38.00233459472656,37.273209953308104,35.57897819519043,1.0251483930932865,1.0739648305646903,0.006161835611887543,0.011818169708726223,64.58345654636526,-0.3805847280764305,104939500.0,0.6324062912440025,0
2017-09-05,37.751712799072266,38.257149291687355,37.39767304031707,38.14068917207796,117874000.0,-0.012008679130154243,0.0003050845663459256,0.003979375425547049,0.002700595874320033,38.0307502746582,37.31852645874024,35.65524673461914,1.011607809349358,1.058798248685728,0.007856822583981788,0.011847168986941834,51.64164257236412,0.7761631236024134,106459140.0,1.1072229213950067,0
2017-09-06,37.71211624145508,37.963670522676125,37.38835725576962,37.898453140961124,86606800.0,-0.001048867844167356,-0.012008679130154243,0.0003050845663459256,0.003979375425547049,37.98416595458984,37.347131156921385,35.732857666015626,1.0097727743263636,1.0553904362740587,0.0063807658458818715,0.011749638357434,53.39468243442808,-0.2652595143967287,103548300.0,0.8363903608267832,0
2017-09-07,37.56071853637695,37.788982942143555,37.351091731330314,37.75404277191512,87714000.0,-0.004014564022575384,-0.001048867844167356,-0.012008679130154243,0.0003050845663459256,37.88680725097656,37.35679740905762,35.81713851928711,1.0054587422226373,1.0486800478533744,0.00660264772087052,0.011727985964863673,64.52995102067098,0.012784215558131695,102707700.0,0.8540158138094807,0
2017-09-08,36.94814300537109,37.53509951790412,36.92484955709291,37.46755420442734,114446000.0,-0.01630894069325639,-0.004014564022575384,-0.001048867844167356,-0.012008679130154243,37.63665237426758,37.39534587860108,35.87942352294922,0.9880412157523085,1.0297864173246345,0.008458680917133038,0.009847956598520903,54.04450728266872,0.3047632076977449,100269140.0,1.141388068153372,1
2017-09-11,37.61663436889648,37.74474126487017,37.241632484727475,37.38371403224697,126323200.0,0.018092691787736426,-0.01630894069325639,-0.004014564022575384,-0.001048867844167356,37.51786499023437,37.44216365814209,35.96505485534668,1.0046597390136787,1.0459217849157338,0.01026059529810717,0.010173541509782126,62.96085183865721,0.10377994862205764,101333880.0,1.2466038012163356,0
2017-09-12,37.467559814453125,38.18961417021549,36.98075723764855,37.87517034178439,286856000.0,-0.003962995545572112,0.018092691787736426,-0.01630894069325639,-0.004014564022575384,37.46103439331054,37.45392627716065,36.04612686157227,1.0003640082268435,1.0394337221954408,0.009843719322752416,0.009699376431424343,53.693553211295914,1.2708101124734017,111252140.0,2.5784313002877965,0
2017-09-13,37.18571090698242,37.257919159067484,36.78043200745177,37.23695363861418,179629600.0,-0.007522478348375938,-0.003962995545572112,0.018092691787736426,-0.01630894069325639,37.35575332641601,37.431216430664065,36.12397476196289,0.9934411556157571,1.029391454069376,0.00949331595038587,0.00951577667884067,48.9443120686873,-0.3737987003932287,114340520.0,1.5710056242528896,0
2017-09-14,36.86661529541016,37.127484826851486,36.822359881166186,37.03199022957224,95042800.0,-0.008581135166958465,-0.007522478348375938,-0.003962995545572112,0.018092691787736426,37.216932678222655,37.40012168884277,36.192703094482425,0.9857351695839063,1.0186201124345,0.009545633165102754,0.00965654271772958,46.96130208223379,-0.4708956653023778,113558340.0,0.8369512974564439,1
2017-09-15,37.23929977416992,37.493182055504654,36.801408460248126,36.910881288728575,196458400.0,0.010108996331056108,-0.008581135166958465,-0.007522478348375938,-0.003962995545572112,37.27516403198242,37.42364711761475,36.27519569396973,0.9950740412107494,1.0265775018371703,0.010223943867058874,0.008911269061074409,50.05793665970543,1.0670518966192075,117793140.0,1.6678254777824923,0
2017-09-18,36.95746994018555,37.383714589093124,36.80141373879572,37.29287579861003,113077600.0,-0.007568075546357633,0.010108996331056108,-0.008581135166958465,-0.007522478348375938,37.143331146240236,37.437273788452146,36.345323638916014,0.9871837930566782,1.0168425051693333,0.010287384715803143,0.00908035430174576,41.716211148162444,-0.42441962267838895,117961400.0,0.9585983211457307,1
2017-09-19,36.97142791748047,37.213666952238235,36.903882613105765,37.153105416508424,83242400.0,0.000377676754320877,-0.007568075546357633,0.010108996331056108,-0.008581135166958465,37.044104766845706,37.454975318908694,36.411647186279296,0.987089902014056,1.0153736722850624,0.009856492155138032,0.009064955211920543,36.53354241501994,-0.2638471279899821,116849820.0,0.7123879180986329,0
2017-09-20,36.35186767578125,36.86196007366764,35.83012499967972,36.77810863561706,211805600.0,-0.01675781208889382,0.000377676754320877,-0.007568075546357633,0.010108996331056108,36.87733612060547,37.41176834106445,36.46339889526367,0.9716693245927159,0.9969412829615039,0.010879243702793702,0.009045251355969694,29.481705374972123,1.5444436969621251,123119180.0,1.7203298462514127,0
2017-09-21,35.72763442993164,36.28897304494731,35.578565622840415,36.28897304494731,150046800.0,-0.017171971779196715,-0.01675781208889382,0.000377676754320877,-0.007568075546357633,36.649539947509766,37.3350212097168,36.50169120788574,0.9569469434406851,0.978793947558603,0.011697942611752986,0.009703581049291362,23.166569466903397,-0.29158246996302273,126741700.0,1.1838787076392379,0
2017-09-22,35.37825012207031,35.466760938093564,35.06846582006925,35.296726627935186,186581600.0,-0.009779105542140898,-0.017171971779196715,-0.01675781208889382,0.000377676754320877,36.277330017089845,37.24907321929932,36.52357635498047,0.9497753115570214,0.9686414544463421,0.01116213158020942,0.009845046714267664,21.34779689272723,0.24348936465156212,132107000.0,1.4123521085180952,0
2017-09-25,35.0661506652832,35.36428835466453,34.74239160162309,34.935715870439076,177549200.0,-0.008821788972327105,-0.009779105542140898,-0.017171971779196715,-0.01675781208889382,35.89906616210938,37.140649223327635,36.53332633972168,0.9441447954888882,0.9598400742162024,0.007952517930860211,0.009839838695088013,22.00106904401686,-0.04840991823416674,135888440.0,1.3065806039130334,1
2017-09-26,35.66940689086914,35.85108440127797,35.331673239677386,35.35263520916742,146640000.0,0.01720337744921574,-0.008821788972327105,-0.009779105542140898,-0.017171971779196715,35.63866195678711,37.04363784790039,36.55272880554199,0.962902375768984,0.975834309953381,0.011053411883604695,0.010447059594432347,30.94306021959369,-0.17408808375368634,138027240.0,1.062398987330327,1
2017-09-27,35.92329788208008,36.037430111752734,35.76258230191636,35.823143856228384,102016800.0,0.007117892147400218,0.01720337744921574,-0.008821788972327105,-0.009779105542140898,35.552947998046875,36.942550849914554,36.57479614257812,0.9724097837213417,0.982187234674984,0.01161556212035091,0.010349970154234332,35.01074851273823,-0.30430441898527005,137224700.0,0.7434288433496302,0
2017-09-28,35.70201873779297,35.93493900803122,35.56692455456503,35.84410024480155,88022000.0,-0.006159766985020965,0.007117892147400218,0.01720337744921574,-0.008821788972327105,35.54782485961914,36.82527618408203,36.588076171875,0.9694976504541575,0.9757828908543943,0.01152010506884881,0.010296894326145568,37.712469437652835,-0.13718132699712204,136171880.0,0.6464036480953337,1
2017-09-29,35.897674560546875,35.90000603809825,35.40388467475769,35.685719794188195,105199200.0,0.005480245366259684,-0.006159766985020965,0.007117892147400218,0.01720337744921574,35.651709747314456,36.71021404266357,36.60842468261719,0.9778661197351672,0.9805850667371709,0.01101009010565932,0.010356699470504981,31.30692052345516,0.195146667878485,136074820.0,0.7730982117044138,0
2017-10-02,35.825462341308594,35.97453115605567,35.571580127050126,35.93027574081998,74795200.0,-0.0020116127332003853,0.005480245366259684,-0.006159766985020965,0.007117892147400218,35.80357208251953,36.59095859527588,36.62765365600586,0.9790796337851035,0.9780987523189126,0.010927929751214456,0.010330108961942924,31.839176475551554,-0.2890136046661952,136496360.0,0.547964795544731,1
2017-10-03,35.98150634765625,36.12358779147083,35.848743700791964,35.87203358500831,64921200.0,0.0043556732041871715,-0.0020116127332003853,0.005480245366259684,-0.006159766985020965,35.86599197387695,36.50244827270508,36.641558456420896,0.9857285757613587,0.9819862435832344,0.01113706330933606,0.01024061198818295,36.30086159085756,-0.13201381906860332,133848720.0,0.48503414900045366,0
2017-10-04,35.74860000610352,35.837110840962715,35.51102390318841,35.78354017706002,80655200.0,-0.006472945832294186,0.0043556732041871715,-0.0020116127332003853,0.005480245366259684,35.83105239868165,36.4042724609375,36.647789001464844,0.9819891345023438,0.9754640315320147,0.010118226755977342,0.010276140307495714,37.02695787892278,0.24235534771384382,133551140.0,0.6039274543070168,1
2017-10-05,36.19347381591797,36.20512053804694,35.88136156571288,35.91163877835149,85135200.0,0.0124445099874817,-0.006472945832294186,0.0043556732041871715,-0.0020116127332003853,35.92934341430664,36.33591022491455,36.6595760345459,0.9960800098823748,0.987285662600443,0.00936895019302044,0.01080405917714193,38.06457286497788,0.05554508574772621,133422200.0,0.6380887138722042,0
2017-10-06,36.17251205444336,36.21676746633701,36.00014980656297,36.09564795285132,69630400.0,-0.000579158595862439,0.0124445099874817,-0.006472945832294186,0.0043556732041871715,35.984310913085935,36.297128677368164,36.68440040588379,0.9965667636128335,0.9860461573372661,0.008574250136338182,0.010250385830517352,40.47454162330709,-0.18211973425798023,131181420.0,0.5307946811370086,1
2017-10-09,36.29828643798828,36.50558529280248,36.21676649297357,36.29129911567504,65051600.0,0.0034770707479652163,-0.000579158595862439,0.0124445099874817,-0.006472945832294186,36.07887573242188,36.231211280822755,36.716658935546874,1.0018513087140708,0.9886053766958205,0.007639925046281414,0.009293083331443679,42.04725317911569,-0.06575863415979233,128117840.0,0.5077481793324021,1
2017-10-10,36.3122673034668,36.80140127367339,36.12593393775108,36.349535398242395,62468000.0,0.0003851659913036709,0.0034770707479652163,-0.000579158595862439,0.0124445099874817,36.14502792358398,36.17344665527344,36.75276992797851,1.0038376395126596,0.988014437404992,0.005948517423343804,0.009289229844831222,49.45402180967498,-0.03971616378382703,116898440.0,0.5343783886252033,1
2017-10-11,36.463661193847656,36.563815182604465,36.277324306816766,36.32856703960228,67622400.0,0.00416922163288902,0.0003851659913036709,0.0034770707479652163,-0.000579158595862439,36.28804016113281,36.137344169616696,36.78578369140625,1.0090299116254735,0.9912432884328125,0.005724696670127734,0.00925969394659575,61.669208819840215,0.08251264647499523,111298080.0,0.6075792143045056,0
2017-10-12,36.3355598449707,36.654659457585346,36.27267038086556,36.41708335599889,64500400.0,-0.0035131236053325132,0.00416922163288902,0.0003851659913036709,0.0034770707479652163,36.31645736694336,36.11079139709473,36.78333648681641,1.0062244121266768,0.9878266442195587,0.0053816713580643796,0.009107654816834933,66.3228045618751,-0.046168133636191544,109770960.0,0.5875907434898994,1
2017-10-13,36.566139221191406,36.633684507533886,36.43104509442666,36.505577701629406,65576800.0,0.006345832490389336,-0.0035131236053325132,0.00416922163288902,0.0003851659913036709,36.39518280029297,36.077133369445804,36.79278579711914,1.0135544541950705,0.993839918043241,0.005454384684205324,0.008909623663345035,76.3071871374687,0.016688268599884593,103226880.0,0.6352686432061107,1
2017-10-16,37.23929977416992,37.26724907366899,36.71988493126674,36.77811500794435,96486000.0,0.018409396433856973,0.006345832490389336,-0.0035131236053325132,0.00416922163288902,36.5833854675293,36.09122486114502,36.81189353942871,1.0318103615890546,1.0116105473977703,0.00734046319840724,0.009737449068872778,76.87423106961984,0.47134352392919454,102397300.0,0.9422709387845187,1
2017-10-17,37.37670135498047,37.46986800481522,37.08787905396494,37.21598586304763,75989200.0,0.003689692922363985,0.018409396433856973,0.006345832490389336,-0.0035131236053325132,36.79627227783203,36.11148853302002,36.82251991271973,1.0350362965736941,1.0150500683705057,0.007338912426378326,0.009764727840573847,75.91360521916337,-0.2124328918185021,102034640.0,0.744739237576572,0
2017-10-18,37.21134185791016,37.432618962445325,37.174077315008596,37.36507009240364,65496800.0,-0.004424132977916551,0.003689692922363985,0.018409396433856973,0.006345832490389336,36.94580841064453,36.15446224212646,36.82394630432129,1.0292323422958354,1.0105202074320703,0.007041734059844414,0.0089684356983572,77.45815972174063,-0.13807751627862908,94719200.0,0.6914838807760201,0
2017-10-19,36.33089447021485,36.58710813067184,36.107293052070986,36.510244032534736,170336800.0,-0.023660726642357077,-0.004424132977916551,0.003689692922363985,0.018409396433856973,36.94487533569336,36.184625244140626,36.80321632385254,1.004042303190577,0.9871662886884272,0.010607346189652164,0.00975148805837503,56.309278304696186,1.600688888617459,95733700.0,1.779277307781899,1
2017-10-20,36.3937873840332,36.74316774291992,36.32624207844399,36.477638812329246,95896400.0,0.0017311138284776817,-0.023660726642357077,-0.004424132977916551,0.003689692922363985,36.910404968261716,36.23540210723877,36.80754859924316,1.0043710092225744,0.9887587945691535,0.010608085233242739,0.009423258859399833,58.29943546257648,-0.4370188943317005,91199440.0,1.0515020706267495,0
2017-10-23,36.37515258789063,36.72919233940038,36.219096457297425,36.542855441022574,87937200.0,-0.0005120323407380445,0.0017311138284776817,-0.023660726642357077,-0.004424132977916551,36.73757553100586,36.30085220336914,36.80144607543945,1.0020467944968685,0.9884163930223026,0.010565338069128294,0.009124598834397138,55.98889415085772,-0.0829979019024697,86718840.0,1.0140495421756104,1
2017-10-24,36.59177017211914,36.666302798854936,36.38213982913323,36.403101797207604,71028800.0,0.005955097609696924,-0.0005120323407380445,0.0017311138284776817,-0.023660726642357077,36.580589294433594,36.34697036743164,36.788635330200194,1.006735081417043,0.9946487507265744,0.010718263951128749,0.008451852127844545,62.891801534660544,-0.19227812575337855,82938280.0,0.8564055102179596,0
2017-10-25,36.43105697631836,36.696585917849305,36.16552803478742,36.54751710074563,84828400.0,-0.004392058516022201,0.005955097609696924,-0.0005120323407380445,0.0017311138284776817,36.42453231811523,36.372358322143555,36.76445831298828,1.0016138259074356,0.990931422575805,0.010762758910449139,0.008427498059026555,53.9782591754635,0.1942817561327237,82078860.0,1.0334987596075287,1
2017-10-26,36.66397476196289,36.7618008334198,36.517233877737176,36.62204727186381,68002000.0,0.006393385341411761,-0.004392058516022201,0.005955097609696924,-0.0005120323407380445,36.49114837646484,36.420456123352054,36.74796760559082,1.0066863149046257,0.9977143540418504,0.010862715061941126,0.008354041751384052,57.68396693426224,-0.19835809705240226,81077860.0,0.8387246530680509,1
2017-10-27,37.97765350341797,38.105760372075004,36.96444883340868,37.10187094974917,177816800.0,0.0358302325370885,0.006393385341411761,-0.004392058516022201,0.005955097609696924,36.8079216003418,36.524455070495605,36.77214485168457,1.0397869983307775,1.0327832019751813,0.015500394598956298,0.011357724862435121,69.14515730622453,1.6148760330578513,84708740.0,2.099155293774881,1
2017-10-30,38.832462310791016,39.14690605329501,38.13370159774283,38.1732976116592,178803200.0,0.022508204918350483,0.0358302325370885,0.006393385341411761,-0.004392058516022201,37.299383544921874,36.674805068969725,36.81509536743164,1.0588321393328104,1.0547972760419366,0.015973611599055436,0.012100864111826762,74.10882020216778,0.005547282371519469,89909140.0,1.9887099353858795,1
2017-10-31,39.37284469604492,39.514926216689624,38.88371421404958,39.107315704652706,144187200.0,0.013915738356456098,0.022508204918350483,0.0358302325370885,0.006393385341411761,37.85559844970703,36.84437198638916,36.870204315185546,1.0686257513247834,1.0678770412950662,0.016254217344704853,0.012298409609646921,75.90225260016004,-0.19359832486219486,93872440.0,1.5359907551140675,0
2017-11-01,38.87206268310547,39.58247019850598,38.573925029770365,39.566164074081144,134551200.0,-0.012718969553900616,0.013915738356456098,0.022508204918350483,0.0358302325370885,38.34379959106445,37.00054512023926,36.903325424194335,1.050580810547099,1.0533485054878118,0.017002001033367044,0.01266774926581427,71.17855138528896,-0.06682978794234162,96567240.0,1.3933420899261488,1
2017-11-02,39.15620803833008,39.247046758099586,38.49704356243149,38.80449987800804,165573600.0,0.007309757589686772,-0.012718969553900616,0.013915738356456098,0.022508204918350483,38.84224624633789,37.148681831359866,36.94119804382324,1.0540403079733374,1.059960426618519,0.013825314383855107,0.012544851639492111,71.43407336132836,0.2305620462693756,100589160.0,1.6460382013330264,1
2017-11-03,40.178741455078125,40.588679798570986,39.85731038613164,40.528121815557064,237594400.0,0.02611420941851894,0.007309757589686772,-0.012718969553900616,0.013915738356456098,39.28246383666992,37.3489933013916,37.002828674316405,1.0757650448795655,1.0858289188838721,0.014791261036619867,0.013419706859424733,72.99559221579949,0.4349775568085734,108987360.0,2.180017939695025,1
2017-11-06,40.58635330200195,40.75871556536482,39.997065357610694,40.14846209750659,140105200.0,0.010144963036723187,0.02611420941851894,0.007309757589686772,-0.012718969553900616,39.63324203491211,37.56339664459229,37.06986312866211,1.080476126427317,1.0948611588107249,0.014322994348429373,0.013453495260514791,74.09096713640844,-0.41031775159683903,112740040.0,1.2427279607138688,1
2017-11-07,40.7167854309082,40.81927090225437,40.43495393878697,40.50715864248612,97446000.0,0.003213694217258478,0.010144963036723187,0.02611420941851894,0.007309757589686772,39.90203018188477,37.78362255096435,37.13200614929199,1.0776305362458949,1.0965414921887964,0.01445813487766175,0.013409656037911288,76.44979658895775,-0.30447977662499326,114488940.0,0.8511389833812768,1
2017-11-08,41.04986572265625,41.04986572265625,40.60498719669403,40.68185130490328,97638000.0,0.008180417197060974,0.003213694217258478,0.010144963036723187,0.02611420941851894,40.33759078979492,38.012932777404785,37.19410270690918,1.0798920978561444,1.1036659775376387,0.013502235679991694,0.01341357662655814,88.81223668671736,0.001970322024505977,115989720.0,0.8417814958084217,0
2017-11-09,40.96600341796875,41.01724614317385,40.32780082937432,40.7866538797509,117930400.0,-0.0020429373692497643,0.008180417197060974,0.003213694217258478,0.010144963036723187,40.69954986572266,38.24445495605469,37.25247253417969,1.0711619100086873,1.0996854874634654,0.014145869220399291,0.013362479712695437,87.47594787418926,0.20783301583399916,118661220.0,0.9938411218087931,0
2017-11-10,40.8304328918457,40.996402330142,40.73693129386803,40.93328678973554,100582000.0,-0.00330934225484103,-0.0020429373692497643,0.008180417197060974,0.003213694217258478,40.82988815307617,38.4576696395874,37.305102844238284,1.0616980507268137,1.094499941799568,0.01180958509496644,0.013526517384457745,85.83064637360141,-0.1471071072429162,120411480.0,0.8353190243986703,0
2017-11-13,40.66679763793945,40.7906888430598,40.53355413421182,40.55693131387321,67928400.0,-0.004007678643518142,-0.00330934225484103,-0.0020429373692497643,0.008180417197060974,40.845977020263675,38.62904453277588,37.35422737121582,1.0527518381521082,1.0886799299528869,0.010970343830554898,0.013338152474596195,83.05423121289984,-0.3246465570380386,118983600.0,0.5709055701794197,0
2017-11-14,40.05202102661133,40.55226208172439,40.01461895951602,40.449408180641015,99130000.0,-0.015117408968405632,-0.004007678643518142,-0.00330934225484103,-0.0020429373692497643,40.7130241394043,38.76281051635742,37.4002335357666,1.0332589534422403,1.0709029661087215,0.012043814959209734,0.014042356348210092,77.35603708746079,0.4593307070385877,120140640.0,0.8251162970332104,0
2017-11-15,39.52372360229492,39.81358422357712,39.36009404465854,39.7317676613305,116632400.0,-0.013190281308536056,-0.015117408968405632,-0.004007678643518142,-0.00330934225484103,40.40779571533203,38.87842960357666,37.436465682983396,1.0165977382650995,1.0557546734509258,0.01210759707008499,0.014435835133694314,70.6820617118693,0.17656007263189744,122697420.0,0.9505692947740874,1
2017-11-16,39.99591064453125,40.17590135574992,39.80890392663494,40.01460810615006,94550000.0,0.011946927040267896,-0.013190281308536056,-0.015117408968405632,-0.004007678643518142,40.21377716064453,39.06168041229248,37.48516952514648,1.0239167957542545,1.0669795855585091,0.012429583900275848,0.013092745982919167,66.61908848411136,-0.18933332418779003,118908080.0,0.7951520199468363,0
2017-11-17,39.77384185791016,40.0637024759367,39.65462680301197,39.98188591460903,87598000.0,-0.00555228729743773,0.011946927040267896,-0.013190281308536056,-0.015117408968405632,40.00245895385743,39.23068313598633,37.54168350219727,1.0138452527079649,1.0594581315348377,0.00929728601666666,0.013285333850952905,58.65339502081855,-0.07352723426758334,118493160.0,0.7392663002657706,0
2017-11-20,39.73410034179688,39.86968012490555,39.63592261613677,39.80656459881815,65049600.0,-0.0009991872611968544,-0.00555228729743773,0.011946927040267896,-0.013190281308536056,39.81591949462891,39.39863052368164,37.58403282165528,1.0085147583470853,1.0572069402542341,0.008445375799695464,0.013295514009682565,53.65737797733308,-0.2574077033722231,117348780.0,0.5543270241071104,1
2017-11-21,40.472782135009766,40.60368579254124,39.92111417337202,39.92111417337202,100525200.0,0.018590625856850007,-0.0009991872611968544,-0.00555228729743773,0.011946927040267896,39.900071716308595,39.592681121826175,37.64413726806641,1.0222288814055187,1.0751417105617374,0.010634148684657507,0.01366296992056146,65.46103560667083,0.545362308146399,118823600.0,0.8460036558394124,1
2017-11-22,40.898216247558594,40.90756497870825,40.45173853945968,40.52420279815348,102355600.0,0.010511610275015348,0.018590625856850007,-0.0009991872611968544,-0.00555228729743773,40.17497024536133,39.816039085388184,37.718387374877935,1.0271794278644746,1.0843044757209996,0.010869744927646478,0.013521366037942382,66.37868268129259,0.018208369642636946,119699960.0,0.8551013717966155,1
2017-11-24,40.90055465698242,41.0244458605575,40.82575053648445,40.93094427679182,56106800.0,5.717631814738944e-05,0.010511610275015348,0.018590625856850007,-0.0009991872611968544,40.355899047851565,40.02786808013916,37.799066162109376,1.0218019749414602,1.0820519872520566,0.010852968240498837,0.013582943793067825,58.397633276851785,-0.4518443543880354,119105200.0,0.4710692732139319,0
2017-11-27,40.69485092163086,40.92627217962039,40.51953275956953,40.91925973848651,82867200.0,-0.005029362977512664,5.717631814738944e-05,0.010511610275015348,0.018590625856850007,40.5401008605957,40.16372795104981,37.8681771850586,1.0132239460248402,1.0746450964026746,0.010922764931772912,0.01173963368386405,51.3244952928773,0.4769546650316896,114357720.0,0.7246314459574745,0
2017-11-28,40.45641708374024,40.87717778066195,40.17356890543842,40.74393784446522,105715200.0,-0.005859066503273058,-0.005029362977512664,5.717631814738944e-05,0.010511610275015348,40.684564208984376,40.24492568969727,37.938156127929695,1.0052551070829066,1.0663780534646656,0.011008342932652364,0.011016967522622816,46.90318728425676,0.27571825764596847,110703320.0,0.9549415500817862,0
2017-11-29,39.61724090576172,40.42136769873552,39.0749250757369,40.35357955755427,166665600.0,-0.02074272114214959,-0.005859066503273058,-0.005029362977512664,5.717631814738944e-05,40.51345596313477,40.25714550018311,37.99107238769532,0.984104571089908,1.0428039646123042,0.011944272632189853,0.011762485781361088,34.7913700296596,0.5765528514347984,111827240.0,1.4903846325814711,1
2017-11-30,40.17123794555664,40.2390260682573,39.37412381322835,39.83929907290369,166108800.0,0.013983736048472473,-0.02074272114214959,-0.005859066503273058,-0.005029362977512664,40.36806030273438,40.32210426330566,38.067459793090826,0.9962584711163918,1.055264474275419,0.011960612411494084,0.011713372766105384,42.32858120194384,-0.0033408213812567977,113405120.0,1.464738100008183,0
2017-12-01,39.98422622680664,40.129154754037586,39.38814381183188,39.7270915170193,159037200.0,-0.004655363596298812,0.013983736048472473,-0.02074272114214959,-0.005859066503273058,40.18479461669922,40.36350517272949,38.15259162902832,0.9906034189969434,1.0480081304983937,0.01152305159882519,0.011717878140072913,41.91236413538844,-0.04257209732416345,113078300.0,1.4064343026027097,0
2017-12-04,39.69203186035156,40.3512262825852,39.652293505718426,40.31850036895455,130169600.0,-0.00730774092757569,-0.004655363596298812,0.013983736048472473,-0.02074272114214959,39.98423080444336,40.33916969299317,38.23886726379395,0.9839575817358975,1.0380022919228449,0.011630422862175235,0.010256672549604346,40.90710787750077,-0.18151476509898312,107707060.0,1.208552159904838,0
2017-12-05,39.65462493896485,40.09409021118591,39.364764334563795,39.51904515143161,109400800.0,-0.0009424289872164149,-0.00730774092757569,-0.004655363596298812,0.013983736048472473,39.82387237548828,40.292583274841306,38.33063674926758,0.9841668544425446,1.0345412521674993,0.011629973544804776,0.009942488029109091,45.84546029548185,-0.15955184620679486,106171840.0,1.0304125839770697,0
2017-12-06,39.507362365722656,39.785534421794935,38.9112834648331,39.15438974818077,114240000.0,-0.0037136292038786323,-0.0009424289872164149,-0.00730774092757569,-0.004655363596298812,39.80189666748047,40.232112121582034,38.40739585876465,0.9819857890217354,1.0286394451475676,0.009600473945237074,0.009904395210264995,49.81414604680105,0.04423368019246654,107011540.0,1.06754841580637,1
2017-12-07,39.57982635498047,39.841633644959046,39.48398491245016,39.51203467441735,102693200.0,0.0018341895008582298,-0.0037136292038786323,-0.0009424289872164149,-0.00730774092757569,39.683614349365236,40.15861015319824,38.48052642822266,0.9855875540510538,1.0285676945924407,0.008652137160023712,0.00967836661383885,44.80143516497341,-0.10107492997198875,107264300.0,0.9573847030186184,1
2017-12-08,39.59151077270508,39.97253667893352,39.46294698774947,39.85332162553846,93420800.0,0.0002952114448360188,0.0018341895008582298,-0.0037136292038786323,-0.0009424289872164149,39.605071258544925,40.089885520935056,38.558316268920905,0.9875685664412854,1.0267956333097707,0.00866252977566925,0.00968910409651798,47.59554776155583,-0.09029224914599998,106038820.0,0.8810056543443241,1
2017-12-11,40.3629264831543,40.414353443203005,39.455945806140505,39.551787283218374,141095200.0,0.01948437165931649,0.0002952114448360188,0.0018341895008582298,-0.0037136292038786323,39.73925018310547,40.06651020050049,38.64762130737305,1.0073981058287953,1.0443832018053336,0.011191113389237787,0.010765682529145306,56.951112857806635,0.5103189011440707,108064480.0,1.3056575111451978,0
2017-12-12,40.136173248291016,40.297466539043796,40.080073715408226,40.241363439303626,77636800.0,-0.005617859125202851,0.01948437165931649,0.0002952114448360188,0.0018341895008582298,39.8355598449707,40.039978981018066,38.7338355255127,1.0024024554887643,1.0362044631974192,0.01117916116339842,0.010799100777361874,45.804217085167174,-0.44975590948522703,108549900.0,0.7152176095970609,1
2017-12-13,40.26942443847656,40.56629403478115,40.20630888511107,40.323187690009654,95273600.0,0.003319977451792022,-0.005617859125202851,0.01948437165931649,0.0002952114448360188,39.987972259521484,40.05084915161133,38.819593887329106,1.005457444511047,1.0373479061979751,0.008712382747900309,0.01026862487955054,41.54643679905799,0.22717062011829436,108357080.0,0.8792558824951724,0
2017-12-14,40.257720947265625,40.470441149509966,40.124477446896066,40.29979558936755,81906000.0,-0.0002906297116020973,0.003319977451792022,-0.005617859125202851,0.01948437165931649,40.12355117797851,40.08754901885986,38.909776306152345,1.004245007055076,1.034642826792611,0.007564059520576848,0.009768250588072883,41.37936326533953,-0.14030749336647297,106620760.0,0.7681993638011959,1
2017-12-15,40.66679763793945,40.7135484304054,40.31382505293616,40.58732093406165,160677200.0,0.010161446824316966,-0.0002906297116020973,0.003319977451792022,-0.005617859125202851,40.33860855102539,40.121093368530275,38.99924278259278,1.0136014306588468,1.0427586469984227,0.007940288485121846,0.009670276233722661,49.64325423544639,0.9617268576172686,109927120.0,1.4616702411561406,1
2017-12-18,41.23949813842773,41.42182870492046,40.87483700544228,40.87951315420929,117684400.0,0.014082753837346251,0.010161446824316966,-0.0002906297116020973,0.003319977451792022,40.51392288208008,40.194376182556155,39.10058250427247,1.026001696135917,1.054702909705285,0.008116635003021018,0.009975162551892866,59.17795431052658,-0.2675724993963051,111431440.0,1.0561148630942936,0
2017-12-19,40.8000373840332,40.99873270965546,40.694847209762465,40.914579856867505,109745600.0,-0.010656307041356228,0.014082753837346251,0.010161446824316966,-0.0002906297116020973,40.64669570922852,40.24767303466797,39.19061752319337,1.0137241313029315,1.0410664583146048,0.009256636163496272,0.010347534304586285,65.29590577268594,-0.06745838870742427,113666240.0,0.9655074365088526,0
2017-12-20,40.75563430786133,41.005753056380755,40.49849955063809,40.877185677769134,93902400.0,-0.0010883096932957637,-0.010656307041356228,0.014082753837346251,0.010161446824316966,40.74393768310547,40.26181564331055,39.279484863281255,1.0122651861735605,1.0375806721935905,0.0090841612206295,0.009527513457500055,58.70469406633472,-0.14436296307095686,113335100.0,0.8285376727951006,1
2017-12-21,40.90990447998047,41.146001870600934,40.69718783621033,40.71354900872024,83799600.0,0.0037852477268249807,-0.0010883096932957637,-0.010656307041356228,0.014082753837346251,40.87437438964844,40.26240005493164,39.36840972900391,1.016082111949745,1.0391556265947135,0.009073647376762637,0.009266616522394555,63.923964199275,-0.1075883044522824,112407300.0,0.7454996250243534,0
2017-12-22,40.90990447998047,41.00574592435399,40.79068942247038,40.83276406623033,65397600.0,0.0,0.0037852477268249807,-0.0010883096932957637,-0.010656307041356228,40.92299575805664,40.262867546081544,39.459896621704104,1.01607031424571,1.0367463673860418,0.0090851546776045,0.00926662464652559,70.08462697947371,-0.2195953202640586,112871840.0,0.579396951445108,0
2017-12-26,39.87201690673828,40.08239722165717,39.66396931580225,39.92578013088755,132742000.0,-0.025370080581588406,0.0,0.0037852477268249807,-0.0010883096932957637,40.64949951171875,40.22172584533691,39.52601417541504,0.9913054715766461,1.0087537976834116,0.011072130845309707,0.010836872138452924,52.69561005513438,1.0297686765263556,115365580.0,1.1506204883640336,1
2017-12-27,39.879051208496094,39.92112586780343,39.67100707036292,39.762172399053675,85992800.0,0.00017642201984080508,-0.025370080581588406,0.0,0.0037852477268249807,40.465302276611325,40.192857551574704,39.57880920410157,0.9921924848792864,1.007585928188143,0.01096443927296588,0.010777281342674016,54.774907575478416,-0.35218092239080323,114379460.0,0.7518203006029229,1
2017-12-28,39.991241455078125,40.17123576447634,39.850985500534065,39.97254042334844,65920800.0,0.002813262682591855,0.00017642201984080508,-0.025370080581588406,0.0,40.31242370605469,40.21155757904053,39.63110000610352,0.9945210746057437,1.0090873442553736,0.0109455269098296,0.009700773404728538,55.23185078965294,-0.23341489054897624,109342220.0,0.6028851435429059,0
2017-12-29,39.55878448486328,39.876694857743026,39.5564481937096,39.86033368595383,103999600.0,-0.010813792082464357,0.002813262682591855,0.00017642201984080508,-0.025370080581588406,40.04219970703125,40.18093490600586,39.67804885864258,0.9845162781155302,0.9969941976178266,0.011404581836570855,0.009470646310997293,49.6240608093363,0.5776446887780489,106236760.0,0.9789417523651889,1
2018-01-02,40.26707077026367,40.27642306888876,39.565798181369,39.7761820981515,102223600.0,0.017904652395763332,-0.010813792082464357,0.002813262682591855,0.00017642201984080508,39.91363296508789,40.195077133178714,39.75677238464356,1.0017911058323492,1.0128355083929605,0.012508187357777137,0.010286284975457438,48.882663678565706,-0.01707698875764907,103396080.0,0.9886603051102131,0
2018-01-03,40.26007843017578,40.80239788177346,40.196966433802565,40.33020643744908,118071600.0,-0.00017364908730965745,0.017904652395763332,-0.010813792082464357,0.002813262682591855,39.99124526977539,40.223479461669925,39.83409820556641,1.0009098906657425,1.0106938588746524,0.011369252819627395,0.010127295220723432,51.5222838053299,0.15503269303761558,102791180.0,1.1486549721483885,1
2018-01-04,40.44706726074219,40.5499211500562,40.224998308918046,40.33252478094121,89738400.0,0.004644522262685191,-0.00017364908730965745,0.017904652395763332,-0.010813792082464357,40.10484848022461,40.26310157775879,39.91553649902344,1.0045690887133498,1.0133163877612357,0.011153570707404024,0.010154894388653137,52.15405508919107,-0.23996625776223923,101808060.0,0.8814469109813113,1
2018-01-05,40.90756988525391,40.9940590344742,40.451743391332485,40.54290869011677,94640000.0,0.011385315566715626,0.004644522262685191,-0.00017364908730965745,0.017904652395763332,40.28811416625977,40.333111953735354,40.00185249328613,1.0142428368080671,1.0226418862006403,0.011798128781938033,0.01034250019524061,57.10644525057827,0.05462098722508979,100828060.0,0.9386276002930136,0
2018-01-08,40.75563430786133,41.05016756597909,40.65745298829791,40.75563430786133,82271200.0,-0.003714118873811567,0.011385315566715626,0.004644522262685191,-0.00017364908730965745,40.52748413085938,40.39190235137939,40.08834403991699,1.009005071197631,1.0166454934451745,0.011799870119658962,0.010415513889668727,51.02936756307572,-0.13069315300084527,99806960.0,0.824303234964776,0
2018-01-09,40.750953674316406,40.921595685232134,40.53589715868877,40.802380620103136,86336000.0,-0.00011484629363300858,-0.003714118873811567,0.011385315566715626,0.004644522262685191,40.62426071166992,40.44987449645996,40.170083618164064,1.007443266057174,1.0144602650488306,0.01179958562981245,0.01041844754496047,43.48101401132278,0.04940732601444986,99452720.0,0.8681109978691383,0
2018-01-10,40.74160385131836,40.74394370972359,40.44005816620148,40.47746023211193,95839600.0,-0.00022943813960207837,-0.00011484629363300858,-0.003714118873811567,0.011385315566715626,40.72056579589844,40.46880836486817,40.225362625122074,1.0067408826074309,1.0128337246082122,0.007906971439338032,0.009520884658458496,49.119175274804896,0.11007690882134913,97189940.0,0.9861061751864442,1
2018-01-11,40.9730224609375,41.02211311511454,40.7883555686387,40.81172918317203,74670800.0,0.005680154626795719,-0.00022943813960207837,-0.00011484629363300858,-0.003714118873811567,40.8257568359375,40.51065082550049,40.268173828125,1.0114135820090542,1.0175038638658156,0.007942873846966153,0.009473203402048701,53.10200522344431,-0.22087738262680567,97041640.0,0.7694717442945112,1
2018-01-12,41.39612579345703,41.45924133390934,41.05951433352114,41.18340555601736,101672400.0,0.01032638812337816,0.005680154626795719,-0.00022943813960207837,-0.00011484629363300858,40.923468017578124,40.56698589324951,40.308639450073244,1.0204387849368295,1.0269789890757974,0.008298148180218694,0.00968770797340381,56.44372634031124,0.3616085538121996,97361580.0,1.044276397322229,0
2018-01-16,41.18574905395508,41.933772604993706,41.17406046145214,41.58547252280897,118263600.0,-0.005082039332656718,0.01032638812337816,0.005680154626795719,-0.00022943813960207837,41.009490966796875,40.61338729858399,40.35491317749023,1.0140929332282276,1.0205882211370556,0.007343439824306705,0.009791071751199374,53.462596715295255,0.1631829287004143,99179460.0,1.1924202854099024,1
2018-01-17,41.86598587036133,41.901048082180715,40.923943066330935,41.176398125146065,137547200.0,0.016516315279712757,-0.005082039332656718,0.01032638812337816,0.005680154626795719,41.23249740600586,40.67334671020508,40.40910873413086,1.0293223758707077,1.0360531865678082,0.007060335994359486,0.010192564040486764,77.49882420032459,0.16305608826384455,98022960.0,1.4032141041241766,1
2018-01-18,41.90337753295898,42.099736587663685,41.66728368925117,41.9290910063812,124773600.0,0.0008931274833330338,0.016516315279712757,-0.005082039332656718,0.01032638812337816,41.46485214233398,40.70654067993164,40.44360145568848,1.02940158591313,1.0360941168622158,0.006999341682849106,0.009753052758100145,77.68566584061547,-0.09286703037211952,98377420.0,1.2683154325453951,0
2018-01-19,41.71636962890625,41.97817691644085,41.47092351341417,41.75143183103793,129700400.0,-0.004462836054340391,0.0008931274833330338,0.016516315279712757,-0.005082039332656718,41.613521575927734,40.75235729217529,40.46620178222656,1.0236553760514868,1.030894123777853,0.0074861582331097526,0.009462681454123456,73.12052908624645,0.039485916892676,99375160.0,1.3051591564733078,0
2018-01-22,41.37508773803711,41.5574183478053,41.28158614164321,41.44521571876117,108434400.0,-0.00818100649469411,-0.004462836054340391,0.0008931274833330338,0.016516315279712757,41.60931396484375,40.78332996368408,40.47936782836914,1.0145097954208242,1.0221278136917993,0.00764117906381925,0.009681509549939168,74.95228422565238,-0.16396248585200968,100101760.0,1.0832416932529458,1
2018-01-23,41.38444137573242,41.9454617211586,41.33301798842127,41.44522063076343,130756400.0,0.00022606931384738793,-0.00818100649469411,-0.004462836054340391,0.0008931274833330338,41.649052429199216,40.80705680847168,40.48605934143066,1.0141491352824268,1.0221899105251377,0.0074612052925218724,0.00965641151726129,68.99889215505678,0.20585718185372914,102449600.0,1.2762997610532398,0
2018-01-24,40.72523880004883,41.44521244943131,40.486805111138345,41.43352385908979,204420400.0,-0.015928753748266078,0.00022606931384738793,-0.00818100649469411,-0.004462836054340391,41.420903015136716,40.7978235244751,40.48124404907227,0.9982208677288207,1.0060273530793862,0.009303409052138714,0.010342830920994302,56.47345246905257,0.5633682175404033,109400740.0,1.8685467758261964,0
2018-01-25,39.99826049804688,40.89588876808735,39.86268067077133,40.79303486002607,166116000.0,-0.017850805137601178,-0.015928753748266078,0.00022606931384738793,-0.00818100649469411,41.039879608154294,40.804135704040526,40.46460060119629,0.9802501586643374,0.9884753563306982,0.010881560262482846,0.009479415818340761,44.57021176044918,-0.187380515838928,111069440.0,1.4956049116660712,1
2018-01-26,40.09175491333008,40.206297393461384,39.75280718937289,40.206297393461384,156572000.0,0.0023374620325742335,-0.017850805137601178,-0.015928753748266078,0.00022606931384738793,40.71495666503906,40.81477088928223,40.453099746704105,0.9822854334301307,0.991067561308365,0.010676115788305131,0.00949143274259648,39.16813971038848,-0.057453827445881234,114598400.0,1.3662668937786218,0
2018-01-29,39.26191329956055,39.77617911278078,39.05386925647732,39.77617911278078,202561600.0,-0.020698560478668804,0.0023374620325742335,-0.017850805137601178,-0.015928753748266078,40.29232177734375,40.778304481506346,40.437297592163084,0.9628137755792787,0.9709331641185059,0.011154336009164502,0.010560739477154184,33.192891370373516,0.29372812507983537,121430440.0,1.6681286833844957,0
2018-01-30,39.0305061340332,39.124007745796824,38.499875391787135,38.693894624711604,184192800.0,-0.005893935014367524,-0.020698560478668804,0.0023374620325742335,-0.017850805137601178,39.82153472900391,40.75189056396484,40.42743324279785,0.9577593970216001,0.9654460598481475,0.011156149803217571,0.010372469263137727,31.581543849733094,-0.09068253805262205,125440100.0,1.468372553912186,1
2018-01-31,39.13802719116211,39.374124613366014,38.92063436894064,39.007123526143936,129915600.0,0.0027547953582685025,-0.005893935014367524,-0.020698560478668804,0.0023374620325742335,39.504092407226565,40.695438385009766,40.410275573730466,0.9617300794473974,0.9685167110467465,0.008756008362941508,0.009461558319251119,33.186140869587376,-0.29467601339466043,126824700.0,1.0243714355326683,1
2018-02-01,39.219844818115234,39.41620032091382,38.98141109794126,39.07725255770871,188923200.0,0.0020904892971100875,0.0027547953582685025,-0.005893935014367524,-0.020698560478668804,39.348409271240236,40.643426704406735,40.39919563293457,0.9649738715033801,0.9708075669244787,0.008878413653858181,0.00949023207923438,31.022168779374994,0.4541994956725752,130367280.0,1.4491611698886409,0
2018-02-02,37.51808547973633,38.99075870726561,37.424583889707215,38.80375196035035,346375200.0,-0.04339026190110984,0.0020904892971100875,0.0027547953582685025,-0.005893935014367524,38.833675384521484,40.49697761535644,40.35487533569336,0.9264416183372035,0.929703912294138,0.014567530788326262,0.013249559354802232,17.122271818498604,0.8334180238319062,143199120.0,2.418836093406161,0
2018-02-05,36.58073043823242,38.30819906959649,36.466187922867306,37.19083795577011,290954000.0,-0.02498408512902861,-0.04339026190110984,0.0020904892971100875,0.0027547953582685025,38.29743881225586,40.28063564300537,40.277034301757816,0.908146801913355,0.9082280031883063,0.015230297178348725,0.013566963888791606,15.243301324648058,-0.16000337206589843,153014820.0,1.9014759485388408,1
2018-02-06,38.109493255615234,38.27078653650845,35.99866285535439,36.19268205071455,272975200.0,0.04179147871210964,-0.02498408512902861,-0.04339026190110984,0.0020904892971100875,38.11323623657226,40.148328590393064,40.22125984191894,0.9492174293087335,0.9474962595750716,0.022779267161177293,0.017207106707048617,24.866823069164113,-0.061792585769571806,162550020.0,1.6793304608636774,0
2018-02-07,37.29367065429688,38.19597476327134,37.18380790882007,38.12351050765929,206434400.0,-0.021407332704381887,0.04179147871210964,-0.02498408512902861,-0.04339026190110984,37.74436492919922,39.97546443939209,40.149122161865236,0.932914005560557,0.9288788557803004,0.02305595775849776,0.01765830613171435,22.067819975784843,-0.2437613380263115,168554940.0,1.2247306427210025,0
2018-02-08,36.26747512817383,37.63495794612659,36.23942536923537,37.46898854974237,217562000.0,-0.0275166136268975,-0.021407332704381887,0.04179147871210964,-0.02498408512902861,37.153890991210936,39.75175800323486,40.06057464599609,0.9123489614024745,0.9053158984527605,0.023684409300678902,0.018369161782530216,20.030699547689366,0.05390380672988604,174641060.0,1.2457666026534653,1
2018-02-09,36.71108627319336,37.0584569628266,35.262922282513344,36.86599613070262,282690400.0,0.012231652284912409,-0.0275166136268975,-0.021407332704381887,0.04179147871210964,36.99249114990234,39.53866119384766,39.98566802978516,0.9284858203268076,0.9181061135666765,0.024428457429518716,0.018638086076991286,24.633203896225638,0.2993555859938777,185042040.0,1.5277090546559042,1
2018-02-12,38.18976593017578,38.46672273816519,36.96926786105699,37.20163266035302,243278000.0,0.04027883146738054,0.012231652284912409,-0.0275166136268975,-0.021407332704381887,37.31429824829102,39.378343200683595,39.95711853027344,0.9698164733734359,0.9557687674911136,0.028342672837361874,0.02101285258003986,35.01903511756477,-0.1394189544462776,192122320.0,1.266266199575354,1
2018-02-13,38.57234191894531,38.66857413140311,37.94096978650724,38.01138368785197,130196800.0,0.010017762074504777,0.04027883146738054,0.012231652284912409,-0.0275166136268975,37.40686798095703,39.2476728439331,39.92514060974121,0.9827930963531719,0.9661166205018741,0.028570735027967965,0.02123497981660569,39.63540478685482,-0.4648229597415303,192718980.0,0.6755785029580377,1
2018-02-14,39.28351974487305,39.32342012499602,38.22967123455398,38.26722221611662,162579600.0,0.01843750704642666,0.010017762074504777,0.04027883146738054,0.012231652284912409,37.80483779907227,39.118549537658694,39.91112648010254,1.0042171861984692,0.9842748929789696,0.02921158543856473,0.021332313711852926,46.55381268441186,0.24872193479409632,193970600.0,0.8381661963204733,1
2018-02-15,40.60258865356445,40.626057565112156,39.6660920548011,39.85151185604618,204588800.0,0.033578175205737804,0.01843750704642666,0.010017762074504777,0.04027883146738054,38.67186050415039,39.05351009368896,39.929337615966794,1.0396655398236745,1.016861062010917,0.031013050984410043,0.02284183651704215,52.202705779092526,0.2583915817236604,197961360.0,1.0334784525626617,0
2018-02-16,40.47115707397461,41.03211898521176,40.316250761428385,40.45472919022899,160704400.0,-0.0032370246318840223,0.033578175205737804,0.01843750704642666,0.010017762074504777,39.42387466430664,38.99124946594238,39.94566825866699,1.037954864958223,1.0131550888548122,0.02647708850431062,0.02283462707917725,55.548422057863945,-0.21450050051615732,199511560.0,0.8054891656403268,0
2018-02-20,40.33502197265625,40.900671851907454,40.234094542494496,40.38196338095014,135722000.0,-0.003363756095965509,-0.0032370246318840223,0.033578175205737804,0.01843750704642666,39.852925872802736,38.93924617767334,39.962221450805664,1.0358449618827805,1.0093288237819689,0.024283666517741682,0.022783209757682735,56.03835492787439,-0.15545560669154046,200875940.0,0.6756508519636548,0
2018-02-21,40.15195846557617,40.86782318727282,40.137872816147336,40.565047980468094,149886400.0,-0.004538574621433922,-0.003363756095965509,-0.0032370246318840223,0.033578175205737804,40.16884918212891,38.877622032165526,39.973664093017575,1.0327781476026574,1.0044602959624545,0.02186017320272709,0.022794332642120767,54.66070013256367,0.10436333092645267,201832440.0,0.7426278947031508,1
2018-02-22,40.48758316040039,40.827912853294784,40.302163340873086,40.32328643776861,123967600.0,0.008358862373101017,-0.004538574621433922,-0.003363756095965509,-0.0032370246318840223,40.409661865234376,38.865739250183104,39.99158554077148,1.041729398218243,1.0124025495094022,0.019718751400444177,0.02261826058456637,55.69449423131096,-0.17292296032195054,197809800.0,0.6267010026803526,1
2018-02-23,41.191707611083984,41.22691276622604,40.73167328929835,40.76218681135434,135249600.0,0.01739112082571226,0.008358862373101017,-0.004538574621433922,-0.003363756095965509,40.52748565673828,38.92541160583496,40.00816116333008,1.0582215039418954,1.0295826254778913,0.015225753878017024,0.022531109198709477,68.12589639634552,0.09100765038606862,196266480.0,0.6891120684489781,1
2018-02-26,42.00615310668945,42.10473112126682,41.358353190295645,41.3912125284881,152648800.0,0.01977207411004045,0.01739112082571226,0.008358862373101017,-0.004538574621433922,40.83448486328125,39.02113151550293,40.04556076049805,1.0764975661969358,1.0489590433735512,0.015374119901754852,0.022890985403353305,77.09806611412785,0.12864511244395538,196070320.0,0.7785410866876741,0
2018-02-27,41.87002944946289,42.36057381022389,41.81604700695905,42.03667557380085,155712400.0,-0.0032405647068139976,0.01977207411004045,0.01739112082571226,0.008358862373101017,41.14148635864258,39.151537322998045,40.07757286071777,1.0694351310917227,1.0447246791858995,0.012977638263408956,0.022281180167797718,71.81771423057413,0.020069597664704952,193727860.0,0.803768750658785,0
2018-02-28,41.80664443969727,42.39342084865955,41.79021656257379,42.07421433892811,151128400.0,-0.0015138515687486143,-0.0032405647068139976,0.01977207411004045,0.01739112082571226,41.4724235534668,39.29034423828125,40.10855133056641,1.064043730086853,1.042337433110848,0.013413522173472022,0.02220583498944441,78.6878901379338,-0.029438888617733694,192074640.0,0.7868212065892718,0
2018-03-01,41.07435607910156,42.19627249006448,40.52513412020834,41.90523004911441,195208000.0,-0.017516075982897394,-0.0015138515687486143,-0.0032405647068139976,0.01977207411004045,41.589778137207034,39.38716068267822,40.116702499389646,1.0428361772511654,1.023871692338783,0.015070158402095737,0.022707029069854077,81.74226718424492,0.291669864830171,195339260.0,0.9993280408659273,1
2018-03-02,41.358360290527344,41.37948338697755,40.47584605945342,40.55799620973738,153816000.0,0.0069143923006083075,-0.017516075982897394,-0.0015138515687486143,-0.0032405647068139976,41.6231086730957,39.49408645629883,40.11907974243164,1.0472038728200834,1.0308900542099173,0.011239128119793567,0.02272625078333439,81.34911955204332,-0.21204049014384652,193583900.0,0.7945702096093735,1
2018-03-05,41.50154876708984,41.717482186909855,40.96171342683925,41.123664387054546,113605600.0,0.0034621410412947196,0.0069143923006083075,-0.017516075982897394,-0.0015138515687486143,41.52218780517578,39.6932596206665,40.133109970092775,1.045556579724227,1.0340975019881795,0.011097495945219677,0.019948141674654675,77.25012775007939,-0.26141883809226607,181945420.0,0.6243938429447689,0
2018-03-06,41.46632385253906,41.837167053383304,41.33958169646813,41.75736630395347,95154000.0,-0.000848761446192281,0.0034621410412947196,0.0069143923006083075,-0.017516075982897394,41.441446685791014,39.93753929138184,40.147323760986325,1.0382793879713847,1.0328539979253735,0.010975845873681635,0.018715052364782176,75.2560426873197,-0.16241804981444574,172155420.0,0.5527214885247296,0
2018-03-07,41.08140182495117,41.27386626316505,40.903023033099316,41.0602787275082,126814000.0,-0.009282762295416802,-0.000848761446192281,0.0034621410412947196,0.0069143923006083075,41.2963981628418,40.08613471984863,40.15075370788574,1.0248282133475377,1.0231788455040296,0.01142287623665061,0.01704968596542844,66.63771946917905,0.3327237951110831,164847360.0,0.7692813521551088,1
2018-03-08,41.52970504760742,41.571951247634466,41.090797256346484,41.18702590576379,95096400.0,0.010912559035022307,-0.009282762295416802,-0.000848761446192281,0.0034621410412947196,41.38746795654297,40.29793643951416,40.163149719238284,1.0305665430273856,1.0340251035569192,0.011599327167586623,0.01602580788725421,60.22795945816286,-0.25011118646206254,159280460.0,0.5970374520515573,1
2018-03-09,42.24320983886719,42.24790505333158,41.6353102868023,41.76909703854284,128740800.0,0.01718058894090002,0.010912559035022307,-0.009282762295416802,-0.000848761446192281,41.56443786621094,40.59672317504883,40.21057357788086,1.0405571320798204,1.050549795243519,0.011569661089939218,0.014188251840386988,67.32436135640305,0.3537925725894986,154839400.0,0.8314472931308181,1
2018-03-12,42.65161895751953,42.808874660866046,42.29720717069979,42.315980870782745,128828400.0,0.009668041803882366,0.01718058894090002,0.010912559035022307,-0.009282762295416802,41.79445190429688,40.89374980926514,40.26602493286133,1.0429862547810698,1.0592458289249036,0.010270008129613853,0.01415717583569672,71.50328454437044,0.0006804369710302627,147146300.0,0.8755123302454768,0
2018-03-13,42.24087905883789,43.0694074274701,42.069541274588886,42.85581986080046,126774000.0,-0.009630112730087292,0.009668041803882366,0.01718058894090002,0.010912559035022307,41.94936294555664,41.096305465698244,40.31101768493652,1.0278510094805233,1.0478742905719922,0.010788479417563676,0.012385607205282187,68.60360984731128,-0.01594679434037838,141321100.0,0.8970634958261717,0
2018-03-14,41.88176345825195,42.36996197589975,41.73389462212503,42.323020568345115,117473600.0,-0.008501612859091345,-0.009630112730087292,0.009668041803882366,0.01718058894090002,42.1094352722168,41.261776542663576,40.357477264404295,1.0150256961172606,1.0377696104209193,0.0111837487895484,0.012689198490512438,62.36462301493329,-0.07336204584536266,140684940.0,0.8350119067470904,1
2018-03-15,41.93106460571289,42.304257335978754,41.79493555302338,41.89585943370716,90975200.0,0.0011771507068960574,-0.008501612859091345,-0.009630112730087292,0.009668041803882366,42.18970718383789,41.39415378570557,40.39075714111328,1.0129706920157582,1.0381351470886824,0.009288571313776599,0.01224925026183238,57.418859454377895,-0.22556897890249383,137104720.0,0.6635453542372575,0
2018-03-16,41.783180236816406,42.04135973699052,41.689293851971776,41.931045473172695,157618800.0,-0.003526845079825036,0.0011771507068960574,-0.008501612859091345,-0.009630112730087292,42.09770126342774,41.45318336486817,40.421219177246094,1.0079607124269234,1.033694210300737,0.009274738011945432,0.010038322695915208,47.417139998780385,0.7325468919002103,134756220.0,1.1696588105543477,0
2018-03-19,41.144775390625,41.65409704324905,40.75985008912387,41.618891880252036,133787200.0,-0.015278991272878018,-0.003526845079825036,0.0011771507068960574,-0.008501612859091345,41.79633255004883,41.486864280700686,40.43517333984375,0.9917542842534179,1.0175491284485734,0.01054248110251227,0.010677073543592784,42.474550482232615,-0.1511976997667791,133410360.0,1.002824668189187,0
2018-03-20,41.13068008422852,41.4968279871239,41.06026619950273,41.130680084228516,78597600.0,-0.0003425782802958244,-0.015278991272878018,-0.003526845079825036,0.0011771507068960574,41.574292755126955,41.5266471862793,40.43963554382324,0.9904647466414865,1.0170882979312812,0.01054350585371689,0.010635166218798727,42.91350800549641,-0.41251778944473017,130554140.0,0.6020306977626294,0
2018-03-21,40.19888687133789,41.09547953238162,40.196537473159985,41.083743285691064,148219600.0,-0.02265445674573041,-0.0003425782802958244,-0.015278991272878018,-0.003526845079825036,41.23771743774414,41.52899360656738,40.42850059509277,0.9679716116448546,0.994320498648848,0.012424319752409655,0.011837925241754827,41.19049721127158,0.885803128848718,130470800.0,1.136036569102052,0
2018-03-22,39.63089370727539,40.52983232296425,39.572216046223105,39.90080951555583,165963200.0,-0.014129574430268188,-0.02265445674573041,-0.0003425782802958244,-0.015278991272878018,40.77768325805664,41.48615913391113,40.40609939575195,0.9552798941775443,0.9808146368971695,0.012027585720679213,0.012080222277467679,33.55695778755576,0.11971156311311049,132570580.0,1.2518855993539442,0
2018-03-23,38.713172912597656,39.88203087822492,38.713172912597656,39.5229238913069,164115200.0,-0.0231567019774086,-0.014129574430268188,-0.02265445674573041,-0.0003425782802958244,40.16368179321289,41.36223239898682,40.365530776977536,0.9359546297976399,0.9590651272862166,0.010587744933174255,0.012232897044932325,26.869212999588655,-0.011134998602099766,134013860.0,1.2246136332465911,1
2018-03-26,40.55094909667969,40.62840402011539,39.06523065201155,39.44781005466082,150164800.0,0.04747159805865464,-0.0231567019774086,-0.014129574430268188,-0.02265445674573041,40.04491653442383,41.28947219848633,40.357089309692384,0.9821135252527226,1.0048036117149,0.02021862554517239,0.015952508191447085,44.154667934665575,-0.08500370471473695,133889660.0,1.1215563621567193,0
2018-03-27,39.51118850708008,41.10956740172063,39.177899826116274,40.76454247240878,163690400.0,-0.025640844733884283,0.04747159805865464,-0.0231567019774086,-0.014129574430268188,39.72101821899414,41.171530151367186,40.319390563964845,0.9596725786439596,0.9799550031491029,0.021246384816583246,0.016832731853627686,40.74690680861778,0.0900717078836053,134288560.0,1.2189452325648589,0
2018-03-28,39.07461929321289,39.905496814461294,38.77184419806612,39.2553474561917,166674000.0,-0.011049255422649673,-0.025640844733884283,0.04747159805865464,-0.0231567019774086,39.49616470336914,41.03492889404297,40.27716796875,0.9522282686076579,0.9701431670550885,0.021288840527421502,0.016930281267474,35.512416012505156,0.018227092120246535,135065840.0,1.2340203859095682,1
2018-03-29,39.37975311279297,40.31155469263699,39.17320659190049,39.38679414587791,153594000.0,0.007809003007563042,-0.011049255422649673,-0.025640844733884283,0.04747159805865464,39.445936584472655,40.95019874572754,40.227443313598634,0.9616498654210214,0.9789275645932212,0.021661971767727353,0.016752359675604244,32.246967048103414,-0.07847654703193063,132985140.0,1.1549711494081218,0
2018-04-02,39.12156677246094,39.65201509761951,38.60285827668735,39.11217992291302,150347200.0,-0.006556321965567546,0.007809003007563042,-0.011049255422649673,-0.025640844733884283,39.52761535644531,40.83835906982422,40.17180709838867,0.9579612810978041,0.973856283752546,0.021643942662517176,0.016646724211168026,27.69875820105922,-0.02113884656952747,132811700.0,1.132032795303426,1
2018-04-03,39.522926330566406,39.607422308079656,38.69909323586246,39.3468933425305,121112000.0,0.010259291516616864,-0.006556321965567546,0.007809003007563042,-0.011049255422649673,39.32201080322265,40.739427947998045,40.127938232421876,0.9701394526456177,0.984922925809165,0.021977784801612676,0.016846178191091257,32.8088528876263,-0.19445124352166188,133187020.0,0.909337861902759,1
2018-04-04,40.278690338134766,40.372573155198666,38.673270529102645,38.69908884100521,138422000.0,0.019122167251665934,0.010259291516616864,-0.006556321965567546,0.007809003007563042,39.475511169433595,40.680046272277835,40.10601028442383,0.9901338378167829,1.0043055904211444,0.02314867893807294,0.01751568132277526,40.34496005058238,0.14292555650967698,135350420.0,1.022693538741882,1
2018-04-05,40.5579948425293,40.89362930170126,40.38900291382461,40.50635822090288,107732800.0,0.006934299552686651,0.019122167251665934,0.010259291516616864,-0.006556321965567546,39.772186279296875,40.65387592315674,40.089481353759766,0.9976415267068588,1.0116866936899296,0.02205974107331958,0.01750241335656332,41.953172436426534,-0.22170753203970472,134396360.0,0.8016050434699273,0
2018-04-06,39.52057647705078,40.482887897857516,39.478326701909054,40.12847614077942,140021200.0,-0.025578640401390684,0.006934299552686651,0.019122167251665934,0.010259291516616864,39.800350952148435,40.553419494628905,40.0653881072998,0.9745312964862329,0.98640193803215,0.023205691741100695,0.01814084121282344,37.99205743781107,0.2997081668721133,136642600.0,1.0247258175708014,1
2018-04-09,39.91254425048828,40.62606300601005,39.8656028397066,39.872643872253846,116070800.0,0.009918068216062448,-0.025578640401390684,0.006934299552686651,0.019122167251665934,39.9585464477539,40.43688621520996,40.06367378234863,0.9870330776229637,0.9962277665128421,0.021862773505291925,0.017799401425937885,43.28472889199337,-0.17104838410183598,136009100.0,0.8534046618939468,1
2018-04-10,40.66360855102539,40.83964148847571,40.25990606129403,40.60493090520861,113634400.0,0.01881775052533574,0.009918068216062448,-0.025578640401390684,0.006934299552686651,40.186682891845706,40.33748569488525,40.07511085510254,1.008084858302943,1.0146848675740574,0.0166920267707189,0.018245586907690733,47.64386400145937,-0.020990636749294356,135249400.0,0.8401841339037364,0
2018-04-11,40.4734992980957,40.82087000785947,40.29981215251393,40.42420849279554,89726400.0,-0.004675169265687118,0.01881775052533574,0.009918068216062448,-0.025578640401390684,40.22564468383789,40.24911670684814,40.099342575073244,1.0055748451048463,1.0093307445707362,0.014185832852205775,0.01817326780387714,51.497320597330834,-0.21039403560893533,133397020.0,0.672626719847265,1
2018-04-12,40.872501373291016,41.074352620855194,40.61431829568591,40.70116364800726,91557200.0,0.009858353789885532,-0.004675169265687118,0.01881775052533574,0.009918068216062448,40.28854598999023,40.198653602600096,40.1361824798584,1.0167629437879315,1.0183455138963982,0.013490679624055847,0.018289791073293264,56.8969492209253,0.02040425114570521,132101200.0,0.6930837872782382,1
2018-04-13,41.01098251342773,41.271511425086416,40.8044396188746,41.02271875981588,100497200.0,0.0033881249124430024,0.009858353789885532,-0.004675169265687118,0.01881775052533574,40.58662719726563,40.15264949798584,40.17364158630371,1.021376746644949,1.0208430427031412,0.01344586603233333,0.018310701560812694,63.97371899591751,0.09764387727016555,132577300.0,0.7580272037520752,1
2018-04-16,41.26683044433594,41.35367224350645,41.03446559890611,41.08140701517665,86313600.0,0.006238522347628228,0.0033881249124430024,0.009858353789885532,-0.004675169265687118,40.85748443603516,40.126832008361816,40.21458129882812,1.028409878849558,1.0261658610265942,0.01291217562127323,0.01836849579180163,55.39069806989202,-0.14113428035805975,129012040.0,0.6690352311303658,1
2018-04-17,41.83482360839844,41.999120331657075,41.40530272955087,41.42408000955185,106421600.0,0.013763915424245043,0.006238522347628228,0.0033881249124430024,0.009858353789885532,41.09172744750977,40.16133441925049,40.30091606140137,1.0416691629734742,1.038061356835166,0.013104004656625586,0.01828330499119407,68.83559674128625,0.23296444592740895,127643760.0,0.8337391502726025,0
2018-04-18,41.74093627929688,41.97095526813903,41.515616087100334,41.733895247128224,83018000.0,-0.002244238674947052,0.013763915424245043,0.006238522347628228,0.0033881249124430024,41.34521484375,40.191847229003905,40.404120178222655,1.038542370084824,1.0330861331759615,0.012410135711790598,0.01829553992283885,72.88479986903504,-0.21991400242056125,127864780.0,0.6492640115597118,0
2018-04-19,40.5579948425293,41.16589447365878,40.525135499803376,40.78331502653571,139235200.0,-0.028340079121663475,-0.002244238674947052,0.013763915424245043,0.006238522347628228,41.28231353759766,40.20980262756348,40.45309020996094,1.0086593863240487,1.0025932415057508,0.01589442999604935,0.01871996278562119,58.788484421850896,0.6771688067647981,127415560.0,1.0927644943835746,0
2018-04-20,38.89625549316406,40.18716427687505,38.82818738807481,40.041644796395914,261964400.0,-0.040971930585254834,-0.028340079121663475,-0.002244238674947052,0.013763915424245043,40.85936813354492,40.17307071685791,40.48514190673828,0.9682171364819754,0.9607538385999886,0.019084499440631245,0.02069084082032261,48.61036999392989,0.881452391349314,132215620.0,1.9813422952598188,0
2018-04-23,38.7835807800293,39.17789286841588,38.513661441560345,39.156769773980784,146062000.0,-0.002896801034088403,-0.040971930585254834,-0.028340079121663475,-0.002244238674947052,40.362718200683595,40.176591110229495,40.53546401977539,0.965327811750422,0.9567814682251712,0.018663840521997765,0.020020235655143995,45.27163547277303,-0.4424356897349411,131312960.0,1.1123197588417777,0
2018-04-24,38.243751525878906,39.03942043706122,37.84004894625956,38.88451055807703,134768000.0,-0.013919015297018777,-0.002896801034088403,-0.040971930585254834,-0.028340079121663475,39.64450378417969,40.061231231689455,40.5661173248291,0.9546324551210279,0.9427510949506436,0.017289465705991422,0.016861170534197792,36.61622560636905,-0.07732332844956247,130543120.0,1.0323638656713583,1
2018-04-25,38.41039657592773,38.82583543069064,38.119357660993536,38.16864489208386,113528400.0,0.00435744516162484,-0.013919015297018777,-0.002896801034088403,-0.040971930585254834,38.97839584350586,40.006191635131835,40.57052993774414,0.9601112979271252,0.946756096971591,0.017598386785303566,0.016035324111033488,35.662799474776264,-0.15760121096996316,128035020.0,0.8866980299608654,1
2018-04-26,38.54418182373047,38.89859360300027,38.3446763459467,38.52070932702644,111852000.0,0.003483047813325202,0.00435744516162484,-0.013919015297018777,-0.002896801034088403,38.5756332397461,39.97966976165772,40.56996673583984,0.9640945523941284,0.9500668825956966,0.01710581320602185,0.015898408923496022,42.587311001858126,-0.014766349213060304,125293920.0,0.8927169011872244,0
2018-04-27,38.098236083984375,38.57000322169767,37.70157449520931,38.49254827406108,142623200.0,-0.011569729039404342,0.003483047813325202,0.00435744516162484,-0.013919015297018777,38.416029357910155,39.91559391021728,40.54626106262207,0.9544699790683131,0.9396239033025309,0.01687385793822615,0.015951841118491298,36.337929774528874,0.27510639058756214,124745380.0,1.1433144858751483,1
2018-04-30,38.78826522827149,39.257686340671036,37.985555555836115,38.05362362271741,169709600.0,0.018111839686383524,-0.011569729039404342,0.003483047813325202,0.00435744516162484,38.41696624755859,39.898928833007815,40.50997459411621,0.9721630721119138,0.9574991250156256,0.018284104452900966,0.01648747929141494,35.74731158479953,0.18991580612410885,125713500.0,1.3499711645925059,1
2018-05-01,39.68956756591797,39.71303647925035,38.79062545495093,39.05819542045914,214277600.0,0.0232364693894469,0.018111839686383524,-0.011569729039404342,0.003483047813325202,38.706129455566405,39.90726089477539,40.49434280395508,0.9945450195283655,0.9801262304235122,0.019619688074036464,0.017166176400432862,44.62331578806912,0.2626133112092657,130371780.0,1.6435888196049788,1
2018-05-02,41.4428596496582,41.71981648729503,40.79271017052406,41.12834466848057,266157600.0,0.044175136975939555,0.0232364693894469,0.018111839686383524,-0.011569729039404342,39.3126220703125,39.96546936035156,40.516499557495116,1.036966669301082,1.0228637740742763,0.025092061946568826,0.01937938982689486,53.29900674116843,0.2421158347862773,136758560.0,1.9461860376418119,1
2018-05-03,41.51797103881836,41.66114469341514,40.9429306029922,41.28091454705021,136272800.0,0.0018124084533528428,0.044175136975939555,0.0232364693894469,0.018111839686383524,39.907379913330075,40.013468170166014,40.54381980895996,1.037599911666095,1.0240271201492248,0.02309844993472336,0.019339049231730798,52.95412596067334,-0.4879995912196383,138185560.0,0.9861580327206403,1
2018-05-04,43.1468505859375,43.245428609444815,41.81838771321594,41.8371649912268,224805200.0,0.03923312017333824,0.0018124084533528428,0.044175136975939555,0.0232364693894469,40.9171028137207,40.19478187561035,40.597005157470704,1.0734440783747212,1.0628087076516177,0.02001371288277888,0.02000809351791062,59.44348807156906,0.6496703670871957,142424760.0,1.578413753338956,1
2018-05-07,43.459014892578125,44.04813720028736,43.36278268851024,43.463706525898886,169805600.0,0.007234926823195931,0.03923312017333824,0.0018124084533528428,0.044175136975939555,41.851252746582034,40.37210540771484,40.64235130310058,1.0764614441998706,1.069303657371385,0.01950437199926337,0.01997945467873938,58.37365064830242,-0.24465448308135218,145111500.0,1.1701732805463385,1
2018-05-08,43.66790390014648,43.70780426877287,43.109291576578705,43.419111259653036,113611200.0,0.004806574840333644,0.007234926823195931,0.03923312017333824,0.0018124084533528428,42.64692001342773,40.5223201751709,40.67558631896973,1.077625953089008,1.0735654443358629,0.017584928921905312,0.01969291170526203,59.81821425947493,-0.3309337265673217,145110340.0,0.7829297347108414,1
2018-05-09,43.97539520263672,43.98478205445895,43.47311446722562,43.785280115978445,92844800.0,0.007041586039791881,0.004806574840333644,0.007234926823195931,0.03923312017333824,43.15342712402344,40.69741497039795,40.7176936340332,1.0805451706115259,1.080007025886177,0.017450041773094338,0.019603026676037055,69.11772802642783,-0.18278479586519636,145266260.0,0.6391353367258165,1
2018-05-10,44.60439682006836,44.68185174084153,44.04343867998312,44.06456535393887,111957200.0,0.014303489815912451,0.007041586039791881,0.004806574840333644,0.007234926823195931,43.770712280273436,40.884009742736815,40.77364868164062,1.090998586017911,1.0939515658345442,0.017073637826269812,0.019693874982248723,86.10443964774673,0.20585320879575386,146286260.0,0.7653295668369675,0
2018-05-11,44.43476104736328,44.78111639096404,44.16615931102086,44.646817320397844,104848800.0,-0.0038031177372351843,0.014303489815912451,0.007041586039791881,0.004806574840333644,44.02829437255859,41.055198669433594,40.84085678100586,1.0823175258544258,1.0879977686469315,0.015873332019897924,0.019781890309262414,85.48843876770262,-0.0634921202030776,146503840.0,0.7156727086470908,0
2018-05-14,44.331085205078125,44.656235967916004,44.262758245240285,44.53371481746541,83115200.0,-0.0023332148039379996,-0.0038031177372351843,0.014303489815912451,0.007041586039791881,44.2027084350586,41.208411407470706,40.90031127929687,1.0757775825602758,1.0838813646760155,0.01680535020686428,0.01982826266829083,90.44284022756855,-0.20728515729316888,146343920.0,0.5679443327744672,0
2018-05-15,43.928184509277344,44.0766235265029,43.61246038568903,44.00829297134428,94780800.0,-0.009088446491597013,-0.0023332148039379996,-0.0038031177372351843,0.014303489815912451,44.254764556884766,41.31307945251465,40.948843994140624,1.0632996884138957,1.0727576220604185,0.017817907408761432,0.01988066608745576,85.54312019575495,0.14035459218049162,145761880.0,0.6502440830208831,1
2018-05-16,44.338165283203125,44.40414099361598,43.82452472981287,43.84101955621875,76732400.0,0.009332977870715187,-0.009088446491597013,-0.0023332148039379996,-0.0038031177372351843,44.327318572998045,41.442940902709964,41.00628082275391,1.0698604953564925,1.08125302742892,0.013299867235436327,0.019899765654853734,86.03985778229986,-0.19042253283365407,145447600.0,0.5275604410110583,0
2018-05-17,44.05777740478516,44.510159080061804,43.90933837555642,44.29574794788918,69176000.0,-0.006323849366049017,0.009332977870715187,-0.009088446491597013,-0.0023332148039379996,44.217994689941406,41.617930030822755,41.065808334350585,1.0586249093156586,1.0728579125016728,0.013878828449069269,0.01863111310522435,87.8492115484507,-0.0984773055449849,141944640.0,0.4873449254582632,0
2018-05-18,43.89755630493164,44.25097982122303,43.85514720867744,44.104899251623095,73190800.0,-0.003636613313047432,-0.006323849366049017,0.009332977870715187,-0.009088446491597013,44.11055374145508,41.86799507141113,41.11316535949707,1.048475242964437,1.0677250443036341,0.007758177232155864,0.015454794346279985,84.79053003107683,0.05803746964265066,132505960.0,0.5523585505135015,1
2018-05-21,44.20857238769531,44.594981969565396,44.0389288058782,44.29574904119214,73603200.0,0.007085043199289265,-0.003636613313047432,-0.006323849366049017,0.009332977870715187,44.08605117797852,42.139244651794435,41.15247261047363,1.0491069014881538,1.0742628470019049,0.007746546696388553,0.01530678093819642,83.46098614480223,0.005634587953677217,128883020.0,0.5710853144192307,0
2018-05-22,44.09783172607422,44.503090985077776,44.00829661681228,44.385283144558365,60962800.0,-0.002504959007722185,0.007085043199289265,-0.003636613313047432,-0.006323849366049017,44.11998062133789,42.4319486618042,41.181396865844725,1.0392601121750882,1.0708192310651887,0.0077697994142671995,0.014699179552167164,75.97771243396257,-0.17173709838702667,125192760.0,0.4869514818588551,1
2018-05-23,44.38055419921875,44.41354023914239,43.76795220611261,43.90696814134176,80233600.0,0.0064112556576645385,-0.002504959007722185,0.007085043199289265,-0.003636613313047432,44.128458404541014,42.73045654296875,41.224190368652344,1.0386164293515259,1.0765658173596677,0.007717789194506338,0.014685092408411957,76.91557777769808,0.31610752786945473,123528020.0,0.6495174131342832,0
2018-05-24,44.331085205078125,44.493660586497064,43.87399384244604,44.47716935972642,92936000.0,-0.0011146547183382705,0.0064112556576645385,-0.002504959007722185,0.007085043199289265,44.18311996459961,43.019801712036134,41.27317680358887,1.0304809283366623,1.0740894847043458,0.006128952380360558,0.014784470181617161,65.83922805957721,0.15831771228014202,122582220.0,0.7581523650004054,1
2018-05-25,44.43239974975586,44.68450662598143,44.21327532554309,44.34993283409535,69844000.0,0.0022854063736326147,-0.0011146547183382705,0.0064112556576645385,-0.002504959007722185,44.29008865356445,43.33650989532471,41.323203506469724,1.0252879121340912,1.0752409295373082,0.006077329198859671,0.014174635433444263,63.7973005269823,-0.2484720667986572,118943260.0,0.5872043527308736,0
2018-05-29,44.27217483520508,44.47244955605774,44.02949102723114,44.20149302333628,90056400.0,-0.003606037833949305,0.0022854063736326147,-0.0011146547183382705,0.0064112556576645385,44.302809143066405,43.61070537567139,41.3729833984375,1.0151675936868174,1.0700745075318179,0.006144841859597931,0.014176040208067765,58.685091815049724,0.28939350552660215,114960600.0,0.7833675189586693,0
2018-05-30,44.17794036865234,44.29574820963541,44.00829679001992,44.22977610630169,74762000.0,-0.0021285258043796107,-0.003606037833949305,0.0022854063736326147,-0.0011146547183382705,44.31883087158203,43.835124015808105,41.43364669799805,1.0078205859009457,1.0662334573313548,0.005359653569326589,0.01374954514464848,53.10126419621547,-0.16983135013169526,107984820.0,0.6923380527003703,0
2018-05-31,44.02949142456055,44.349928823690995,43.857493022112415,44.11195833276388,109931200.0,-0.0033602504519908427,-0.0021285258043796107,-0.003606037833949305,0.0022854063736326147,44.24861831665039,43.96445560455322,41.49162292480469,1.0014792818223954,1.0611658045855483,0.004488655258305771,0.010407034622713595,39.67843915054023,0.4704154517000616,100173500.0,1.0974079971249882,1
2018-06-01,44.82353210449219,44.828241829945235,44.23684771666393,44.293396778992886,93770000.0,0.01803429143150881,-0.0033602504519908427,-0.0021285258043796107,-0.003606037833949305,44.3471076965332,44.129733657836915,41.58411582946778,1.0157217909365754,1.07790032829624,0.006998618625741335,0.010922239879191983,55.70149527607335,-0.14701194929192074,98048360.0,0.9563647979425663,1
2018-06-04,45.19816589355469,45.57279404120709,45.08507134987317,45.15339832964452,105064800.0,0.008357971169901557,0.01803429143150881,-0.0033602504519908427,-0.0021285258043796107,44.50026092529297,44.232299423217775,41.69546127319336,1.0218362256299505,1.0840068562237797,0.007001370557001819,0.00721835046012305,61.779912062671414,0.12045217020368981,92061340.0,1.1412477810989934,1
2018-06-05,45.54685974121094,45.69529874796764,45.32302559759376,45.490314287367944,86264000.0,0.007714778703132641,0.008357971169901557,0.01803429143150881,-0.0033602504519908427,44.75519790649414,44.33669166564941,41.83213500976562,1.0272949566171425,1.088800744465424,0.0070454294093180705,0.007236218140073876,72.3196025955008,-0.178944803587881,87884260.0,0.9815637066296058,1
2018-06-06,45.70473861694336,45.7283016281917,45.219370784997885,45.622275267995676,83734400.0,0.0034662955169568743,0.007714778703132641,0.008357971169901557,0.01803429143150881,45.06055755615235,44.43853340148926,41.9352108001709,1.0284934069271436,1.089889325577376,0.006773997116899252,0.007218686403772925,70.25136775125752,-0.029323935824909553,86390420.0,0.9692556188521829,0
2018-06-07,45.58221054077149,45.756563841147845,45.3183185372882,45.74242747573462,85388800.0,-0.0026808615447686535,0.0034662955169568743,0.007714778703132641,0.008357971169901557,45.37110137939453,44.518874168395996,42.05663124084472,1.0238850687992096,1.0838293319247783,0.006963179394807737,0.007210405498854962,73.69952994844022,0.019757710092864977,86017620.0,0.9926896373091931,0
2018-06-08,45.16753005981445,45.23821549056052,44.71279347355301,45.04265402342088,106627200.0,-0.00909741927908747,-0.0026808615447686535,0.0034662955169568743,0.007714778703132641,45.439900970458986,44.5470308303833,42.178489456176756,1.0139290816439317,1.0708664687184517,0.007849822595391872,0.006972906556938103,68.29602859516996,0.24872582821166245,85751120.0,1.2434496482378306,0
2018-06-11,45.05678176879883,45.23113865191412,44.816456383543546,45.08505809281272,73234000.0,-0.00245194481232347,-0.00909741927908747,-0.0026808615447686535,0.0034662955169568743,45.411624145507815,44.57813186645508,42.292030029296875,1.0107373252826668,1.065372878473479,0.007965972571829379,0.006933922149891106,62.968138527128616,-0.3131771255364485,84170380.0,0.8700685443026395,1
2018-06-12,45.30418395996094,45.381937568012425,45.0379370834704,45.09448614256514,67644400.0,0.005490897961412555,-0.00245194481232347,-0.00909741927908747,-0.0026808615447686535,45.36308898925781,44.62678680419922,42.41568237304688,1.0151791604162272,1.0680998495205059,0.007846147885988572,0.006973314115192524,67.70391768275616,-0.07632520414015354,83396840.0,0.8111146657355363,0
2018-06-13,44.931907653808594,45.445551685104874,44.87064887374254,45.33716689476205,86553600.0,-0.008217261047707147,0.005490897961412555,-0.00245194481232347,-0.00909741927908747,45.20852279663086,44.67697296142578,42.523861999511716,1.0057061764816277,1.0566281034004985,0.008444409101304812,0.006908682183228411,57.884194517600804,0.27953829141806263,82985480.0,1.0429969194610913,1
2018-06-14,44.95547103881836,45.13689611332946,44.818813517322575,45.13218279322,86440400.0,0.0005244243175988039,-0.008217261047707147,0.005490897961412555,-0.00245194481232347,45.08317489624024,44.707838249206546,42.61739761352539,1.0055389121753433,1.054861947378761,0.008272040574434713,0.006635107551453889,58.9951803388601,-0.0013078601005619417,83470880.0,1.0355755204689348,0
2018-06-15,44.49366760253906,44.80468204998491,44.35701006610469,44.77405085873973,246876800.0,-0.010272463520191732,0.0005244243175988039,-0.008217261047707147,0.005490897961412555,44.948402404785156,44.72963275909424,42.696111068725585,0.9947246346102138,1.0421011771053352,0.006957714316028181,0.006908603449489487,50.799599727177224,1.8560349096024544,92355920.0,2.6731020599437483,0
2018-06-18,44.47010803222656,44.58320256034685,44.10725784482574,44.26747838860552,73939600.0,-0.0005295038953173625,-0.010272463520191732,0.0005244243175988039,-0.008217261047707147,44.831067657470705,44.758260345458986,42.795101699829104,0.9935620305389805,1.0391401414149262,0.006195673044815518,0.006844974393400047,52.67876041958143,-0.7005000064809654,92393360.0,0.8002696297656022,0
2018-06-19,43.75148010253906,43.902274007400344,43.22369963791943,43.62189074792149,134314000.0,-0.016159797254522656,-0.0005295038953173625,-0.010272463520191732,0.0005244243175988039,44.52052688598633,44.73540573120117,42.87188041687012,0.9780056621242208,1.0205169373751757,0.006777798649932939,0.007627195279304208,45.06284391919949,0.816536740799247,95428900.0,1.407477189824047,1
2018-06-20,43.94231796264648,44.10724819574322,43.76089290863536,43.90697705384341,82514800.0,0.004361860665288431,-0.016159797254522656,-0.0005295038953173625,-0.010272463520191732,44.322608947753906,44.727630043029784,42.93745460510254,0.9824423498489009,1.0234029559224156,0.0068922578982531,0.007686136597143382,49.00059652824054,-0.38565748916717546,96506500.0,0.8550180557786263,0
2018-06-21,43.6972885131836,44.37821773005367,43.57476734474176,44.11903902665944,102847600.0,-0.005576161222791365,0.004361860665288431,-0.016159797254522656,-0.0005295038953173625,44.07097244262695,44.69346675872803,43.00193038940429,0.9777108754860712,1.0161703932238038,0.00689601610224895,0.007614734953378902,35.22867589522116,0.24641397664418996,97637200.0,1.053364905998943,0
2018-06-22,43.57004928588867,43.85985555346904,43.51821355084701,43.852787370982426,108801600.0,-0.002911833471235692,-0.005576161222791365,0.004361860665288431,-0.016159797254522656,43.88624877929688,44.65541496276855,43.05588134765625,0.9756946458165308,1.0119418746554216,0.006681267334778933,0.007629878989832445,27.164425382741015,0.05789148215417761,98430480.0,1.1053649235480716,0
2018-06-25,42.92211532592773,43.570058556606334,42.5828281135387,43.21192165517229,126652400.0,-0.014871086229659047,-0.002911833471235692,-0.005576161222791365,0.004361860665288431,43.57665023803711,44.57990074157715,43.09410400390625,0.9628131649449075,0.9960089974729969,0.007547561887375639,0.00820316763953556,16.03687436633274,0.1640674401847031,101270900.0,1.2506297465510823,1
2018-06-26,43.4546012878418,43.94939568980616,43.00928776415795,43.115317704014764,98276800.0,0.012405864852434556,-0.014871086229659047,-0.002911833471235692,-0.005576161222791365,43.51727447509766,44.539022064208986,43.137859420776365,0.9756523442565971,1.0073425494755281,0.008808274507271575,0.008768756490243373,23.457324547272478,-0.22404312906822133,101681920.0,0.9665120406853057,0
2018-06-27,43.39098358154297,44.12610333725696,43.36035239331826,43.643090484345954,101141200.0,-0.001464003912437839,0.012405864852434556,-0.014871086229659047,-0.002911833471235692,43.40700759887695,44.499674224853514,43.168982620239255,0.9750854211267163,1.0051426035043882,0.0087180495315777,0.008765094845913599,23.787933132002834,0.02914624814808775,103000880.0,0.981945008625169,1
2018-06-28,43.70671463012695,43.874003367746724,43.306168638273,43.37685407100263,69460800.0,0.007276420641413761,-0.001464003912437839,0.012405864852434556,-0.014871086229659047,43.40889282226563,44.48353538513184,43.208298187255856,0.982536892621522,1.011535201889023,0.009301915788581682,0.008926726642166233,32.10160669750189,-0.31322942579285196,100977360.0,0.6878848882561398,0
2018-06-29,43.61481475830078,44.104895760187524,43.096461027816034,43.89283951007356,90950800.0,-0.0021026488173243596,0.007276420641413761,-0.001464003912437839,0.012405864852434556,43.41784591674805,44.423099517822266,43.26943458557129,0.9818048544947385,1.0079820819485508,0.00892114252338333,0.007812485731580503,32.25056370447517,0.30938313408426055,100836400.0,0.9019639733270922,1
2018-07-02,44.10254287719727,44.13081920457902,43.216629182120954,43.31087761470998,70925200.0,0.011182625023156145,-0.0021026488173243596,0.007276420641413761,-0.001464003912437839,43.65393142700195,44.36831836700439,43.37356033325195,0.9940097912296634,1.0168070718277293,0.009849860355048527,0.008019753071775474,36.03500879121084,-0.22018058114936867,99129420.0,0.715480833036247,0
2018-07-03,43.334434509277344,44.283965391794474,43.244899402321124,44.24626602094871,55819200.0,-0.017416419050001575,0.011182625023156145,-0.0021026488173243596,0.007276420641413761,43.62989807128906,44.257697105407715,43.46457740783691,0.9791389372580446,0.9970057709905146,0.010073272329169786,0.008504345865462575,32.998970441605906,-0.21298494752217834,97607180.0,0.5718759624035855,1
2018-07-05,43.68315124511719,43.92112541341989,43.419262800087296,43.65016518948845,66416800.0,0.008047104797575866,-0.017416419050001575,0.011182625023156145,-0.0021026488173243596,43.688331604003906,44.15661773681641,43.57336540222168,0.9892775643614465,1.0025195630835966,0.010351209187227903,0.00873080222871033,37.33586567165316,0.18985582021956593,96741300.0,0.6865402883773528,1
2018-07-06,44.28867721557617,44.39705840908352,43.636020811298415,43.6878565456575,69940800.0,0.013861774006669547,0.008047104797575866,-0.017416419050001575,0.011182625023156145,43.80472412109375,44.09194107055664,43.69093101501465,1.0044619524621226,1.0136812420031998,0.011099098004097708,0.009439955036284337,48.01636607804009,0.05305886462461307,95968900.0,0.7287860963291233,1
2018-07-09,44.90364456176758,44.92720397675285,44.60205672635557,44.649179151536714,79026400.0,0.013885430427240664,0.013861774006669547,0.008047104797575866,-0.017416419050001575,44.06249008178711,44.0787467956543,43.81812026977539,1.0187141837298017,1.0247734107558455,0.011632152994973,0.009843354613563025,53.76435119768035,0.12990414750760637,94588860.0,0.8354725915927097,0
2018-07-10,44.849456787109375,45.06857769589515,44.809398948202585,44.93427859588051,63756400.0,-0.0012067567162319381,0.013885430427240664,0.013861774006669547,0.008047104797575866,44.21187286376953,44.06838054656983,43.95314468383789,1.0177241875206677,1.0203924454033677,0.009973366827296591,0.00983260523709807,60.77713642123044,-0.19322656732433718,94114980.0,0.6774309466994521,0
2018-07-11,44.26747131347656,44.71513962901053,44.20385407867217,44.41355187208477,75326000.0,-0.012976421908416191,-0.0012067567162319381,0.013885430427240664,0.013861774006669547,44.39848022460937,44.01654491424561,44.062728805541994,1.0057007291171949,1.0046466143492414,0.010908790419269867,0.010134076407793466,52.96393840744257,0.18146570383522276,94499060.0,0.7971084580100585,1
2018-07-12,45.0096549987793,45.09919009160523,44.6043958141694,44.65623154209923,72164400.0,0.01676589295211861,-0.012976421908416191,-0.0012067567162319381,0.013885430427240664,44.663780975341794,44.02043228149414,44.16913055419922,1.0224718992071558,1.0190296805491492,0.011771637908766041,0.010733651652852458,60.96872455326926,-0.04197222738496664,93779600.0,0.7695106398406476,1
2018-07-13,45.08034896850586,45.20051167231687,44.97903235551187,45.02144504787517,50055600.0,0.0015706401155146654,0.01676589295211861,-0.012976421908416191,-0.0012067567162319381,44.82211532592773,44.026676177978516,44.241880340576174,1.0239325990966899,1.0189519211542346,0.011718895830150223,0.010738165962484903,62.743497506121976,-0.30636712839017577,91960360.0,0.5443171383844082,0
2018-07-16,44.98138046264648,45.39134935496412,44.86592751050151,45.12510613972118,60172400.0,-0.002195380207205666,0.0015706401155146654,0.01676589295211861,-0.012976421908416191,44.83766250610351,44.05106182098389,44.31114852905274,1.0211190968663422,1.0151255825191328,0.011723559603939155,0.01047242979657616,69.14953997741026,0.2021112522874564,82625140.0,0.7282577675511351,1
2018-07-17,45.108619689941406,45.207577840766284,44.57848442788754,44.708073766542675,62138000.0,0.002828708812095959,-0.002195380207205666,0.0015706401155146654,0.01676589295211861,44.889495086669925,44.08298740386963,44.35038391113281,1.0232659433144893,1.0170964873794084,0.011380338364379385,0.01048032997697028,66.63482351605154,0.03266613929309781,82035060.0,0.7574566289096394,0
2018-07-18,44.86122512817383,45.19108924534587,44.75048546825586,45.18637592497211,65573600.0,-0.005484418797739088,0.002828708812095959,-0.002195380207205666,0.0015706401155146654,45.008245849609374,44.13847465515137,44.37842811584473,1.016374613728028,1.0108790922262685,0.009561722920573402,0.009824274699103127,64.25943013336146,0.055289838746017006,78598040.0,0.8342905242929722,1
2018-07-19,45.209938049316406,45.36780012426097,44.69393913236674,44.69393913236674,81147200.0,0.007773147526539015,-0.005484418797739088,0.002828708812095959,-0.002195380207205666,45.048302459716794,44.20185565948486,44.40926879882812,1.0228063364035538,1.0180293274837575,0.009547660101794914,0.009909491234832828,64.48663135024641,0.23749801749484556,78529660.0,1.033331864673806,0
2018-07-20,45.10626983642578,45.33952707669777,44.80703689306761,45.18637831095939,82704800.0,-0.00229304036598188,0.007773147526539015,-0.005484418797739088,0.002828708812095959,45.05348663330078,44.272304725646975,44.43188629150391,1.0188371740741045,1.015177918409708,0.008943913844444646,0.009813358039227886,64.34069118305119,0.019194747323382666,77522520.0,1.0668487040926946,1
2018-07-23,45.14631271362305,45.22877962532212,44.66329993483419,44.92718829993629,63957600.0,0.0008877452589735046,-0.00229304036598188,0.007773147526539015,-0.005484418797739088,45.086473083496095,44.35111789703369,44.442724609375,1.0179295326542952,1.015831344959882,0.007884999312675238,0.00975734554691524,60.98151245934366,-0.22667608167845155,75280320.0,0.8495925628371399,1
2018-07-24,45.47382354736328,45.62933074980564,45.24998938365914,45.34423421199465,74791600.0,0.007254431515099302,0.0008877452589735046,-0.00229304036598188,0.007773147526539015,45.15951385498047,44.478703308105466,44.463505859375,1.0223729597592939,1.0227224027539263,0.008123868035796752,0.008988903901879564,74.80854843618391,0.1693934731759792,72687280.0,1.0289503197808474,1
2018-07-25,45.90264129638672,45.909709478060186,45.339516458198204,45.487955463759825,66839600.0,0.009429991049175745,0.007254431515099302,0.0008877452589735046,-0.00229304036598188,45.36779708862305,44.601105308532716,44.49493698120117,1.0291816980509898,1.0316374044035683,0.006674838221916161,0.00884730931040885,75.26799906193807,-0.10632210034281919,71115420.0,0.9398749244537964,0
2018-07-26,45.7589225769043,46.17125001494184,45.617551731493165,45.85316741037176,76304000.0,-0.0031309466170901246,0.009429991049175745,0.007254431515099302,0.0008877452589735046,45.477593994140626,44.71950225830078,44.53155174255371,1.023243110189371,1.0275618249605645,0.0051153086954002554,0.008897118641189793,68.70497452074733,0.14159869299038297,69873560.0,1.092029660432358,0
2018-07-27,44.99787902832031,45.98982256720947,44.790539686327264,45.942700152902404,96096000.0,-0.01663158802100162,-0.0031309466170901246,0.009429991049175745,0.007254431515099302,45.45591583251953,44.78406047821045,44.544746017456056,1.004774434203301,1.0101725355148885,0.007725055619078336,0.00980897013326221,51.155919789844674,0.25938351855734965,71205320.0,1.3495620832825412,0
2018-07-30,44.74578475952149,45.28534320671292,44.547868406463465,45.21465776770341,84118000.0,-0.0056023589165205,-0.01663158802100162,-0.0031309466170901246,0.009429991049175745,45.37581024169922,44.84060897827148,44.55850616455078,0.9978853048406202,1.0042029819015725,0.007898174490250837,0.009907390874777605,48.787199120332325,-0.12464618714618714,70863680.0,1.1870396795650466,1
2018-07-31,44.83530807495117,45.27119853960078,44.61147388845953,44.837666532786,157492000.0,0.002000709472653295,-0.0056023589165205,-0.01663158802100162,-0.0031309466170901246,45.2481071472168,44.87724723815918,44.577261199951174,0.9990654693460711,1.0057887557031044,0.007863702651445722,0.009635695631628784,57.50786571938422,0.872274661784636,75192020.0,2.09453077600522,1
2018-08-01,47.4765510559082,47.53780982751144,46.48932095747742,46.91814314432803,271742800.0,0.0589098880851151,0.002000709472653295,-0.0056023589165205,-0.01663158802100162,45.562889099121094,45.084353065490724,44.64262077331543,1.053060492782108,1.0634803744382033,0.020157226073316215,0.015402116356051616,71.71306661366118,0.7254387524445687,85988200.0,3.160233613449287,1
2018-08-02,48.86433410644531,49.097594916163985,47.20560135629759,47.25979195423673,249616000.0,0.029230915466097462,0.0589098880851151,0.002000709472653295,-0.0056023589165205,46.1839714050293,45.343412208557126,44.737950820922855,1.077650130997943,1.0922345169996621,0.021482107582805696,0.016345046959868857,77.03711416299748,-0.08142552442971807,95148160.0,2.623445371933624,1
2018-08-03,49.005706787109375,49.182418547865296,48.41430912684515,48.7795141514494,133789600.0,0.002893167035820099,0.029230915466097462,0.0589098880851151,0.002000709472653295,46.98553695678711,45.57926368713379,44.830453872680664,1.0751754816290024,1.093134299427048,0.021267382644675505,0.01624202204759668,78.58119344125865,-0.464018332158195,98340600.0,1.3604716668395354,1
2018-08-06,49.26016616821289,49.30257525994022,48.78893486345839,49.00805569446865,101701600.0,0.005192443855752016,0.002893167035820099,0.029230915466097462,0.0589098880851151,47.88841323852539,45.79708976745606,44.92903549194336,1.0756178267733016,1.096399369112791,0.021138816941846432,0.016113036287210853,78.96137447329195,-0.23983927001799843,99474360.0,1.022390091275782,0
2018-08-07,48.7983627319336,49.36148405297779,48.715895807364944,49.319074957057836,102349600.0,-0.009374784378565204,0.005192443855752016,0.002893167035820099,0.029230915466097462,48.681024169921876,45.99453506469727,45.01635475158692,1.0609600176040999,1.0840140877957996,0.021926825487239916,0.016373657657863125,76.66789141400452,0.006371581174730689,101404020.0,1.009324876863856,1
2018-08-08,48.83134460449219,48.96328879634437,48.188114871607986,48.548606536921845,90102000.0,0.00067588072042013,-0.009374784378565204,0.005192443855752016,0.002893167035820099,48.95198287963867,46.22272872924805,45.10753814697266,1.056435782719022,1.0825539723623656,0.02200657775418629,0.015890654454507356,75.62534888567141,-0.11966436605516773,102142820.0,0.8821178032875928,1
2018-08-09,49.21540832519531,49.427461016071646,48.81957208162651,49.368557091360415,93970400.0,0.007865106394547183,0.00067588072042013,-0.009374784378565204,0.005192443855752016,49.02219772338867,46.43301639556885,45.20828750610352,1.059922704696221,1.0886368637288195,0.02174974397139038,0.015667902931728803,77.9667987309369,0.04293356418281502,103233120.0,0.9102737571043091,0
2018-08-10,49.06881332397461,49.44002903622106,48.86547303748079,49.02861861252826,98444800.0,-0.002978640352876094,0.007865106394547183,0.00067588072042013,-0.009374784378565204,49.03481903076172,46.632439613342285,45.3090739440918,1.0522463274671832,1.0829798327929205,0.020455521205332363,0.015746868637248928,76.31487356187714,0.047614993657577376,105652580.0,0.9317784762094783,1
2018-08-13,49.38564300537109,49.87744283435731,49.10900627803238,49.48967807024764,103563600.0,0.006456844173194476,-0.002978640352876094,0.007865106394547183,0.00067588072042013,49.05991439819336,46.85265274047852,45.40031616210938,1.0540628996809007,1.0877819182807327,0.01985339580472791,0.015675912053174746,76.2808809192594,0.05199665193082814,107822140.0,0.9605040300628424,1
2018-08-14,49.59370422363281,49.785221646005944,49.24140438229996,49.69064629919543,82992000.0,0.004212989962266933,0.006456844173194476,-0.002978640352876094,0.007865106394547183,49.2189826965332,47.07690696716308,45.48822692871094,1.0534613979254253,1.090253623236535,0.0197654067293233,0.01566982741814851,75.5558102828601,-0.19863735907210645,108864840.0,0.7623397967608274,1
2018-08-15,49.709571838378906,49.82779284898479,49.25796671198787,49.46839996655359,115230400.0,0.00233633717343662,0.004212989962266933,0.006456844173194476,-0.002978640352876094,49.39462814331055,47.31932430267334,45.571481170654295,1.0505131375168544,1.0908043926030944,0.009985723503609809,0.015494585776305964,77.45900791763255,0.38845189897821486,111347680.0,1.0348702370808265,1
2018-08-16,50.43780517578125,50.553659437598704,50.00038606730865,50.06658953343815,114001600.0,0.014649760810051982,0.00233633717343662,0.004212989962266933,0.006456844173194476,49.63910751342773,47.58071765899658,45.666142501831054,1.0600471715719162,1.1044901630077222,0.006428882654662795,0.01562910912156126,87.98347530084877,-0.010663852594454237,112990400.0,1.0089494328721733,1
2018-08-17,51.44504928588867,51.53253166882398,50.39997610944165,50.466179578876776,141708000.0,0.019970022616905503,0.014649760810051982,0.00233633717343662,0.004212989962266933,50.11435470581055,47.89765663146973,45.7833992767334,1.0740619250272097,1.123661634972405,0.008327961825655454,0.015828955771051516,92.31437950449806,0.24303518547108105,115940560.0,1.222246985869311,0
2018-08-20,50.943790435791016,51.82335127939345,50.86103429992759,51.56799711668782,121150800.0,-0.009743577993522323,0.019970022616905503,0.014649760810051982,0.00233633717343662,50.42598419189453,48.187530517578125,45.89892448425293,1.0571986131807989,1.1099125090233626,0.009523378942561082,0.01620880566780834,86.67526002229881,-0.14506732153442292,118800220.0,1.0197859902953041,0
2018-08-21,50.844482421875,51.352834849865985,50.60567731793008,51.26062262083593,104639200.0,-0.0019493644478846273,-0.009743577993522323,0.019970022616905503,0.014649760810051982,50.67613983154297,48.456063461303714,46.014678497314456,1.049290404336676,1.104962244272606,0.008667024036474805,0.016307076577498147,79.1048367902243,-0.13628964893339546,120292600.0,0.8698722947213711,1
2018-08-22,50.84686279296875,51.156601296459534,50.56076632942316,50.62224357048316,76072400.0,4.6816704200036696e-05,-0.0019493644478846273,-0.009743577993522323,0.019970022616905503,50.90359802246094,48.70327453613281,46.12553207397461,1.0440132265695117,1.1023582928305786,0.008697267790556825,0.016329703267776847,72.52638368034793,-0.27300285170375915,120754240.0,0.6299770509093511,1
2018-08-23,50.95088577270508,51.319734700207334,50.74045254571631,50.75227175897287,75532800.0,0.0020458092008521778,4.6816704200036696e-05,-0.0019493644478846273,-0.009743577993522323,51.0062141418457,48.962872695922854,46.24591163635254,1.040602459931804,1.1017381638694759,0.008610612580484449,0.016230569379779777,72.2912001874515,-0.007093242752956419,120715680.0,0.6257082758428731,1
2018-08-24,51.10930633544922,51.28427111585805,50.861041500529375,51.21334139829706,73905600.0,0.0031092798553269407,0.0020458092008521778,4.6816704200036696e-05,-0.0019493644478846273,50.939065551757814,49.2684440612793,46.36898834228516,1.0373639214561006,1.1022303518500798,0.008311305696567283,0.01539174782230298,71.66755916169245,-0.021542958820538916,119606160.0,0.6179079739705714,1
2018-08-27,51.5301628112793,51.71931710624487,51.14949110049513,51.343371637166726,82100400.0,0.008234439205021538,0.0031092798553269407,0.0020458092008521778,4.6816704200036696e-05,51.056340026855466,49.607662963867185,46.50971824645996,1.0387540902463477,1.1079439900756969,0.008385669947243421,0.015127968962721552,82.32039810335846,0.11088198999805154,119505280.0,0.6870022814054743,1
2018-08-28,51.94630813598633,52.14491855568263,51.761883659437096,51.783162574157686,91107200.0,0.008075761883988175,0.008234439205021538,0.0031092798553269407,0.0020458092008521778,51.27670516967773,49.963212966918945,46.65924224853516,1.0396911057417466,1.1133122963996946,0.008470205552676845,0.015079218310526454,83.79007810165878,0.1097047030221534,116186040.0,0.7841492833390311,1
2018-08-29,52.72183990478516,52.8424276423776,51.8777437807323,52.0527085641898,109019200.0,0.014929487708127853,0.008075761883988175,0.008234439205021538,0.0031092798553269407,51.65170059204102,50.225477409362796,46.83864944458008,1.0497031113328354,1.1256054674925273,0.00900285254583781,0.00927691215790494,85.05901970985221,0.19660356151873826,108049860.0,1.0089712286531423,1
2018-08-30,53.20654296875,53.97024961852312,52.58469935427872,52.78567649739625,195175200.0,0.009193591590130445,0.014929487708127853,0.008075761883988175,0.008234439205021538,52.10283203125,50.44258785247803,47.02393394470215,1.0547940784551995,1.1314779199740774,0.008571118739805605,0.007459767337895704,88.75103515341706,0.7902828125687953,105327820.0,1.853026104594209,1
2018-08-31,53.8213005065918,54.11448631513181,53.43589884273721,53.55648297936392,173360400.0,0.011554171790542078,0.009193591590130445,0.014929487708127853,0.008075761883988175,52.64523086547852,50.683367538452146,47.22641418457031,1.0619124797845956,1.1396440198963094,0.007299426417469438,0.00762387183445547,89.34558972314844,-0.11177034787206575,107306360.0,1.6155650047210621,1
2018-09-04,53.99391174316406,54.18779236627043,53.5848679685138,54.00573456833609,109560400.0,0.0032071175342767155,0.011554171790542078,0.009193591590130445,0.014929487708127853,53.13798065185547,50.920054817199706,47.43489143371582,1.0603663318313254,1.1382741714211286,0.005377616454370845,0.007630388940953977,89.27815968585318,-0.36801945542349923,107699300.0,1.0172805208576101,0
2018-09-05,53.64160537719727,54.303643822077376,53.223105556873655,54.142864963882396,133332000.0,-0.006524927618554943,0.0032071175342767155,0.011554171790542078,0.009193591590130445,53.47704010009765,51.16221694946289,47.64928123474121,1.0484613172682389,1.1257589618809831,0.006239975063553596,0.007377597142847357,83.6774727691055,0.21697255577745245,109248420.0,1.220447856362591,0
2018-09-06,52.75020599365234,53.75508438603124,52.324609717669404,53.49026692107618,137160000.0,-0.016617686537843013,-0.006524927618554943,0.0032071175342767155,0.011554171790542078,53.482713317871095,51.3581600189209,47.83519332885742,1.027104669914549,1.1027488826271734,0.0092996945179985,0.008765394193626765,69.26696891257575,0.028710287102871046,111601320.0,1.2290177212957696,0
2018-09-07,52.32461929321289,53.286936430190956,52.18511936850075,52.45466312464746,150479200.0,-0.008067962814982343,-0.016617686537843013,-0.006524927618554943,0.0032071175342767155,53.30632858276367,51.51362056732178,48.01386604309082,1.0157433843119459,1.0897814236881762,0.010023846160969931,0.00910391574253975,58.115179560675024,0.09710702828813056,114426760.0,1.3150700063516612,0
2018-09-10,51.62239074707031,52.45466773356044,51.18260841073498,52.2418677340193,158066000.0,-0.01342061453342791,-0.008067962814982343,-0.016617686537843013,-0.006524927618554943,52.866546630859375,51.641299438476565,48.17217956542969,0.9996338455536198,1.0716224844457036,0.011239754574458445,0.009747928038725331,56.037091813913776,0.05041759924295186,117407820.0,1.3462987388744634,1
2018-09-11,52.927547454833984,53.03394564193792,51.203883114038426,51.54672332040395,142996000.0,0.025282763716977685,-0.01342061453342791,-0.008067962814982343,-0.016617686537843013,52.65327377319336,51.81839466094971,48.358434219360355,1.0214046151205864,1.0944843088745908,0.01351262282872872,0.01097341204307564,65.25807480958946,-0.09533992129869806,119379440.0,1.1978276996440929,0
2018-09-12,52.27024459838867,53.19946010310294,51.97941828552849,53.18527415765987,197114800.0,-0.012418917710219302,0.025282763716977685,-0.01342061453342791,-0.008067962814982343,52.37900161743164,51.9522216796875,48.52178825378418,1.0061214498325395,1.0772530543391947,0.014155900926543239,0.011534488570554438,59.51327490034965,0.3784637332512797,125085580.0,1.5758395172329216,1
2018-09-13,53.5328369140625,53.99153499554689,52.6249004519719,52.849519642275006,166825600.0,0.024155087189179802,-0.012418917710219302,0.025282763716977685,-0.01342061453342791,52.53552780151367,52.14338493347168,48.72575630187988,1.0266467545665396,1.0986558439934806,0.015428838379693941,0.01249097505427477,64.94254066218977,-0.15366273866802493,127665340.0,1.3067415165306417,0
2018-09-14,52.92518997192383,53.6345161536313,52.61308832803869,53.37679517348761,127997200.0,-0.01135091986838177,0.024155087189179802,-0.012418917710219302,0.025282763716977685,52.65564193725586,52.26775417327881,48.91059707641602,1.0125782293317114,1.0820802266886165,0.015676256935691742,0.012652739922286858,59.989649879689296,-0.2327484510770529,128365120.0,0.9971338008331235,0
2018-09-17,51.5159912109375,52.71475044000342,51.371761426756805,52.52559609238329,148780400.0,-0.026626239069408975,-0.01135091986838177,0.024155087189179802,-0.012418917710219302,52.634362030029294,52.27130126953125,49.05514335632324,0.9855501959918871,1.0501649304485634,0.01702711125412176,0.013523801089967875,49.929684604694984,0.1623723018941039,128718740.0,1.1558565598140567,1
2018-09-18,51.601104736328125,52.454660523096074,51.3362872360447,51.49470294727404,126286800.0,0.0016521767977271118,-0.026626239069408975,-0.01135091986838177,0.024155087189179802,52.369073486328126,52.30416698455811,49.189092559814455,0.9865581981558458,1.0490355087071517,0.016958526427397765,0.013323349442958038,48.22902425191525,-0.1511865810281462,128975540.0,0.9791531014330314,1
2018-09-19,51.63184356689453,51.927396096554034,50.90596843011665,51.66258218448119,108495200.0,0.0005957010169350685,0.0016521767977271118,-0.026626239069408975,-0.01135091986838177,52.2413932800293,52.34353504180908,49.32474029541016,0.9864034503144258,1.0467737540566242,0.017008516056041173,0.013308602837409176,43.945368122703,-0.1408824992002331,129168340.0,0.8399519572675471,1
2018-09-20,52.02433013916016,52.55632461019828,51.81626003598558,52.07398454389715,106435200.0,0.007601637771409875,0.0005957010169350685,0.0016521767977271118,-0.026626239069408975,51.93969192504883,52.40240840911865,49.47987747192383,0.9927850974518817,1.0514239888463774,0.016683062209222412,0.013391481031493645,43.365158421802214,-0.018987015093755333,130686480.0,0.8144316076154167,0
2018-09-21,51.463958740234375,52.33879328530278,51.37647276025489,52.20165651327095,384986800.0,-0.010771333286307527,0.007601637771409875,0.0005957010169350685,0.0016521767977271118,51.64744567871094,52.42806205749512,49.60896354675293,0.9816109297306572,1.0373923392238027,0.016826925614323533,0.013654512508140215,36.68881453134285,2.617100357776375,146159180.0,2.6340240825105887,1
2018-09-24,52.20402526855469,52.315153292233006,51.22042933428429,51.26535388953533,110773600.0,0.014380287611682085,-0.010771333286307527,0.007601637771409875,0.0005957010169350685,51.78505249023438,52.48279800415039,49.75143707275391,0.9946883027163747,1.0492968312094029,0.016940333235040832,0.013992385766932413,40.501754675761525,-0.7122664984877404,148002580.0,0.7484572228403046,1
2018-09-25,52.53504943847656,52.68400905547717,51.946307549786276,51.958130371548314,98217600.0,0.00634097022631841,0.014380287611682085,-0.010771333286307527,0.007601637771409875,51.971841430664064,52.53304233551025,49.902510452270505,1.0000382064863766,1.0527536382908824,0.014889369914043337,0.01394828796901407,44.11463593671948,-0.11334830681678665,148808440.0,0.6600270791092225,0
2018-09-26,52.11655044555664,52.90390281763559,51.960497843994546,52.25368725227918,95938800.0,-0.007966091159960276,0.00634097022631841,0.014380287611682085,-0.010771333286307527,52.068782806396484,52.54155445098877,50.04266906738281,0.9919110880925958,1.0414422615104988,0.014561070523641789,0.013984718131147334,46.45130692075161,-0.023201544326067802,149050020.0,0.6436684812252961,1
2018-09-27,53.1876220703125,53.539921915292425,52.85423801645415,52.920445089288755,120724800.0,0.020551468115195926,-0.007966091159960276,0.00634097022631841,0.014380287611682085,52.30144119262695,52.564843559265135,50.20919700622559,1.0118478144112653,1.0593203086621283,0.01392194770384868,0.014346986237372532,54.5072490621146,0.2583521995271987,149635300.0,0.806793584134225,1
2018-09-28,53.37442779541016,53.398069834890045,52.967747195035955,53.14980496952614,91717600.0,0.0035122029868286386,0.020551468115195926,-0.007966091159960276,0.00634097022631841,52.68353500366211,52.57323780059814,50.37248680114746,1.0152395026125423,1.0595948539549633,0.013426385835598017,0.014222279509986053,59.67113353435643,-0.2402754032311505,144462420.0,0.6348889905070121,1
2018-10-01,53.73379898071289,54.24451448446557,53.51863953725298,53.89694451172983,94403200.0,0.0067330217886407695,0.0035122029868286386,0.020551468115195926,-0.007966091159960276,52.98948974609375,52.568862724304196,50.5450373840332,1.022160195142858,1.0630875306798566,0.009343150765047563,0.01406059773746411,54.969321749205754,0.029281184854379028,140514560.0,0.671839274164898,1
2018-10-02,54.211421966552734,54.38166049673322,53.58485210395696,53.73144499079402,99152800.0,0.00888868821672717,0.0067330217886407695,0.0035122029868286386,0.020551468115195926,53.324764251708984,52.579738235473634,50.7263395690918,1.0310325571377277,1.0687036050120289,0.009398546100934133,0.014185381972795815,62.23542740850382,0.050311853835463216,139994180.0,0.7082637292493159,1
2018-10-03,54.87109756469727,55.20211492695663,54.3296433555075,54.39348370673561,114619200.0,0.012168572123999022,0.00888868821672717,0.0067330217886407695,0.0035122029868286386,53.87567367553711,52.64121284484863,50.914285049438476,1.0423600559208401,1.077715173873436,0.009509646177679501,0.014327410851130156,59.1290363712538,0.15598550923423238,139058540.0,0.8242514267732136,0
2018-10-04,53.90641784667969,54.93730520599613,53.60849859022037,54.566089500033,128168000.0,-0.017580835099574088,0.012168572123999022,0.00888868821672717,0.0067330217886407695,54.019432830810544,52.6990234375,51.074360580444335,1.022911134408622,1.0554496861840246,0.01207027953937384,0.014392034984794988,56.382612855695854,0.11820707176459089,138608940.0,0.9246734012972034,0
2018-10-05,53.03157424926758,54.00571773627825,52.15437645532441,53.89931955853073,134322000.0,-0.01622893214496901,-0.017580835099574088,0.012168572123999022,0.00888868821672717,53.950862121582034,52.734371185302734,51.2198136138916,1.0056358511021304,1.0353722613876244,0.012889177597027415,0.014778625161950859,60.594970215221586,0.04801510517445862,137801080.0,0.9747528829237042,0
2018-10-08,52.90863037109375,53.15216535637329,52.06453065114557,52.53978140728469,118655600.0,-0.002318314700520574,-0.01622893214496901,-0.017580835099574088,0.012168572123999022,53.7858283996582,52.798683166503906,51.37802864074707,1.002082385355012,1.0297909781834795,0.01233214814040529,0.014421546365443851,59.09241389847985,-0.11663316508092492,135830560.0,0.8735559950573715,1
2018-10-09,53.64160537719727,53.73618435950544,52.54924428822762,52.877898585132556,107564000.0,0.013853600083058915,-0.002318314700520574,-0.01622893214496901,-0.017580835099574088,53.67186508178711,52.83438606262207,51.55594505310059,1.0152782945867571,1.040454312726661,0.012882462356524954,0.01362701362964593,62.73220055535281,-0.0934772568677753,134058960.0,0.8023633780241172,0
2018-10-10,51.15659332275391,53.51865029661315,51.08329687705558,53.308217052458474,167962400.0,-0.0463262058801045,0.013853600083058915,-0.002318314700520574,-0.01622893214496901,52.92896423339844,52.77870349884033,51.68237075805664,0.9692658199509949,0.9898267547020225,0.01998596112528617,0.01703566027266744,45.65478178015801,0.561511286303968,132601340.0,1.2666719657584153,0
2018-10-11,50.704986572265625,51.89901940310349,50.20136756167063,50.721539244147124,212497600.0,-0.00882792854557457,-0.0463262058801045,0.013853600083058915,-0.002318314700520574,52.28867797851562,52.63731098175049,51.746939468383786,0.9632898342744977,0.9798644536889999,0.018456557321996307,0.016046536973995947,46.15756902509323,0.2651498192452597,134884940.0,1.575399003031769,1
2018-10-12,52.51613235473633,52.69819370350563,51.27008201426514,52.11654480060176,161351600.0,0.035719283346805186,-0.00882792854557457,-0.0463262058801045,0.013853600083058915,52.18558959960937,52.616858100891115,51.81997543334961,0.998085675393965,1.0134341422504554,0.02241705751021226,0.01802340459571954,51.42550099084837,-0.24068977720218954,136552660.0,1.1816071543388462,0
2018-10-15,51.39303207397461,52.449928078120834,51.37175316034392,52.29151237472821,123164000.0,-0.021385814804018577,0.035719283346805186,-0.00882792854557457,-0.0463262058801045,51.882469940185544,52.61071014404297,51.86772193908691,0.9768549394840998,0.9908480679820529,0.023039568135853474,0.017653802940996575,45.13594425945791,-0.23667320311667195,135271840.0,0.9104925311875701,1
2018-10-16,52.52558135986328,52.72419535345712,51.25115930607509,51.764237939904824,116736000.0,0.022037020198740098,-0.021385814804018577,0.035719283346805186,-0.00882792854557457,51.65926513671875,52.65693397521973,51.93303024291992,0.9975055020214761,1.0114099083795356,0.02421495069969237,0.01832799812302334,51.64224549215291,-0.052190575168068576,134794300.0,0.8660306852737838,0
2018-10-17,52.298614501953125,52.64145473247039,51.86119529237717,52.561065306134864,91541600.0,-0.004321072742730081,0.022037020198740098,-0.021385814804018577,0.035719283346805186,51.88766937255859,52.69027252197266,52.00303527832031,0.9925667869746506,1.005683884066591,0.02363003154643798,0.0183673290909296,46.17114008835124,-0.21582373903508767,133946620.0,0.683418514031933,0
2018-10-18,51.07620620727539,51.95577081093266,50.36215029617322,51.51125865851134,130325200.0,-0.023373626745543774,-0.004321072742730081,0.022037020198740098,-0.021385814804018577,51.96191329956055,52.64286632537842,52.04793251037598,0.9702398401253511,0.9813301651721349,0.02405252605916259,0.01905688427836454,40.91245736902996,0.42367186066225626,135141120.0,0.9643637702573429,1
2018-10-19,51.854103088378906,52.31516434368788,51.40959089976347,51.558550539101454,132314800.0,0.015230122573056448,-0.023373626745543774,-0.004321072742730081,0.022037020198740098,51.829507446289064,52.662373542785645,52.10070640563965,0.9846518415325497,0.9952667951305542,0.024491022776953295,0.01922312811166933,42.80550235231491,0.015266425833223352,122507520.0,1.0800545142045157,1
2018-10-22,52.1709213256836,52.811680677472054,51.76660756117778,51.96758107903151,115168400.0,0.006109800737749138,0.015230122573056448,-0.023373626745543774,-0.004321072742730081,51.98508529663086,52.66071834564209,52.16274856567383,0.9906990061027335,1.000156678093745,0.024622420047747902,0.018997687372419143,42.09269013066383,-0.12958792213720616,122727260.0,0.9384092825017034,1
2018-10-23,52.662723541259766,52.785674386526175,50.76409464590403,51.0312752497084,155071200.0,0.009426749673559165,0.006109800737749138,0.015230122573056448,-0.023373626745543774,52.01251373291016,52.66710205078125,52.2282901763916,0.999916864430527,1.0083179702686216,0.02436154198544897,0.019063109945801283,41.32933813172901,0.34647351183137043,125569940.0,1.2349388715165428,0
2018-10-24,50.85630798339844,53.01738767953561,50.726264164214655,52.63198967990546,163702000.0,-0.034301597722078525,0.009426749673559165,0.006109800737749138,0.015230122573056448,51.72405242919922,52.60408992767334,52.253542251586914,0.9667747898180926,0.9732604870793033,0.022098695352136773,0.020517831211649747,38.76693807294984,0.05565701432632242,128958100.0,1.2694200674482643,1
2018-10-25,51.96994400024414,52.34352273336572,51.248795294149254,51.47578116524493,119423200.0,0.02189769688372256,-0.034301597722078525,0.009426749673559165,0.006109800737749138,51.90279998779297,52.54320602416992,52.29874969482422,0.989089702222166,0.9937129339324795,0.02291287579958914,0.02059439510137141,46.15776708143822,-0.27048417245971335,128893020.0,0.9265296134732509,0
2018-10-26,51.14241409301758,52.0621734864531,50.284128331310725,51.04783511210514,189033600.0,-0.01592324031025849,0.02189769688372256,-0.034301597722078525,0.009426749673559165,51.7604621887207,52.43160533905029,52.31284187316894,0.9754119440422218,0.9776263774201174,0.020317628252363884,0.020829739283290852,43.9179306911314,0.5828884169910034,133758820.0,1.4132421323692896,0
2018-10-29,50.18244934082031,51.94394144771941,48.72832893518345,51.825720452520564,183742000.0,-0.018770423125730518,-0.01592324031025849,0.02189769688372256,-0.034301597722078525,51.36276779174805,52.254037857055664,52.28758987426758,0.9603554366094671,0.9597391935924116,0.020062169047360374,0.021051202861244716,38.271544899256256,-0.027992907081069163,138225760.0,1.3292891281625074,1
2018-10-30,50.433082580566406,50.87759111597405,49.480221547617695,49.92473008302534,146640000.0,0.0049944401486641254,-0.018770423125730518,-0.01592324031025849,0.02189769688372256,50.916839599609375,52.06512088775635,52.27737571716309,0.9686539034316592,0.9647210076769177,0.018432267801598925,0.020951263749037736,47.10884218934349,-0.20192443752653177,140600120.0,1.042957858072952,1
2018-10-31,51.747703552246094,52.123645519315744,51.21807209884028,51.27954933650239,153435600.0,0.026066639285425186,0.0049944401486641254,-0.018770423125730518,-0.01592324031025849,51.09511871337891,51.90895118713379,52.295440139770506,0.9968936449070914,0.9895261119122342,0.020718769401569054,0.021711369780234246,53.89786510239843,0.04634206219312609,142540940.0,1.0764317956651612,1
2018-11-01,52.54215240478516,52.57525414732443,51.26300005412576,51.79263154257351,233292800.0,0.01535234992093848,0.026066639285425186,0.0049944401486641254,-0.018770423125730518,51.20956039428711,51.840737915039064,52.32934593200684,1.0135301795066196,1.0040666755715777,0.0196348609024744,0.021772243175115853,50.105269396129344,0.5204607014278304,147797180.0,1.5784658408232146,0
2018-11-02,49.05699157714844,50.51583847534508,48.572284692079506,49.546428313026276,365314800.0,-0.06633075860286464,0.01535234992093848,0.026066639285425186,0.0049944401486641254,50.792475891113284,51.642008781433105,52.2914680480957,0.9499435195244755,0.9381452349363701,0.028796328268791995,0.026068533680128757,42.06553902932457,0.5659068775375837,159346820.0,2.2925766576327034,0
2018-11-05,47.664344787597656,48.32638314907276,46.85571353178706,48.30510423366641,264654800.0,-0.028388344755317152,-0.06633075860286464,0.01535234992093848,0.026066639285425186,50.28885498046875,51.3797945022583,52.22256881713867,0.9276865594606973,0.9127154383097854,0.029358760703570703,0.026648536887034432,33.7752720409578,-0.2755431753654656,166646780.0,1.5881182942748728,1
2018-11-06,48.179786682128906,48.40440585745062,47.68798689600997,47.74236754506671,127531600.0,0.010813993076547401,-0.028388344755317152,-0.06633075860286464,0.01535234992093848,49.83819580078125,51.10670356750488,52.15556129455567,0.9427292961380317,0.9237708402758235,0.029456506404824275,0.026544640137525166,36.51282556058428,-0.5181209636099553,167645160.0,0.7607234232112636,1
2018-11-07,49.640995025634766,49.66700378881958,48.26490452137793,48.69995691663436,133697600.0,0.030328244355798617,0.010813993076547401,-0.028388344755317152,-0.06633075860286464,49.41685409545899,51.03092365264892,52.109455032348635,0.9727630125514687,0.9526293259988712,0.030236238354880905,0.025789105682393405,45.372741789959534,0.04834880139510522,165931920.0,0.805737678440652,0
2018-11-08,49.46779251098633,49.85453521515348,49.054946674562586,49.82131798374514,101450400.0,-0.0034891023952883238,0.030328244355798617,0.010813993076547401,-0.028388344755317152,48.80198211669922,50.969063949584964,52.04437408447266,0.9705454383058008,0.950492601384651,0.02904966181762574,0.025733372008532786,41.99414313910032,-0.24119505510944106,160379560.0,0.632564399104225,0
2018-11-09,48.51398849487305,48.87937811740739,47.98725541404549,48.7702373142276,137463200.0,-0.01928131351123963,-0.0034891023952883238,0.030328244355798617,0.010813993076547401,48.69338150024414,50.7689567565918,51.95052299499512,0.955583718756916,0.9338498574797188,0.029214878810544884,0.024522683066276373,38.23419745386,0.3549793790857405,159185140.0,0.8635429161289804,0
2018-11-12,46.07014083862305,47.417819511836335,45.979978204665024,47.21614107916425,204542000.0,-0.050374082446514645,-0.01928131351123963,-0.0034891023952883238,0.030328244355798617,48.37454071044922,50.502812194824216,51.79549980163574,0.912229217274054,0.8894622315656874,0.0324192602189078,0.02640927762928408,31.156039489092976,0.4879764184159834,163254040.0,1.2529062067927998,0
2018-11-13,45.60983276367188,46.784303647550004,45.42476479992899,45.46747474101187,187531600.0,-0.009991462291455866,-0.050374082446514645,-0.01928131351123963,-0.0034891023952883238,47.86054992675781,50.15702476501465,51.627818222045896,0.90934087453061,0.8834352164081138,0.032095007714618116,0.025635929396608356,33.753475326364125,-0.08316336009230374,166793820.0,1.1243318247642509,0
2018-11-14,44.321475982666016,46.14368479083384,44.11505123237931,46.00606949744506,243204000.0,-0.028247347182382976,-0.009991462291455866,-0.050374082446514645,-0.01928131351123963,46.79664611816406,49.758167839050294,51.44141563415528,0.8907377001104619,0.8615912963569013,0.029924144970250678,0.026072817680904675,26.56888001350009,0.29686943427134405,174376940.0,1.3947027628767887,1
2018-11-15,45.415283203125,45.5481521610165,44.345206577891304,44.69873575688715,185915200.0,0.02467894392521508,-0.028247347182382976,-0.009991462291455866,-0.050374082446514645,45.9861442565918,49.475121688842776,51.294717178344726,0.9179418190974694,0.8853793470626276,0.03109629032171342,0.02677759666549003,32.73655618596783,-0.23555862568049868,177156440.0,1.0494408219085911,1
2018-11-16,45.91828536987305,46.25995045257277,44.95261049624972,45.19936660019544,147713200.0,0.011075614446756088,0.02467894392521508,-0.028247347182382976,-0.009991462291455866,45.467003631591794,49.17833080291748,51.16659049987793,0.9337097176781154,0.8974271086126522,0.025816167903940476,0.026623912331887312,36.78228577388117,-0.20548077833334766,177926360.0,0.8301928955327361,0
2018-11-19,44.098445892333984,45.24681733279806,43.89202475558644,45.08073115263296,167701200.0,-0.039632130487456285,0.011075614446756088,0.02467894392521508,-0.028247347182382976,45.07266464233398,48.77470703125,51.016111602783205,0.9041252849367207,0.8644023330450801,0.027098679387582966,0.027504552462517564,32.10523831599558,0.135316275051925,180553000.0,0.9288197925262942,0
2018-11-20,41.99150848388672,43.05683851163266,41.64272573882717,42.32130943637899,271300800.0,-0.04777804219203863,-0.039632130487456285,0.011075614446756088,0.02467894392521508,44.34899978637695,48.24114627838135,50.79739082336426,0.8704500560904929,0.8266469557442845,0.028988483551443595,0.028550919560612023,23.62051502092804,0.6177630213737291,186364480.0,1.455753800294992,0
2018-11-21,41.94406509399414,42.77212832849176,41.889494691042145,42.64400210541268,124496800.0,-0.0011298329496970405,-0.04777804219203863,-0.039632130487456285,0.011075614446756088,43.87351760864258,47.79553413391113,50.59086723327637,0.8775728915692701,0.829083733642843,0.02518936748656586,0.028077361134896832,20.13783208760063,-0.541111563253776,184404220.0,0.6751298858561914,0
2018-11-23,40.87873840332031,41.901362428757146,40.83366070501607,41.50749825732366,94496000.0,-0.025398746837877906,-0.0011298329496970405,-0.04777804219203863,-0.039632130487456285,42.96620864868164,47.24097385406494,50.33778526306153,0.8653237871344777,0.8120885372626361,0.024891054958032257,0.02730076611914785,23.317581860117556,-0.24097647489734675,183157860.0,0.515926534629745,1
2018-11-26,41.43156814575195,41.50986670109431,40.39708373701015,41.34140913508516,179994000.0,0.01352364979998355,-0.025398746837877906,-0.0011298329496970405,-0.04777804219203863,42.06886520385742,46.75543155670166,50.10791282653808,0.8861337980702134,0.8268468153758147,0.02687511045480083,0.02784237760228126,28.485938109404998,0.90477903826617,182705880.0,0.9851571279479346,0
2018-11-27,41.341400146484375,41.467151357006,40.544182944086934,40.693658680506765,165549600.0,-0.002176311525317498,0.01352364979998355,-0.025398746837877906,-0.0011298329496970405,41.5174560546875,46.31337909698486,49.90442100524902,0.8926448674779557,0.8284115778467007,0.024066614239031153,0.02781760632370258,25.681554390593433,-0.08024934164472153,181796260.0,0.9106325949719758,1
2018-11-28,42.931095123291016,43.01413640794062,41.505118017849625,41.932199377386205,184250000.0,0.038452857696495535,-0.002176311525317498,0.01352364979998355,-0.025398746837877906,41.70537338256836,45.938279724121095,49.731020812988284,0.9345385891920747,0.8632659137388684,0.028625918425366034,0.0296652676123011,26.35455583731779,0.11295949975113206,183676760.0,1.003120917420364,0
2018-11-29,42.601295471191406,43.37241330983305,42.16235002257085,43.339196070830944,167080000.0,-0.007682069398706859,0.038452857696495535,-0.002176311525317498,0.01352364979998355,41.83681945800781,45.48095932006836,49.55040985107422,0.9366841884619987,0.8597566720281696,0.027541333024971432,0.028590025693757723,26.066859743879732,-0.09318860244233373,184358980.0,0.9062753547453994,0
2018-11-30,42.37114334106445,42.78636061112032,42.00337874921922,42.77686790323383,158126000.0,-0.005402467872898109,-0.007682069398706859,0.038452857696495535,-0.002176311525317498,42.13530044555664,44.972408866882326,49.35734611511231,0.9421586347861067,0.8584566771934116,0.025689143469115112,0.028019723244953002,27.451678868421,-0.05359109408666507,180600640.0,0.8755561442085698,1
2018-12-03,43.8516731262207,43.88014399759351,42.99513941516587,43.766256891696464,163210000.0,0.0349419361483545,-0.005402467872898109,-0.007682069398706859,0.038452857696495535,42.61932144165039,44.71214294433594,49.20510040283203,0.9807553438182002,0.8912017812628382,0.028473062843288863,0.026473336654227183,41.23703013919904,0.032151575326005766,170495400.0,0.957269228378009,0
2018-12-04,41.92271041870117,43.2751317110597,41.82305870457027,42.93346662237809,165377200.0,-0.04398834913247873,0.0349419361483545,-0.005402467872898109,-0.007682069398706859,42.73558349609375,44.42506122589111,48.99947410583496,0.9436725411707129,0.8555747012335572,0.02910130200219744,0.02740416682174905,36.94994881549245,0.013278598125114893,165531520.0,0.9990677304237888,0
2018-12-06,41.45529174804688,41.469527189200136,40.43504289397928,40.75297981442607,172393600.0,-0.011149533653381782,-0.04398834913247873,0.0349419361483545,-0.005402467872898109,42.44042282104492,44.08883647918701,48.77787895202637,0.9402673116043028,0.849878933621092,0.025102079444977266,0.027132041505806705,39.22965885096753,0.042426646478474606,167774620.0,1.027530862534512,0
2018-12-07,39.97712707519531,41.40072939361831,39.93204575584665,41.16346234054781,169126400.0,-0.035656839224179615,-0.011149533653381782,-0.04398834913247873,0.0349419361483545,41.9155891418457,43.605643081665036,48.53509048461914,0.9167879258270722,0.8236747202081376,0.02739188145974517,0.026336862249991988,30.138608156102478,-0.018951979655857265,169546060.0,0.9975248024047271,1
2018-12-10,40.2404899597168,40.35674848800182,38.75282465963804,39.1490601674904,248104000.0,0.006587839191798617,-0.035656839224179615,-0.011149533653381782,-0.04398834913247873,41.48945846557617,43.14427795410156,48.27614784240723,0.9326958722666788,0.8335480720433194,0.026528256963855617,0.02657208164701227,28.893942771444827,0.466973813668357,176878740.0,1.4026784677457562,0
2018-12-11,40.01033782958984,40.76009884419869,39.62359143727057,40.729256594178395,189126800.0,-0.005719416695903923,0.006587839191798617,-0.035656839224179615,-0.011149533653381782,40.72119140625,42.719095420837405,48.00886604309082,0.9365914103619737,0.8333947690761572,0.026030391348698625,0.026493850510583495,32.76651309388842,-0.2377116048108857,179461920.0,1.0538547676298125,1
2018-12-12,40.121856689453125,40.79094783925062,40.10287489238267,40.430300935727146,142510800.0,0.002787251143398617,-0.005719416695903923,0.006587839191798617,-0.035656839224179615,40.36102066040039,42.4216812133789,47.736627197265626,0.945786577567311,0.8404836923994354,0.026098873697064616,0.02476128857210702,40.52431609766963,-0.24648013925049228,176360360.0,0.8080659395342582,1
2018-12-13,40.560794830322266,40.94516985024621,40.22862246288901,40.45165403262589,127594400.0,0.01094012533533939,0.002787251143398617,-0.005719416695903923,0.006587839191798617,40.18212127685547,42.16922931671142,47.46361465454102,0.9618576266995768,0.8545660739397913,0.022479875527944122,0.025050847500184572,43.256957709266835,-0.10466855845311374,173363500.0,0.735993447294269,0
2018-12-14,39.26293182373047,40.11709424732682,39.21547916028759,40.09811245786843,162814800.0,-0.03199796779183295,0.01094012533533939,0.002787251143398617,-0.005719416695903923,40.0392822265625,41.91630210876465,47.15145133972168,0.9366983690939816,0.8326982671401738,0.024012867149988543,0.025243015186237113,42.29802158286464,0.2760340579210372,169344040.0,0.9614439338992975,0
2018-12-17,38.897552490234375,39.943900827275144,38.61045782776475,39.255824356252,177151600.0,-0.009305961539918917,-0.03199796779183295,0.01094012533533939,0.002787251143398617,39.770694732666016,41.59041557312012,46.85127403259278,0.9352527969298258,0.8302346797052887,0.02400009926713703,0.02421059115631141,37.701466506951164,0.08805587698415618,168905860.0,1.0488185549038973,1
2018-12-18,39.40293884277344,39.74934669174223,39.00432833526614,39.239224006854776,135366000.0,0.012992754561252706,-0.009305961539918917,-0.03199796779183295,0.01094012533533939,39.64921493530274,41.264648246765134,46.57870132446289,0.9548836720269961,0.8459432685401905,0.0203341805482897,0.024291399719234816,40.95641118184777,-0.23587481004969757,168288500.0,0.804368688294209,0
2018-12-19,38.17388916015625,39.730360169185076,37.74680781733559,39.38632372817106,196189200.0,-0.031191827785266746,0.012992754561252706,-0.009305961539918917,-0.03199796779183295,39.25962142944336,40.96842041015625,46.28400650024414,0.9317881621497122,0.8247749502834179,0.01828892619402492,0.02376854244272539,27.033147313330232,0.44932405478480564,169712900.0,1.1560064084698334,0
2018-12-20,37.210594177246094,38.463363988754615,36.84757585802534,38.05763571529184,259092000.0,-0.025234394611162392,-0.031191827785266746,0.012992754561252706,-0.009305961539918917,38.58958129882812,40.729374694824216,45.955386276245115,0.9136058300933041,0.8097112698295541,0.018987226809931656,0.022212424987430757,25.474903228314574,0.32062315356808635,169102460.0,1.5321598514888548,0
2018-12-21,35.76325225830078,37.52614787017046,35.50226074249866,37.217700060216195,382978400.0,-0.038895963661616184,-0.025234394611162392,-0.031191827785266746,0.012992754561252706,37.889645385742185,40.420334053039554,45.647519454956054,0.8847836886101003,0.7834654037135831,0.01948369913989378,0.023370461231747675,22.934813959745497,0.47815602179920647,182026540.0,2.1039701133691824,0
2018-12-24,34.8379020690918,35.95780221376421,34.78095670531993,35.15109251882243,148676800.0,-0.02587432995538619,-0.038895963661616184,-0.025234394611162392,-0.031191827785266746,37.07771530151367,40.118292236328124,45.330177764892575,0.8683794879370563,0.7685366302726732,0.018942350309277798,0.023389674187003426,11.321536723903748,-0.6117880277321124,184735580.0,0.804808689262783,1
2018-12-26,37.2912483215332,37.305483760117355,34.81180927021201,35.18669150802309,234330000.0,0.07042175638406234,-0.02587432995538619,-0.038895963661616184,-0.025234394611162392,36.65537719726562,39.911276245117186,45.02568008422852,0.9343536922374283,0.828221767039905,0.03288172244747445,0.02891497063044568,30.982069627514193,0.5761033328669973,187452380.0,1.2500774863461324,0
2018-12-27,37.04923629760742,37.196344282393845,35.60665629115876,36.97568411541755,212468400.0,-0.0064897807077709535,0.07042175638406234,-0.02587432995538619,-0.038895963661616184,36.43044662475586,39.69666805267334,44.73880416870117,0.9333084642884121,0.828123079863782,0.0327199302294834,0.028910005442414705,31.56641158023254,-0.09329407246191268,189798320.0,1.1194429961234642,1
2018-12-28,37.06822204589844,37.61156549819046,36.669615227461684,37.3695521467641,169165600.0,0.0005124464142394203,-0.0064897807077709535,0.07042175638406234,-0.02587432995538619,36.40197219848633,39.40352439880371,44.429656982421875,0.9407336681544107,0.8343125867607776,0.032230751232256154,0.027091158431536776,36.137484956788285,-0.20380818982964055,189044100.0,0.894847286955795,1
2018-12-31,37.42650604248047,37.81087750774478,37.12754724024566,37.613945420363905,140014000.0,0.009665529577825405,0.0005124464142394203,-0.0064897807077709535,0.07042175638406234,36.734622955322266,39.144784927368164,44.13221481323242,0.9561045261054338,0.8480541074330731,0.03154215239107841,0.02734370089544443,36.710069891719556,-0.17232581565046323,187690800.0,0.7459822218244048,1
2019-01-02,37.46920394897461,37.6898641400753,36.59368814570471,36.75028523353009,148158800.0,0.0011408467155784585,0.009665529577825405,0.0005124464142394203,-0.0064897807077709535,37.26088333129883,38.899687957763675,43.860074768066404,0.9632263371793046,0.8542895594025559,0.03153240175826503,0.02739162528573001,37.78236217849846,0.0581713257245704,187192440.0,0.7914785447531962,0
2019-01-03,33.73699951171875,34.57455183641599,33.69191819683805,34.16170590164323,365248800.0,-0.09960725192716557,0.0011408467155784585,0.009665529577825405,0.0005124464142394203,36.55003356933594,38.393954277038574,43.497732696533205,0.8787060397135258,0.7756036331155166,0.04306512806077175,0.03284491729262446,27.22968557073257,1.4652521483705323,197294380.0,1.8512884148043143,1
2019-01-04,35.17720031738281,35.24600976737911,34.11899163910133,34.292195516680664,234428400.0,0.04268906027531583,-0.09960725192716557,0.0011408467155784585,0.009665529577825405,36.17562637329102,38.056678771972656,43.157858276367186,0.9243371059297357,0.8150821593629798,0.04612272398322887,0.03416384475211778,32.08024645427399,-0.3581679118452956,200746940.0,1.1677806894590772,0
2019-01-07,35.09891128540039,35.31245379240385,34.61725948663249,35.28160791885267,219111200.0,-0.0022255617637579883,0.04268906027531583,-0.09960725192716557,0.0011408467155784585,35.78176422119141,37.73885974884033,42.80658203125,0.930046946807367,0.819941925280958,0.04569318817718928,0.034181144031951285,34.91496145038853,-0.06533849994283969,203082820.0,1.0789253369635108,1
2019-01-08,35.768001556396484,36.021878993464554,35.238897140785376,35.48565323681881,164101200.0,0.019062992169629034,-0.0022255617637579883,0.04268906027531583,-0.09960725192716557,35.45006332397461,37.52840347290039,42.504815902709964,0.9530914786243142,0.8415046812169826,0.04455892335269199,0.03401713791819757,38.906655279349415,-0.25105973587840325,202831560.0,0.8090516091282836,1
2019-01-09,36.375396728515625,36.66486270672353,35.502256061427595,35.89611645994749,180396400.0,0.016981523867399817,0.019062992169629034,-0.0022255617637579883,0.04268906027531583,35.231301879882814,37.33514881134033,42.19292495727539,0.9742936049974124,0.8621207646862454,0.04374805715184702,0.03428164109180126,39.34529975389471,0.09929970042875991,199446180.0,0.9044866138825021,1
2019-01-10,36.49167251586914,36.53200747936951,35.794106819127585,36.18322463099874,143122800.0,0.003196550355761829,0.016981523867399817,0.019062992169629034,-0.0022255617637579883,35.78223648071289,37.1592155456543,41.89991012573242,0.9820355995146075,0.870924839847285,0.037305471384702804,0.034322450394356004,43.57676066903311,-0.20662053123011326,197145980.0,0.7259737175467641,0
2019-01-11,36.13339614868164,36.46794354601697,35.94832814598715,36.273386454644076,108092800.0,-0.009818030868047889,0.003196550355761829,0.016981523867399817,0.019062992169629034,35.97347564697266,36.95979251861572,41.618929061889645,0.9776406653387504,0.8681962021403599,0.03736965307185803,0.034306570388619284,45.68767174498864,-0.2447548538737364,195425080.0,0.5531163144464365,0
2019-01-14,35.59005355834961,35.891383692191056,35.40498556947879,35.79173197667657,129756800.0,-0.01503713041797361,-0.009818030868047889,0.003196550355761829,0.016981523867399817,36.0717041015625,36.71125545501709,41.322068481445314,0.9694589061918271,0.8612844145091737,0.03758377923713438,0.03417669017008184,49.25253569564738,0.20042037952574088,195533200.0,0.6636049530207658,1
2019-01-15,36.31845474243164,36.394378285844226,35.601907520616955,35.654106540640925,114843600.0,0.02046642562332268,-0.01503713041797361,-0.009818030868047889,0.003196550355761829,36.18179473876953,36.56403160095215,41.01348350524902,0.9932836493196195,0.8855247503612684,0.03815173157554736,0.03408554215244463,56.50003717962717,-0.11493193420306291,193134640.0,0.594629736022497,1
2019-01-16,36.762149810791016,36.98518137158213,36.30185124837653,36.32083304295525,122278800.0,0.012216793679853177,0.02046642562332268,-0.01503713041797361,-0.009818030868047889,36.25914535522461,36.45726146697998,40.697883453369144,1.0083628975831653,0.9032938986351068,0.03842301880486742,0.034226322475834084,47.17938998360101,0.06474196211195049,190391000.0,0.6422509467359276,1
2019-01-17,36.980430603027344,37.407511879044904,36.363535024290115,36.58656655845522,119284800.0,0.0059376503648396195,0.012216793679853177,0.02046642562332268,-0.01503713041797361,36.35689697265625,36.33613605499268,40.45635223388672,1.0177315096756452,0.9140821789674873,0.01680448647047068,0.03409705166664664,49.63226824254924,-0.024485029293712435,189586940.0,0.6291825797705264,1
2019-01-18,37.20820617675781,37.459708573550046,37.00889918007144,37.369545970773025,135004000.0,0.006159354285934837,0.0059376503648396195,0.012216793679853177,0.02046642562332268,36.571858978271486,36.287851905822755,40.247229461669924,1.025362599950078,0.924491118381046,0.01204872075398962,0.033465895229279195,50.73181238034461,0.1317787345914987,186527680.0,0.7237746161856514,0
2019-01-22,36.37303161621094,37.186855683764556,36.21168817452131,37.11093212681015,121576000.0,-0.022445977550741736,0.006159354285934837,0.0059376503648396195,0.012216793679853177,36.72845458984375,36.245973777771,40.011094360351564,1.0035054331611821,0.909073650638616,0.014887726850705996,0.03336411794627655,44.7541879193713,-0.09946371959349354,179651880.0,0.6767310200149311,1
2019-01-23,36.52013397216797,36.80959998409829,35.99340097474768,36.57470436511674,92522400.0,0.004044269873052508,-0.022445977550741736,0.006159354285934837,0.0059376503648396195,36.76879043579102,36.28381786346436,39.74867713928223,1.0065129890573496,0.9187760851562126,0.013886443809537491,0.03212858527623519,45.32270660475721,-0.23897479765743235,165129080.0,0.5603034910628704,0
2019-01-24,36.23067474365234,36.6530097672651,36.00290042236398,36.56522212472766,101766000.0,-0.00792601770673207,0.004044269873052508,-0.022445977550741736,0.006159354285934837,36.66249542236328,36.35345649719238,39.483934783935545,0.9966225562746824,0.9176054752879688,0.01314879287341112,0.03156803257071404,68.60185716367073,0.09990661720837335,162783540.0,0.6251614874575157,1
2019-01-25,37.431243896484375,37.519035156053725,36.615048386108995,36.890275378715764,134142000.0,0.033136814628117905,-0.00792601770673207,0.004044269873052508,-0.022445977550741736,36.75265808105469,36.36045627593994,39.26227989196777,1.0294492349715916,0.9533639920931339,0.016909575734133955,0.02827131903064319,67.43771653868623,0.3181416190083133,157774140.0,0.8502153775010277,0
2019-01-28,37.08484649658203,37.09196421957364,36.458461530461705,36.96383796490787,104768400.0,-0.009254231594875706,0.033136814628117905,-0.00792601770673207,0.004044269873052508,36.72798614501953,36.36223678588867,39.08257400512695,1.0198725319057873,0.9488844437860502,0.0168641780437312,0.028314444002383653,64.75163965038168,-0.21897392315605846,152389140.0,0.6875056844601919,0
2019-01-29,36.700462341308594,37.519036488429236,36.565222017267494,37.07297331497307,166348800.0,-0.010364992485781599,-0.009254231594875706,0.033136814628117905,-0.00792601770673207,36.79347229003906,36.34384880065918,38.904386596679686,1.0098122117612085,0.9433502376423746,0.016374884026436082,0.028417357750363515,57.23226971233531,0.5877764669499581,152248300.0,1.092615155637206,1
2019-01-30,39.2083625793457,39.42190138123713,38.01728150422006,38.73382869033698,244439200.0,0.06833429548418302,-0.010364992485781599,-0.009254231594875706,0.033136814628117905,37.33111801147461,36.432941627502444,38.80212432861328,1.0761788872339684,1.010469484796554,0.02609540507419662,0.0322482598553993,66.96989431590971,0.4694377116035704,157469560.0,1.5522949324301154,1
2019-01-31,39.4907112121582,40.098114016816574,39.04464819355946,39.41241268525057,162958400.0,0.0072012349977919055,0.06833429548418302,-0.010364992485781599,-0.009254231594875706,37.98312530517578,36.53401699066162,38.683632888793944,1.080929896711121,1.0208635607127285,0.026053172215314554,0.03225998017269529,67.61424231289709,-0.33333769706331884,158209540.0,1.0300162682983593,1
2019-02-01,39.50970458984375,40.09337942283648,39.36971429863973,39.61410265633867,130672400.0,0.00048095810641402004,0.0072012349977919055,0.06833429548418302,-0.010364992485781599,38.398817443847655,36.82265224456787,38.55546127319336,1.0729728083525618,1.024749887179118,0.026146095278098077,0.021426905218661613,70.65317477466711,-0.1981241838407839,146480720.0,0.8920791760171578,1
2019-02-04,40.6319694519043,40.72924978051158,39.690019271912284,39.72086513717964,125982000.0,0.028404790005669422,0.00048095810641402004,0.0072012349977919055,0.06833429548418302,39.10824203491211,37.095390701293944,38.486131744384764,1.095337417499878,1.0557561285132953,0.02700485370729793,0.020429605199634285,78.80190718594187,-0.03589434341146258,141058400.0,0.8931194455629725,1
2019-02-05,41.3271598815918,41.54070233089087,40.89296450420444,41.013969357855885,144406400.0,0.017109444584279654,0.028404790005669422,0.00048095810641402004,0.0072012349977919055,40.03358154296875,37.406803131103516,38.47284477233887,1.104803309086537,1.074190383532676,0.024655546287921142,0.020406229210600393,78.72116840947525,0.14624628915241855,137323160.0,1.0515808112775733,1
2019-02-06,41.341400146484375,41.656965666225744,41.01159918712273,41.43867685735861,112958400.0,0.0003445740025054267,0.017109444584279654,0.028404790005669422,0.00048095810641402004,40.46018905639649,37.68547306060791,38.460791473388674,1.097011574725274,1.0748972801323866,0.024833921207187224,0.02032023764530193,77.6188515066526,-0.21777428147228928,134766020.0,0.8381816128427626,0
2019-02-07,40.55842208862305,41.27022309791329,40.41606043860214,40.904829885716296,126966800.0,-0.018939321239411666,0.0003445740025054267,0.017109444584279654,0.028404790005669422,40.67373123168945,37.89462432861328,38.454385147094726,1.0702948718242973,1.0547151367387624,0.02606621034459191,0.021009978354816314,70.20373276719593,0.12401379622940834,132094540.0,0.961181287281064,1
2019-02-08,40.6060676574707,40.665638790011116,40.131880133513,40.267704060953164,95280000.0,0.0011747392130676548,-0.018939321239411666,0.0003445740025054267,0.017109444584279654,40.89300384521484,38.10034408569336,38.4378751373291,1.0657664289367466,1.0564077101659544,0.02507902960307506,0.02102732408760453,69.58501007252832,-0.24956760349949747,129702400.0,0.7346047567354189,0
2019-02-11,40.37256622314453,40.79671624225165,40.32967673169206,40.75858982589266,83973600.0,-0.005750407458704365,0.0011747392130676548,-0.018939321239411666,0.0003445740025054267,40.84112319946289,38.312302589416504,38.4184984588623,1.0537755105927034,1.050862679247462,0.02482742563401726,0.02088996558701959,74.77113163557593,-0.11866498740554154,128496440.0,0.6535091555843882,1
2019-02-12,40.7204475402832,40.746658986823185,40.43688833751438,40.532204341266045,89134000.0,0.008616774946033523,-0.005750407458704365,0.0011747392130676548,-0.018939321239411666,40.71978073120117,38.56882228851318,38.374285507202146,1.0557866464180534,1.0611389111763585,0.023908002478457795,0.020311867335422614,75.38335988270629,0.0614526470223975,126465300.0,0.7048099360061614,0
2019-02-13,40.55127716064453,41.09933254456883,40.48932446490647,40.83960316682641,89960800.0,-0.004154433211258746,0.008616774946033523,-0.005750407458704365,0.0011747392130676548,40.5617561340332,38.78046340942383,38.33328514099121,1.0456625216807076,1.0578607341242856,0.01298495532803341,0.020195156286832695,76.49549776315138,0.009275921646060947,125221160.0,0.7184153221388462,1
2019-02-14,40.699012756347656,40.80862164255103,40.36064904112932,40.43928339998026,87342800.0,0.0036431798465401677,-0.004154433211258746,0.008616774946033523,-0.005750407458704365,40.589874267578125,38.97730655670166,38.299842529296875,1.0441720157636178,1.0626417778406156,0.012919291669512927,0.020140831460143546,73.01040943639907,-0.029101564236867605,123474360.0,0.7073760090758924,0
2019-02-15,40.60846328735352,40.91346730094003,40.44881303304922,40.80623995233979,98507200.0,-0.0022248566454480256,0.0036431798465401677,-0.004154433211258746,0.008616774946033523,40.590353393554686,39.15870819091797,38.23497833251953,1.0370225465397704,1.0620762730448654,0.013008107429065238,0.02020955015278924,75.73943094845461,0.12782278562171134,122435480.0,0.8045641671842182,1
2019-02-19,40.729976654052734,40.85150410234934,40.386849953980956,40.43927284620034,75891200.0,0.002992316302130371,-0.0022248566454480256,0.0036431798465401677,-0.004154433211258746,40.661835479736325,39.33479671478271,38.211123657226565,1.035469356798422,1.065919364722733,0.00945099054947598,0.020211401706453986,80.61051031958226,-0.22958727889941044,119479840.0,0.6351799600669034,1
2019-02-20,40.99210739135742,41.299496621052455,40.74429295914237,40.79194916119121,104457600.0,0.006435818501226764,0.002992316302130371,-0.0022248566454480256,0.0036431798465401677,40.71616744995117,39.56575050354004,38.20185997009278,1.0360502927320883,1.0730395698913366,0.00779734931527854,0.01917330015294775,70.56833237441218,0.37641254849047057,118623920.0,0.8805778800768007,0
2019-02-21,40.76096725463867,41.0731195307499,40.57987224909108,40.93729918557291,68998800.0,-0.005638649765234649,0.006435818501226764,0.002992316302130371,-0.0022248566454480256,40.75810546875,39.77779216766358,38.217536773681644,1.024716683189228,1.0665513974911265,0.007929383394361006,0.019351103374508957,64.82234903451536,-0.3394563918757467,117447740.0,0.5874851231705267,1
2019-02-22,41.216094970703125,41.22324321911487,40.83722326114031,40.8848794625303,75652800.0,0.011165773207029606,-0.005638649765234649,0.006435818501226764,0.002992316302130371,40.8615219116211,40.02706317901611,38.237048873901365,1.0297056965276024,1.0779099377314942,0.006005377779646411,0.01911398212393218,68.07207498383974,0.09643645976451753,116142080.0,0.6513814803385646,1
2019-02-25,41.51631546020508,41.907101970477754,41.44959607815367,41.49963743265904,87493600.0,0.007284059533426257,0.011165773207029606,-0.005638649765234649,0.006435818501226764,41.04309234619141,40.23131675720215,38.26716842651367,1.031940259642953,1.0849069102128868,0.00625973349537745,0.018073293068752265,61.3406045948268,0.15651502654230898,113809660.0,0.7687712976209576,1
2019-02-26,41.540157318115234,41.77129368525542,41.26374629243125,41.392422020496234,68280800.0,0.0005742768269745291,0.007284059533426257,0.011165773207029606,-0.005638649765234649,41.2051284790039,40.454082298278806,38.295534439086914,1.0268471056104673,1.0847258806164264,0.005653167405981063,0.017786844707262,53.299547579764486,-0.21959091865004987,111985280.0,0.6097301359607262,1
2019-02-27,41.66881942749024,41.699797583479636,41.15889061962103,41.27326982515091,111341600.0,0.003097294706654763,0.0005742768269745291,0.007284059533426257,0.011165773207029606,41.34047088623047,40.70250015258789,38.317694931030275,1.0237410299436094,1.0874563175705585,0.005287281941948641,0.017391880588737384,54.89840899155484,0.6306428747173436,109234920.0,1.0192857741828345,0
2019-02-28,41.25897216796875,41.67835534148874,41.20416773449612,41.53776831669921,112861600.0,-0.009835826048172125,0.003097294706654763,0.0005742768269745291,0.007284059533426257,41.44007186889648,40.80503063201904,38.35761573791504,1.0111246463712615,1.0756396448068546,0.006273289889275689,0.009963381702746018,61.79787407634875,0.013651680953030931,102656040.0,1.0994150953027215,1
2019-03-01,41.6926383972168,41.735527861085686,41.19700621111237,41.52822151385369,103544800.0,0.01051083452788304,-0.009835826048172125,0.003097294706654763,0.0005742768269745291,41.53538055419922,40.915126991271975,38.413517456054684,1.0190030304955593,1.0853637250198045,0.0068528031719397465,0.010070746677748791,66.19336206210417,-0.08255066382188447,99685360.0,1.0387162167042383,1
2019-03-04,41.90234375,42.35508298576963,41.45436758783305,41.86421734557429,109744800.0,0.005029793288332751,0.01051083452788304,-0.009835826048172125,0.003097294706654763,41.612586212158206,41.034758949279784,38.463505554199216,1.0211426805697232,1.0894052205136397,0.006686536020462685,0.010067824256171153,72.96141320031332,0.059877463667900255,98638980.0,1.1125905803162197,0
2019-03-05,41.82608413696289,41.93807815928566,41.59018113838086,41.923781668935256,78949600.0,-0.0018199366959541496,0.005029793288332751,0.01051083452788304,-0.009835826048172125,41.66977157592773,41.09446468353271,38.536549453735354,1.0178033576800272,1.0853614225938093,0.006870701494571177,0.00813546260063443,68.06849465368657,-0.280607372741123,96287360.0,0.8199373209526152,0
2019-03-06,41.58543395996094,41.81657033812453,41.44722844052762,41.621175199497635,83241600.0,-0.005753590898299854,-0.0018199366959541496,0.005029793288332751,0.01051083452788304,41.65309448242188,41.10737838745117,38.62404624938965,1.011629434696709,1.0766721252209066,0.0072036128710262996,0.007396563861824549,66.5145360666483,0.054363796650014784,93229120.0,0.8928712402305202,0
2019-03-07,41.104095458984375,41.566368186765395,40.989719863594985,41.43054421304361,99185600.0,-0.011574689864725318,-0.005753590898299854,-0.0018199366959541496,0.005029793288332751,41.622119140625,41.09551315307617,38.73086311340332,1.000208838027554,1.0612749666495236,0.008048696614282837,0.007861544086648008,55.84593465589416,0.1915388459616345,92540480.0,1.0718077105284087,1
2019-03-08,41.2017936706543,41.23992008169563,40.3892422605175,40.584637390153304,95997600.0,0.0023768485981503495,-0.011574689864725318,-0.005753590898299854,-0.0018199366959541496,41.5239501953125,41.127681732177734,38.85814094543457,1.0018019964985914,1.0603130429865582,0.007238309275816711,0.006527351142095421,58.54499226468818,-0.03214176251391332,90992020.0,1.0550111976852476,1
2019-03-11,42.62911224365234,42.68153514499979,41.783204847044914,41.81656454463562,128044000.0,0.03464214651447661,0.0023768485981503495,-0.011574689864725318,-0.005753590898299854,41.66930389404297,41.228833961486814,38.96489822387695,1.0339635674264658,1.0940388448783378,0.013099276441244596,0.009995175935606795,69.87538535364695,0.3338250122919739,92630220.0,1.3823134609849788,1
2019-03-12,43.10807037353516,43.527449985065225,42.74111003200352,42.89123050226052,129870400.0,0.011235470425592586,0.03464214651447661,0.0023768485981503495,-0.011574689864725318,41.92570114135742,41.36560916900635,39.086074905395506,1.0421234266709258,1.102900981433274,0.01333650735639194,0.00998059047882753,71.18320945938203,0.014263846802661684,94925060.0,1.3681360854552,1
2019-03-13,43.29869842529297,43.67757008556457,43.110451545781046,43.42737051589921,124130000.0,0.004422096607572534,0.011235470425592586,0.03464214651447661,0.0023768485981503495,42.26835403442383,41.49452171325684,39.2106844329834,1.0434798772836493,1.1042576545506764,0.01333543250441341,0.009907454799560988,75.61335272796708,-0.044200988061944835,96674860.0,1.2839946186630113,1
2019-03-14,43.78002548217773,43.86819325045519,43.501232955961775,43.82053342503637,94318000.0,0.011116432465406278,0.004422096607572534,0.011235470425592586,0.03464214651447661,42.8035400390625,41.655959129333496,39.337754821777345,1.0509906961030335,1.112926390449237,0.012556676481631859,0.009905737398858253,75.74164559570241,-0.24016756626117775,96892720.0,0.9734271057722397,1
2019-03-15,44.34952926635742,44.63785523657547,43.78241438212483,44.04691043760487,156171600.0,0.013008301797620803,0.011116432465406278,0.004422096607572534,0.011235470425592586,43.43308715820312,41.83848495483399,39.475361328125,1.0600175726782217,1.1234736750784273,0.01268018332098243,0.010112940590140913,76.98604752561579,0.655798469009097,100334160.0,1.556514750310363,1
2019-03-18,44.8022689819336,44.890433115459594,44.27089173604565,44.273276908909104,104879200.0,0.010208444668196703,0.013008301797620803,0.011116432465406278,0.004422096607572534,43.86771850585937,42.04817523956299,39.6966667175293,1.0654985317835932,1.1286153898193616,0.01272963546624062,0.010069412950861877,78.72435478420695,-0.32843615612569765,100652760.0,1.0419903040910155,0
2019-03-19,44.44721984863281,45.033401481377794,44.30186611779311,44.880899504425805,126585600.0,-0.007924802501497408,0.010208444668196703,0.013008301797620803,0.011116432465406278,44.1355484008789,42.23403739929199,39.882067108154295,1.0524028150190046,1.1144663020624908,0.013320881925258021,0.010470405127444111,73.52706510004967,0.20696572819014647,103187480.0,1.226753478232049,1
2019-03-20,44.83562469482422,45.152543603093804,44.01830674487972,44.37573359295211,124140800.0,0.008738563345787265,-0.007924802501497408,0.010208444668196703,0.013008301797620803,44.44293365478516,42.42621326446533,40.07680137634277,1.056790631191611,1.118742593097526,0.012650305586718699,0.01050624564766991,80.3969245093881,-0.01931341321603719,104171640.0,1.191694783724246,1
2019-03-21,46.486934661865234,46.78240882980378,45.22879245634288,45.27883381453322,204136800.0,0.03683031023389849,0.008738563345787265,-0.007924802501497408,0.010208444668196703,44.98431549072266,42.71251163482666,40.29118003845215,1.08836808894097,1.1537744642251762,0.013704424406893834,0.012451705595024551,83.75841276935897,0.6443973294839409,110928540.0,1.8402549965951054,0
2019-03-22,45.52427291870117,47.10648249507304,45.45993505954188,46.546512238552936,169630800.0,-0.020708221571635765,0.03683031023389849,0.008738563345787265,-0.007924802501497408,45.21926422119141,42.927920532226565,40.47415756225586,1.0604816714689334,1.1247738226219386,0.01711308342874373,0.013811121675028126,73.05831101897715,-0.1690337068083756,115627440.0,1.4670462305487348,0
2019-03-25,44.97383499145508,45.74587473890536,44.46390611241121,45.63388069031745,175381200.0,-0.012091086621615843,-0.020708221571635765,0.03683031023389849,0.008738563345787265,45.253577423095706,43.10079650878906,40.643800811767576,1.0434571663260115,1.106536152948418,0.01603039582337546,0.0143180739229691,68.8985416431913,0.033899504099491384,120021820.0,1.461244297078648,0
2019-03-26,44.50917816162109,45.96033411700319,43.98257123970182,45.66962661852125,199202000.0,-0.010331714649690737,-0.012091086621615843,-0.020708221571635765,0.03683031023389849,45.26596908569336,43.249247550964355,40.81131645202637,1.0291318504251905,1.0906087338285584,0.016610859936961275,0.014663101482173535,67.09385582711522,0.13582299585132263,126567880.0,1.573874825113607,1
2019-03-27,44.90950012207031,45.21688566494624,44.45199411345279,44.97621952108113,119393600.0,0.008994144061604148,-0.010331714649690737,-0.012091086621615843,-0.020708221571635765,45.28074417114258,43.41128158569336,40.99770538330078,1.0345121931823065,1.0954149677938534,0.016706999420761405,0.014712535469111498,72.46132396900686,-0.40064055581771263,126970480.0,0.9403256567983361,1
2019-03-28,44.96906280517578,45.16922096451442,44.68550359481245,45.0238672363422,83121600.0,0.0013262824779516347,0.008994144061604148,-0.010331714649690737,-0.012091086621615843,44.977169799804685,43.59678611755371,41.170717544555664,1.0314765561828774,1.0922584178065267,0.0165153339508213,0.014373716729182228,72.33678740304222,-0.30380187882767584,125483480.0,0.6624107013927252,1
2019-03-29,45.26217269897461,45.29315086982014,44.926190438980306,45.23357970184677,94256000.0,0.006518034299907383,0.0013262824779516347,0.008994144061604148,-0.010331714649690737,44.924749755859374,43.7752628326416,41.340718002319335,1.0339668975151024,1.0948569566797381,0.01619421531036549,0.014312143626320679,68.0379427618103,0.13395314815884207,125019040.0,0.7539331609009315,1
2019-04-01,45.56954574584961,45.67438790998863,44.8880516813076,45.66485812631572,111448000.0,0.006790947684267135,0.006518034299907383,0.0013262824779516347,0.008994144061604148,45.04389190673828,43.95862293243408,41.512500305175784,1.036646343901436,1.0977306934260471,0.016040734259958982,0.014322853017734189,67.26845411633846,0.18239687659141057,125104200.0,0.8908413946134502,1
2019-04-02,46.23197937011719,46.33682517645646,45.52427381326158,45.533803597504026,91062800.0,0.014536761633791695,0.006790947684267135,0.006518034299907383,0.0013262824779516347,45.3884521484375,44.178917694091794,41.69297576904297,1.0464715249531782,1.1088673455744176,0.01609799009864438,0.014421643688301483,69.30071425559379,-0.18291221017873804,125709860.0,0.7243886835925201,1
2019-04-03,46.54889297485352,46.822918780518556,46.024664003423624,46.04849391519191,93087200.0,0.0068548569421877925,0.014536761633791695,0.006790947684267135,0.006518034299907383,45.71633071899414,44.427090644836426,41.89649299621582,1.0477592005062728,1.1110450934176739,0.016048110020762858,0.01419519564122541,68.62179973975115,0.02223081214282896,126202140.0,0.7376039740689024,1
2019-04-04,46.62992477416992,46.791956594513735,46.02229817601004,46.41546640285363,76457200.0,0.0017407889669938115,0.0068548569421877925,0.014536761633791695,0.006790947684267135,46.04850311279297,44.703382110595705,42.09868881225586,1.0430961276891304,1.1076336600914498,0.011120766964613846,0.013641409310226707,66.41515464721492,-0.17864969619883297,125065720.0,0.6113361838879591,1
2019-04-05,46.94206619262695,46.96589610699699,46.687099925418465,46.81100893546065,74106400.0,0.006694015055112024,0.0017407889669938115,0.0068548569421877925,0.014536761633791695,46.384481811523436,44.99039573669434,42.312916641235354,1.0433797130248583,1.1094027526072343,0.008393356431014269,0.013608276977969725,65.72129885868632,-0.030746613791768462,123971160.0,0.5977712880963605,1
2019-04-08,47.68074798583984,47.7117225101516,46.78479559908021,46.8038588026213,103526800.0,0.015736030667710788,0.006694015055112024,0.0017407889669938115,0.0068548569421877925,46.806722259521486,45.24297752380371,42.51790672302246,1.053881742437344,1.1214274563526858,0.007343306681174976,0.012137132183335533,72.48928664667258,0.39700214826249836,122745300.0,0.8434278135293164,0
2019-04-09,47.53776931762695,48.33602404124384,47.47343146891006,47.733164400421316,143072800.0,-0.0029986666370113157,0.015736030667710788,0.006694015055112024,0.0017407889669938115,47.06788024902344,45.464462471008304,42.72696517944336,1.0456028012635308,1.1125940987846745,0.005733554596542546,0.012211623460277446,69.45776543255319,0.3819880456075142,123405420.0,1.1593720924089073,1
2019-04-10,47.80465316772461,47.833249790891394,47.22323818776864,47.34238048248308,86781200.0,0.005614143320744613,-0.0029986666370113157,0.015736030667710788,0.006694015055112024,47.31903228759766,45.68976020812988,42.94904899597168,1.046288116855085,1.113054986903397,0.005677352491934079,0.012211701772770978,61.851715629091444,-0.39344725202833797,121537980.0,0.7140253606321251,0
2019-04-11,47.4067268371582,47.89521106023314,47.285202983703144,47.85946981978605,83603200.0,-0.008324008317145748,0.005614143320744613,-0.0029986666370113157,0.015736030667710788,47.47439270019531,45.87109527587891,43.113016281127926,1.033477106924168,1.0995919776995464,0.007222967828292369,0.012472875873601259,68.8454446995492,-0.03662083492738055,121002240.0,0.6909227465541133,0
2019-04-12,47.38764572143555,47.69026810794802,46.753811602792396,47.466280056636435,111042800.0,-0.00040249806294789803,-0.008324008317145748,0.005614143320744613,-0.0029986666370113157,47.56350860595703,46.02300109863281,43.27095497131348,1.0296513610635287,1.0951375062753117,0.007423778268140556,0.012326153039575738,77.04188298201498,0.32821231723187627,118745800.0,0.9351303372414014,1
2019-04-15,47.47343444824219,47.62117335589848,47.182726978383926,47.31855093020654,70146400.0,0.0018103606013883944,-0.00040249806294789803,-0.008324008317145748,0.005614143320744613,47.5220458984375,46.15655937194824,43.430229568481444,1.0285306161077137,1.0930965578569036,0.007429333719548711,0.01222427817486735,86.28906016498311,-0.3682940271679028,117009160.0,0.5994949455239231,1
2019-04-16,47.478214263916016,47.983376534492095,47.313797281453226,47.528255637857534,102785600.0,0.00010068400842233594,0.0018103606013883944,-0.00040249806294789803,-0.008324008317145748,47.510134887695315,46.3081090927124,43.56715446472168,1.02526782445081,1.089770834181087,0.006529755178747068,0.011977037214930075,84.81882008382927,0.4653011416123991,115819160.0,0.8874662879613355,1
2019-04-17,48.40275192260742,48.462323072559556,47.32570451341118,47.547307445984586,115627200.0,0.01947288188962215,0.00010068400842233594,0.0018103606013883944,-0.00040249806294789803,47.629754638671876,46.48646545410156,43.70866630554199,1.041222460124397,1.1073948489814764,0.008382020754744136,0.012460943470133094,87.70250855522477,0.12493578867078647,115393480.0,1.0020254177272407,1
2019-04-18,48.57670593261719,48.64580687709247,48.25740539371004,48.40037399343183,96783200.0,0.003593886775030919,0.01947288188962215,0.00010068400842233594,0.0018103606013883944,47.86375045776367,46.59095401763916,43.85337242126465,1.042620975613125,1.1077074179376494,0.00834830726486991,0.009763594415554945,87.37207295787721,-0.1629720342618346,110025800.0,0.8796409569391906,1
2019-04-22,48.73634719848633,48.83404475360525,48.214503361460345,48.33126412020742,77758000.0,0.0032863748746279065,0.003593886775030919,0.01947288188962215,0.00010068400842233594,48.13349075317383,46.75155773162842,44.01693092346191,1.0424539750793194,1.1072182039050085,0.008301420733606438,0.008132483634899764,86.93688643045809,-0.19657543871250382,105432160.0,0.7375169018637198,1
2019-04-23,49.43929290771485,49.503630774436516,48.58623351509709,48.71252407529548,93292000.0,0.014423438555328572,0.0032863748746279065,0.003593886775030919,0.01947288188962215,48.52666244506836,46.974830627441406,44.1935954284668,1.0524634628237228,1.1186981377819532,0.008099447955830235,0.007610777407385777,87.05918340720694,0.19977365672985425,101327700.0,0.9206959202666201,0
2019-04-24,49.363037109375,49.6775708811361,49.33682565873371,49.4106933007407,70162400.0,-0.0015424128027516915,0.014423438555328572,0.0032863748746279065,0.003593886775030919,48.90362701416016,47.2175235748291,44.373404846191406,1.045438925468968,1.1124464593257792,0.007978662662283002,0.006914685384226342,84.43112710436529,-0.2479269390730181,94875720.0,0.7395190255209657,0
2019-04-25,48.91505813598633,49.5060028744457,48.87693173068337,49.28439996099873,74172800.0,-0.009075190661305355,-0.0015424128027516915,0.014423438555328572,0.0032863748746279065,49.00608825683594,47.417801475524904,44.537297058105466,1.031575834683821,1.098294269456214,0.008906488256687472,0.007546046548596664,75.65504446336462,0.057158820108776265,92614680.0,0.8008751960272389,0
2019-04-26,48.68153762817383,48.848336097417246,48.16207538289125,48.82450618641079,74596400.0,-0.0047740004144184445,-0.009075190661305355,-0.0015424128027516915,0.014423438555328572,49.02705459594726,47.60342521667481,44.69990226745605,1.0226477907123661,1.0890748113249595,0.008495734705095903,0.00779217882210936,69.87988155568034,0.005710988394667549,92188420.0,0.8091732128612249,1
2019-04-29,48.75541305541992,49.079480262865886,48.576699602106366,48.70537168868094,88818800.0,0.0015175245246021873,-0.0047740004144184445,-0.009075190661305355,-0.0015424128027516915,49.03086776733399,47.77808723449707,44.8610302734375,1.020455524226537,1.0868099274190837,0.00843960613833504,0.00778744980565057,64.48277953882052,0.1906579942195601,91916560.0,0.9662981295209482,0
2019-04-30,47.81657409667969,48.467090089008494,47.4448506724918,48.386074191108,186139600.0,-0.019256096911189347,0.0015175245246021873,-0.0047740004144184445,-0.009075190661305355,48.70632400512695,47.890438652038576,45.00519248962402,0.9984576346043608,1.0624679387318214,0.01098272754866843,0.009286377890373612,53.093700342780316,1.0957229775678123,95651140.0,1.9460259438622478,1
2019-05-01,50.1636848449707,51.30506670293471,49.856295614581796,50.011182816509084,259309200.0,0.049085715416278486,-0.019256096911189347,0.0015175245246021873,-0.0047740004144184445,48.86645355224609,48.08702392578125,45.193866653442385,1.0431854739522792,1.1099666516617863,0.018794586816195252,0.013779442064528795,67.90880268189244,0.39308991745979904,104063460.0,2.4918371924208556,0
2019-05-02,49.83722305297852,50.671219159962654,49.59417537681596,50.00164001010491,127985200.0,-0.006507930846808785,0.049085715416278486,-0.019256096911189347,0.0015175245246021873,49.05088653564454,48.251440429687506,45.3707689666748,1.0328649799709468,1.0984434292833865,0.018467922754345598,0.013965521257739574,68.65373625138193,-0.5064378741672104,105808360.0,1.2095944025594954,1
2019-05-03,50.45674896240234,50.47819369736566,50.094555460643946,50.25182412224168,83569600.0,0.01243098775317475,-0.006507930846808785,0.049085715416278486,-0.019256096911189347,49.40592880249024,48.442781639099124,45.56468460083008,1.0415741469659476,1.107365263348781,0.018705409357369255,0.014098199018336536,71.56718462415242,-0.3470370011532583,106163980.0,0.7871747084086335,0
2019-05-06,49.677581787109375,49.76336440477367,48.49092527269926,48.679168542496804,129772400.0,-0.015442278611203286,0.01243098775317475,-0.006507930846808785,0.049085715416278486,49.590362548828125,48.57955741882324,45.733914337158204,1.0226026013127216,1.0862307000638034,0.019691808890614847,0.014733828587096539,64.11359976863434,0.5528661139936053,108947280.0,1.1911485995795397,0
2019-05-07,48.33842468261719,49.425002114717195,47.854707129607185,49.05804535020229,155054800.0,-0.026956970454622198,-0.015442278611203286,0.01243098775317475,-0.006507930846808785,49.694732666015625,48.61244125366211,45.870356521606446,0.9943632419195922,1.0538052971061649,0.021108060426842528,0.015833618876041747,54.70421712509519,0.19482108676421173,111523680.0,1.3903307351407341,1
2019-05-08,48.34793472290039,48.929349618462254,48.07390893920655,48.10965016805922,105358000.0,0.0001967387300194634,-0.026956970454622198,-0.015442278611203286,0.01243098775317475,49.331582641601564,48.652949523925784,46.00651206970215,0.9937308055521814,1.0508932876643826,0.021119887531119083,0.015809344166155544,49.666883953218175,-0.3205111999112572,109637940.0,0.9609629659221981,0
2019-05-09,47.82848358154297,48.05723475366527,46.86104872008744,47.75223076687932,139634400.0,-0.010744019249934622,0.0001967387300194634,-0.026956970454622198,-0.015442278611203286,48.92983474731445,48.6541410446167,46.129705352783205,0.9830300680405273,1.0368261235524512,0.021189553473986086,0.015978273796599093,45.63639389252654,0.3253326752595911,112280600.0,1.243620002030627,0
2019-05-10,47.16588592529297,47.565356793291954,46.111007044630455,47.223295764690995,164834800.0,-0.01385362040843996,-0.010744019249934622,0.0001967387300194634,-0.026956970454622198,48.27166213989258,48.64209899902344,46.24784362792969,0.9696515342859668,1.0198504887005988,0.02151156306949581,0.016179103010714468,41.348652536877076,0.18047415250110288,116342180.0,1.4168103090383901,0
2019-05-13,44.42463302612305,45.32403198718554,43.738123877782556,44.90064671970861,229722400.0,-0.05811939806477606,-0.01385362040843996,-0.010744019249934622,0.0001967387300194634,47.221072387695315,48.49394836425781,46.30248352050781,0.9160861205285147,0.9594438494092212,0.027552810583062606,0.02073571528637301,27.441325374023535,0.3936523112837824,122276160.0,1.8787178138404084,1
2019-05-14,45.12789535522461,45.37666407819567,44.35048807727735,44.589690316645736,146118800.0,0.0158304589412821,-0.05811939806477606,-0.01385362040843996,-0.010744019249934622,46.578966522216795,48.376671409606935,46.366994552612304,0.9328441589774785,0.9732762666775459,0.028313380332317433,0.021140559299981657,31.965397224643468,-0.363933164549909,126074780.0,1.1589851673744742,1
2019-05-15,45.668495178222656,45.86703349261073,44.49640556068087,44.556206125860285,106178800.0,0.011979282852495388,0.0158304589412821,-0.05811939806477606,-0.01385362040843996,46.04307861328125,48.28618545532227,46.4438427734375,0.945788008466279,0.9833056967530196,0.022135665170631376,0.021377579387967038,36.283285395766136,-0.27333922808016486,126244440.0,0.8410572378474648,0
2019-05-16,45.46756362915039,46.03925685450639,45.170951528362195,45.42689968507999,132125600.0,-0.004399784759452352,0.011979282852495388,0.0158304589412821,-0.05811939806477606,45.57089462280273,48.13942604064941,46.52148536682129,0.9444974186181017,0.9773454839336978,0.02217329866885127,0.020790223525212075,36.38347691285283,0.24436893240458546,127069360.0,1.0397911817608902,0
2019-05-17,45.209228515625,45.66371136347926,44.673414122943996,44.7140780703889,131516400.0,-0.005681745246621572,-0.004399784759452352,0.011979282852495388,0.0158304589412821,45.17956314086914,47.971052169799805,46.6035880279541,0.942427286264246,0.9700804257497786,0.020942118210195808,0.020740751366204957,35.207222150967894,-0.004610764303057069,128806020.0,1.0210423394807169,0
2019-05-20,43.79553985595703,44.09693703228056,43.12338210548431,43.89839872325471,154449200.0,-0.03126991338017138,-0.005681745246621572,-0.004399784759452352,0.011979282852495388,45.05374450683594,47.72401180267334,46.655462951660155,0.9176835350104359,0.9387012170757731,0.02191429235262771,0.021578603346186175,33.865590723047546,0.1743721695545195,132640580.0,1.164418913125983,1
2019-05-21,44.635135650634766,44.97001729820006,44.18064924329761,44.30503541950881,113459200.0,0.01917080591857423,-0.03126991338017138,-0.005681745246621572,-0.004399784759452352,44.95519256591797,47.48380393981934,46.6955834197998,0.9400075804205796,0.955874889694785,0.02329785056650184,0.021829413284260336,24.763634793292695,-0.26539470583207947,133648940.0,0.8489345295218952,0
2019-05-22,43.72138595581055,44.422250430132046,43.666370461560184,44.17108734343066,118994400.0,-0.02047153394976242,0.01917080591857423,-0.03126991338017138,-0.005681745246621572,44.56577072143555,47.201721382141116,46.707849731445314,0.9262667689986543,0.9360607736642568,0.02343689916002068,0.0220863609013371,23.503466366624963,0.048785819043321244,136090540.0,0.8743767200864954,0
2019-05-23,42.975074768066406,43.18557025463366,42.53254916971738,43.008562935243226,146118800.0,-0.017069705624118137,-0.02047153394976242,0.01917080591857423,-0.03126991338017138,44.06727294921875,46.90472221374512,46.70137725830078,0.9162206434616267,0.9202100085908697,0.023551615965127826,0.022220368333787835,17.938274906705516,0.2279468613649045,139687840.0,1.0460380803368425,0
2019-05-24,42.81002807617188,43.56829879019288,42.72630582654269,43.10424582926103,94858800.0,-0.003840521343715375,-0.017069705624118137,-0.02047153394976242,0.01917080591857423,43.587432861328125,46.611146736145024,46.68197731018066,0.9184504367272833,0.917056871685588,0.02360073112971679,0.02222453838388246,18.934906954223592,-0.35081043643939036,140700960.0,0.6741872976559649,0
2019-05-28,42.63301467895508,43.197532117519515,42.55647185928589,42.79806481034798,111792800.0,-0.0041348582369963305,-0.003840521343715375,-0.017069705624118137,-0.02047153394976242,43.35492782592773,46.305026817321775,46.647647018432615,0.9206994922418861,0.9139370880187982,0.016242188175524842,0.022157471337238426,21.159587297436858,0.17851796564999778,141849660.0,0.7881076345195329,0
2019-05-29,42.42970275878906,42.900931555316085,42.09960243535015,42.20006695771477,113924800.0,-0.004768884436088805,-0.0041348582369963305,-0.003840521343715375,-0.017069705624118137,42.913841247558594,46.03568325042725,46.600195693969724,0.9216698822080648,0.9105048192808267,0.014680494623037546,0.02195273876046339,20.65867527359697,0.019070995627625376,138238920.0,0.8241152346965673,1
2019-05-30,42.64976501464844,42.872221371398474,42.25986415074042,42.56604276106945,84873600.0,0.005186514199979619,-0.004768884436088805,-0.0041348582369963305,-0.003840521343715375,42.69951705932617,45.65998725891113,46.56424659729004,0.9340730818168328,0.9159337502763458,0.013889485214927342,0.018027357534782126,23.53951501552659,-0.255003300422735,129517140.0,0.6553078611834696,0
2019-05-31,41.877140045166016,42.575610183606656,41.858003426997364,42.15461188376971,108174400.0,-0.01811557388925955,0.005186514199979619,-0.004768884436088805,-0.0041348582369963305,42.4799301147461,45.26198310852051,46.50507690429688,0.925216642513454,0.9004853412315664,0.014305030914329237,0.018165711838943055,23.277788507166775,0.2745353089771143,128526600.0,0.8416498997094765,0
2019-06-03,41.4537467956543,42.558859919788816,40.72896433762629,42.00391264942133,161584400.0,-0.010110366874506616,-0.01811557388925955,0.005186514199979619,-0.004768884436088805,42.20867385864258,44.81183300018311,46.40441314697266,0.9250625118478173,0.8933147514302455,0.014290407020389563,0.017485005901269474,30.39776331129802,0.4937397387921727,132427340.0,1.2201740214671684,1
2019-06-04,42.97028732299805,43.01573632949458,41.74557310553312,41.96563871336283,123872000.0,0.036583919297319856,-0.010110366874506616,-0.01811557388925955,0.005186514199979619,42.27612838745117,44.47646827697754,46.353333435058595,0.9661353292577157,0.9270161202796726,0.017942416143905484,0.020229564960324336,37.14363387073897,-0.23339134223353242,132132320.0,0.9374844852493319,1
2019-06-05,43.66397476196289,44.25002316291043,43.32909308993842,44.08018796856743,119093600.0,0.01614342100509014,0.036583919297319856,-0.010110366874506616,-0.01811557388925955,42.52298278808594,44.24274578094482,46.32713623046875,0.9869182843703338,0.9425140061484237,0.017571783110988715,0.020290605969552688,38.26982791143098,-0.038575303539137185,130334260.0,0.9137551400529684,1
2019-06-06,44.30503845214844,44.36483901115955,43.57068583552247,43.79314581301077,90105200.0,0.014681752948061844,0.01614342100509014,0.036583919297319856,-0.010110366874506616,42.85403747558594,44.04060096740723,46.323053436279295,1.0060044022772738,0.9564360543091835,0.01698567194167172,0.020734794233571364,43.530330377762006,-0.24340854588323801,129571620.0,0.6954084544130883,1
2019-06-07,45.48429489135742,45.90768378892111,44.43659178289126,44.613599067232066,122737600.0,0.026616756928958374,0.014681752948061844,0.01614342100509014,0.036583919297319856,43.57546844482422,43.92339153289795,46.33454933166504,1.0355369497660576,0.9816496663381475,0.01730660207129429,0.021766750470218397,51.38847435538489,0.36215889870950835,128726780.0,0.9534737060928581,1
2019-06-10,46.06556701660156,46.732939648630975,45.83593126422042,45.88138027302039,104883600.0,0.01277962265068755,0.026616756928958374,0.014681752948061844,0.01614342100509014,44.497832489013675,43.868375587463376,46.35647941589355,1.050085999303929,0.9937244501101555,0.017071789249892024,0.021836146596078215,62.50989104504094,-0.1454647964437955,125729220.0,0.8342022641992053,1
2019-06-11,46.59899139404297,46.88364266564571,46.30955870522477,46.61095223695524,107731600.0,0.011579676795233418,0.01277962265068755,0.026616756928958374,0.014681752948061844,45.22357330322266,43.97709350585937,46.383215789794924,1.0596196264729105,1.0046520190671109,0.016599952597545292,0.017328636631822714,61.200581510456445,0.027153911574354872,119629680.0,0.9005424072019586,0
2019-06-12,46.45068359375,46.87646328917654,46.259321071663166,46.393273742142995,73012800.0,-0.003182639706487911,0.011579676795233418,0.01277962265068755,0.026616756928958374,45.780915069580075,44.043232917785645,46.40083854675293,1.0546610799542868,1.0010742272889497,0.016460139560264184,0.017080580360242768,67.0553044891125,-0.3222712741665398,115974380.0,0.629559735520897,0
2019-06-13,46.44110870361328,47.072602406865755,46.30955040496847,46.57267065219424,86698400.0,-0.00020613023094473437,-0.003182639706487911,0.011579676795233418,0.01277962265068755,46.20812911987305,44.08186359405518,46.40502113342285,1.0535196318214701,1.000777665203226,0.016693514360900635,0.016906697722406307,73.85570840899281,0.18744110621699206,115000360.0,0.75389677041011,0
2019-06-14,46.10383224487305,46.30715192007323,45.520178306772145,45.81918104965697,75046000.0,-0.0072624549274378225,-0.00020613023094473437,-0.003182639706487911,0.011579676795233418,46.33203659057617,44.11367702484131,46.396119918823246,1.0451142447026358,0.9937001698749465,0.015027770705418084,0.01696660358640131,72.14527715867786,-0.134401557583531,112146380.0,0.6691789784030479,1
2019-06-17,46.37891387939453,46.6348619824245,45.96748580812443,46.142102390137104,58676400.0,0.005966567661022992,-0.0072624549274378225,-0.00020613023094473437,-0.003182639706487911,46.39470596313477,44.17216129302979,46.39109970092773,1.049957994396642,0.999737324150284,0.013441813495500662,0.0169311479836489,74.85706677170123,-0.2181275484369587,108504380.0,0.5407744830208697,1
2019-06-18,47.46967697143555,47.90980815375586,46.69466416124891,46.8955931379687,106204000.0,0.02351851306560304,0.005966567661022992,-0.0072624549274378225,-0.00020613023094473437,46.568843078613284,44.35586814880371,46.40165191650391,1.0702006059758706,1.023016961914491,0.011160030846936665,0.015756224856441174,79.92031208458133,0.8099951598939268,106092120.0,1.0010545552299266,0
2019-06-19,47.3309326171875,47.811731318983306,47.19697998482456,47.763887964623265,84496800.0,-0.002922799629151318,0.02351851306560304,0.005966567661022992,-0.0072624549274378225,46.74489288330078,44.49065799713135,46.39465560913086,1.0638397980142098,1.0201807082252028,0.01162489372427647,0.015418803750326995,78.0611521550427,-0.20439154834092876,104644000.0,0.8074691334429112,1
2019-06-20,47.71126937866211,47.986350431164496,47.36920835648545,47.9289405928447,86056000.0,0.008035691258204691,-0.002922799629151318,0.02351851306560304,0.005966567661022992,46.998925018310544,44.690152168273926,46.39812561035156,1.067601408001759,1.0283016555310498,0.011398182994417194,0.014415076211071964,86.69853290525073,0.01845276980903421,102997080.0,0.8355188321843687,0
2019-06-21,47.54861831665039,48.04376867773491,47.397919745896615,47.553403383165076,191202400.0,-0.0034090701029316772,0.008035691258204691,-0.002922799629151318,0.02351851306560304,47.287882232666014,44.918829345703124,46.39300491333008,1.0585453585779796,1.0249092164967368,0.009615993568284612,0.013643538982140206,89.63896240767149,1.2218369433857021,105251260.0,1.816628133477927,0
2019-06-24,47.50078582763672,47.87872584119384,47.40271202381546,47.491215693151446,72881600.0,-0.0010059701145285205,-0.0034090701029316772,0.008035691258204691,-0.002922799629151318,47.51225662231445,45.15336723327637,46.39488609313965,1.051987675298563,1.023836673125502,0.00927769872412189,0.013559619394280896,86.42305769637714,-0.6188248683070924,104152400.0,0.6997591990198978,0
2019-06-25,46.78078079223633,47.66343393459677,46.71380081144238,47.464895650291474,84281200.0,-0.015157749979401003,-0.0010059701145285205,-0.0034090701029316772,0.008035691258204691,47.37447738647461,45.36075553894043,46.38274879455567,1.031305149934658,1.0085814663430939,0.010356041628609713,0.014173364674221861,74.95205357295552,0.15641259247876005,102776820.0,0.8200409391923198,1
2019-06-26,47.7926025390625,48.07725375444767,47.20655785147097,47.30702234220642,104270000.0,0.02162900511045107,-0.015157749979401003,-0.0010059701145285205,-0.0034090701029316772,47.46681137084961,45.6289005279541,46.38913215637207,1.0474195517769014,1.030254292707169,0.012200392815495321,0.014466622509754556,76.35565682446628,0.237167956792262,102294080.0,1.0193160738138511,0
2019-06-27,47.77825546264648,48.215995988213024,47.73759152091885,47.90981377120324,83598800.0,-0.0003001944998558548,0.02162900511045107,-0.015157749979401003,-0.0010059701145285205,47.48020858764649,45.885325050354005,46.39513298034668,1.0412535033851278,1.029811801226773,0.012203105571914119,0.01453606340569675,71.03995487949429,-0.19824685911575712,102230340.0,0.8177494078568065,0
2019-06-28,47.3429069519043,47.720846929488616,47.13480217086817,47.524699340515674,124442400.0,-0.009111854472847791,-0.0003001944998558548,0.02162900511045107,-0.015157749979401003,47.439066314697264,46.15861339569092,46.373936080932616,1.0256570435957666,1.0208947299465936,0.012387014070563362,0.01388131136835961,62.03784991325193,0.4885668215333234,103043740.0,1.2076657931864663,1
2019-07-01,48.21120071411133,48.91445571612795,47.995916559447814,48.59870708259573,109012000.0,0.01834052486656823,-0.009111854472847791,-0.0003001944998558548,0.02162900511045107,47.58114929199219,46.49648609161377,46.3666259765625,1.036878370101323,1.0397823800783181,0.013329115535383176,0.013571552935181575,64.29166105885798,-0.12399632279673167,100415120.0,1.0856134016470826,1
2019-07-02,48.49346923828125,48.58915232452939,48.16576333648064,48.17772417850372,67740800.0,0.00585483290166855,0.01834052486656823,-0.009111854472847791,-0.0003001944998558548,47.92368698120117,46.77264518737793,46.3617684173584,1.0367912493298048,1.0459797133218223,0.01149347229447662,0.011741433337619473,67.68846080160665,-0.3785931824019374,97608560.0,0.6940047061446251,1
2019-07-03,48.89533233642578,48.902508111863035,48.483904178318824,48.625032628500364,45448000.0,0.008286952953807214,0.00585483290166855,0.01834052486656823,-0.009111854472847791,48.14423294067383,47.034213066101074,46.35088920593262,1.0395694782372382,1.0548952387771557,0.011485487924800229,0.011518067504066837,69.89921721992445,-0.3290897066465114,93926280.0,0.483868838412423,0
2019-07-05,48.85226440429688,49.05558773477184,48.53412503952128,48.64176894973504,69062000.0,-0.0008808188853809407,0.008286952953807214,0.00585483290166855,0.01834052486656823,48.35903472900391,47.2615743637085,46.340673751831055,1.0336571530255634,1.0541984060464074,0.011424336352058046,0.011407096098746078,73.40116836135152,0.5195828199260693,92874120.0,0.7436086608411472,0
2019-07-08,47.84523391723633,48.17533053234699,47.46011815799339,48.03420208422318,101354400.0,-0.020613793430872773,-0.0008808188853809407,0.008286952953807214,0.00585483290166855,48.45950012207031,47.37962131500244,46.31927726745605,1.0098272757213123,1.0329443104426936,0.013506268448896122,0.011575003864317044,61.10112822929861,0.4675856476788973,91804960.0,1.1040187806846167,1
2019-07-09,48.13705062866211,48.20163259281211,47.55578740176146,47.649076111025046,82312000.0,0.00609918036832191,-0.020613793430872773,-0.0008808188853809407,0.008286952953807214,48.44467010498047,47.48319549560547,46.30838752746582,1.013770242845538,1.0394888096699912,0.01359292265162506,0.011360087627526735,55.74784243996483,-0.18787936192212673,90676380.0,0.9077556911733794,1
2019-07-10,48.613067626953125,48.73266874059022,48.21360034539757,48.28297103527144,71588400.0,0.009888786123668059,0.00609918036832191,-0.020613793430872773,-0.0008808188853809407,48.468589782714844,47.583899307250974,46.30554061889649,1.02162849902352,1.0498326329250323,0.01246035330338839,0.011293195415512991,60.4362492796248,-0.13027991058411892,88869220.0,0.8055477475778453,0
2019-07-11,48.2590446472168,48.89053831965134,48.24947816503057,48.6321995013914,80767200.0,-0.007282465333252164,0.009888786123668059,0.00609918036832191,-0.020613793430872773,48.341332244873044,47.674317359924316,46.31439002990723,1.0122650374388793,1.0419881297379459,0.01118332105257016,0.011431984691891254,54.47793216055642,0.1282163031999597,89256940.0,0.9048842588598713,1
2019-07-12,48.62981796264648,48.79725880699689,48.36669402871252,48.426494590976,70380800.0,0.007682980841003051,-0.007282465333252164,0.009888786123668059,0.00609918036832191,48.29684295654297,47.783752822875975,46.28371269226074,1.0177061258228646,1.0506896515840234,0.011361483428774483,0.01148878915245283,58.547696769228125,-0.12859675709941665,88441060.0,0.795793266159406,1
2019-07-15,49.08668899536133,49.24455968604115,48.797252704231944,48.81878002796971,67789600.0,0.009394874417703702,0.007682980841003051,-0.007282465333252164,0.009888786123668059,48.54513397216797,47.93289566040039,46.268702011108395,1.0240710125909238,1.0609048203594813,0.010878802209430128,0.011356931823374508,61.77613461450215,-0.036816859143402714,88078240.0,0.7696520729751185,0
2019-07-16,48.91685485839844,49.30197058543267,48.67765263415199,48.93838218259591,67467200.0,-0.003459881699882872,0.009394874417703702,0.007682980841003051,-0.007282465333252164,48.70109481811524,48.05979270935059,46.23790412902832,1.0178332468937408,1.0579384117821262,0.009738411819876504,0.011431461146783645,67.27271605585665,-0.004755891759207875,88517780.0,0.7621881163309789,0
2019-07-17,48.64176940917969,49.05797890617675,48.62263279495951,48.80921022118632,56430000.0,-0.005623530989779524,-0.003459881699882872,0.009394874417703702,0.007682980841003051,48.706835174560545,48.118397331237794,46.21718788146973,1.0108767562298282,1.0524606026210017,0.009843596008246747,0.010457949410537803,57.79532765001358,-0.16359356843028905,86029080.0,0.6559409911160273,1
2019-07-18,49.19432067871094,49.24694544973233,48.72548280504823,48.79724418825336,74162400.0,0.011359604641087984,-0.005623530989779524,-0.003459881699882872,0.009394874417703702,48.893890380859375,48.21156673431396,46.2343058013916,1.0203841943119745,1.064022046530441,0.010161715932178959,0.010642424459548397,61.83042671543154,0.3142371079213184,85512360.0,0.8672711172981309,0
2019-07-19,48.4599723815918,49.395253851076205,48.404956898073856,49.225418684647934,83717200.0,-0.014927501528381404,0.011359604641087984,-0.005623530989779524,-0.003459881699882872,48.859921264648435,48.24900188446045,46.23654655456543,1.004372535988134,1.0480880600458,0.011304428244821708,0.011180531577235944,58.88839244520638,0.12883617574404282,85395420.0,0.9803476579891521,1
2019-07-22,49.5674934387207,49.569884147383455,48.70397311967198,48.71353960425987,89111600.0,0.022854347674981623,-0.014927501528381404,0.011359604641087984,-0.005623530989779524,48.95608215332031,48.349945640563966,46.27132675170898,1.0251819889769485,1.0712356208132714,0.011173377106622256,0.012155277765007376,60.396120665456515,0.064435982092091,80290880.0,1.1098595506737503,1
2019-07-23,49.95499801635742,49.971743926163036,49.58423379143074,49.86410364149058,73420800.0,0.007817715820465754,0.022854347674981623,-0.014927501528381404,0.011359604641087984,49.16371078491211,48.47265625,46.327108993530274,1.0305809889747362,1.0783102831504938,0.011229187008374346,0.012194715513628893,61.024902004004446,-0.17608033073135254,80317840.0,0.9141281687854156,0
2019-07-24,49.914329528808594,50.029145578681785,49.5555261792605,49.67512729577653,59966400.0,-0.0008141024755022874,0.007817715820465754,0.022854347674981623,-0.014927501528381404,49.41822280883789,48.629333686828616,46.436902923583986,1.0264242946501243,1.0748849812604218,0.011090444286473286,0.011497724584686222,58.129718069300004,-0.1832505230125523,79102100.0,0.7580885968893367,0
2019-07-25,49.51964569091797,50.050674922943,49.450275001634395,49.9669526841349,55638400.0,-0.007907225071766777,-0.0008141024755022874,0.007817715820465754,0.022854347674981623,49.4832878112793,48.71568584442139,46.52473793029785,1.0165031002347809,1.0643723725022807,0.011154502939449681,0.010902343355152845,55.04161239380764,-0.07217375063368825,76670520.0,0.7256817874718993,1
2019-07-26,49.691871643066406,50.1678817358878,49.54834884778114,49.62967672847252,70475600.0,0.0034779318338302723,-0.007907225071766777,-0.0008141024755022874,0.007817715820465754,49.72966766357422,48.811366653442384,46.60520545959473,1.0180389333467255,1.0662300735085852,0.011021643083517146,0.01089616756479026,65.96353697778886,0.2666719388048542,76014360.0,0.9271353465318921,1
2019-07-29,50.15591812133789,50.385553851109734,49.859309714055385,49.864094780283324,86693600.0,0.009338478566569108,0.0034779318338302723,-0.007907225071766777,-0.0008141024755022874,49.84735260009766,48.95201721191406,46.69897254943848,1.024593489257289,1.0740261591031723,0.011017576005308163,0.010682885076776899,66.94774460890116,0.23012219832112102,74126920.0,1.1695292344535562,0
2019-07-30,49.94064331054688,50.27074356929918,49.5890157262072,49.935858243770845,135742800.0,-0.00429211185547862,0.009338478566569108,0.0034779318338302723,-0.007907225071766777,49.84448165893555,49.03848934173584,46.79360084533691,1.0183968548159015,1.0672536929913052,0.011068203229922302,0.010151662450771426,61.654782460760764,0.5657764817702806,75463460.0,1.7987884467529054,1
2019-07-31,50.95964813232422,52.952203406591565,50.54343853369576,51.76815294335434,277125600.0,0.020404319092183876,-0.00429211185547862,0.009338478566569108,0.0034779318338302723,50.05354537963867,49.161798286437985,46.93688301086426,1.0365700586339657,1.0857058428981923,0.01205874527765551,0.010946745427416244,71.22984588017198,1.0415491650385875,85932700.0,3.224914380672317,0
2019-08-01,49.8569221496582,52.15326516054023,49.45267342174729,51.16535872118057,216071600.0,-0.02163919930927749,0.020404319092183876,-0.00429211185547862,0.009338478566569108,50.12100067138672,49.20987777709961,47.04131874084473,1.0131486685557205,1.059853836673349,0.01434219322608175,0.012104005754260825,58.65090446725938,-0.22031165651964313,94463880.0,2.2873462322318328,0
2019-08-02,48.802040100097656,49.37851470178692,48.23034691506533,49.163234154260714,163448400.0,-0.021158186347605912,-0.02163919930927749,0.020404319092183876,-0.00429211185547862,49.94303436279297,49.20736656188965,47.14293182373047,0.9917628905972401,1.0351931501114666,0.015239125407816459,0.013083337797846147,48.149312915151484,-0.24354519520381201,99183200.0,1.647944409940393,0
2019-08-05,46.24735641479492,47.51751962109188,46.0655640412733,47.35964892958403,209572000.0,-0.052347887097810575,-0.021158186347605912,-0.02163919930927749,0.020404319092183876,49.161322021484374,49.127472686767575,47.20837745666504,0.9413746298260441,0.9796429978396888,0.02072056778272342,0.017043637102088276,36.75214063544167,0.2821905873657986,104594080.0,2.0036698061687623,1
2019-08-06,47.12284469604492,47.37879286336873,46.41480440834536,46.95779455449021,143299200.0,0.018930558395548136,-0.052347887097810575,-0.021158186347605912,-0.02163919930927749,48.59776229858399,49.07676239013672,47.2946337890625,0.9601864997010379,0.9963676831967074,0.02185344261834992,0.017580055420417937,42.88600477319122,-0.3162292672685283,107643440.0,1.3312395070243017,1
2019-08-07,47.610801696777344,47.73518785600527,46.362169638518694,46.74250023988225,133457600.0,0.010354998809598115,0.018930558395548136,-0.052347887097810575,-0.021158186347605912,47.92799301147461,49.02664909362793,47.394189529418945,0.9711208613473319,1.0045704372099018,0.022403758272249257,0.017595437432307664,42.53832487181901,-0.06867868069047145,110736900.0,1.205177316684863,1
2019-08-08,48.66090393066406,48.684825611688794,47.694528606203654,47.888281812721345,108038000.0,0.022055966219064915,0.010354998809598115,0.018930558395548136,-0.052347887097810575,47.68878936767578,49.046742057800294,47.51881355285644,0.9921332567475831,1.024034488498692,0.023851898285804904,0.018245564665380482,50.919446289904265,-0.19046948244236372,112100440.0,0.9637607131604479,0
2019-08-09,48.25992584228516,48.68491980321308,47.851734087471264,48.3343596886464,98478800.0,-0.008240251536433485,0.022055966219064915,0.010354998809598115,0.018930558395548136,47.58036651611328,49.02824745178223,47.63101676940918,0.9843290011487218,1.013203771733882,0.02386869105881988,0.018266482382760362,43.6030398955498,-0.08847997926655438,113505340.0,0.8676138056588351,0
2019-08-12,48.13747024536133,48.51444641488046,47.81812205634959,47.930974561632105,89927600.0,-0.002537417842787937,-0.008240251536433485,0.022055966219064915,0.010354998809598115,47.95838928222656,48.98078651428223,47.756223373413086,0.982782712795455,1.0079831872166107,0.023497974949616172,0.018130235974645036,40.87144450107099,-0.08683290210684935,114612240.0,0.7846247486306873,1
2019-08-13,50.176002502441406,50.93715403198438,48.137458527792965,48.267120536421295,188874000.0,0.04234813850186736,-0.002537417842787937,-0.008240251536433485,0.022055966219064915,48.56902084350586,49.04374389648437,47.93066848754883,1.0230867082322848,1.0468454558583062,0.027659933892583855,0.020515450612384616,51.09458744412652,1.1002895662733132,120682580.0,1.5650477475705276,0
2019-08-14,48.68251419067383,49.56852452960049,48.644095544305394,48.780960598066514,146189600.0,-0.02976499197390048,0.04234813850186736,-0.002537417842787937,-0.008240251536433485,48.783363342285156,49.04578113555908,48.04491302490234,0.9925933090171158,1.0132709401605329,0.02825588846612233,0.021634631739729425,46.79305314714787,-0.22599404894268138,125170560.0,1.1679231921627578,0
2019-08-15,48.44002532958984,49.25640178434182,47.94299348420809,48.85301680589179,108909600.0,-0.004981025838851294,-0.02976499197390048,0.04234813850186736,-0.002537417842787937,48.73918762207031,49.00806636810303,48.14043403625488,0.9884092338137441,1.006223277777457,0.02759687219616947,0.0215017622152073,45.230010796881956,-0.25501130039346165,126907920.0,0.8581781184342159,1
2019-08-16,49.58293533325195,49.74140951677776,48.944239015747925,49.04988847143179,110481600.0,0.023594331255726297,-0.004981025838851294,-0.02976499197390048,0.04234813850186736,49.00378952026367,49.06421451568603,48.245991973876954,1.0105722841522324,1.0277109725528888,0.02786841635762267,0.021868428477270826,47.92412161725139,0.014433989290200344,128246140.0,0.8614808991522084,1
2019-08-19,50.507362365722656,51.078824190677665,50.43052506876509,50.57218971325113,97654400.0,0.018644056191057246,0.023594331255726297,-0.004981025838851294,-0.02976499197390048,49.47776794433594,49.11120796203613,48.34645332336426,1.0284284272699171,1.0446963302127914,0.020595378529005188,0.02167013995947399,51.9528401242776,-0.11610259083865548,128673280.0,0.7589330123550126,1
2019-08-20,50.50975799560547,51.227691316707656,50.50015516617898,50.634616760971866,107537200.0,4.743130051942934e-05,0.018644056191057246,0.023594331255726297,-0.004981025838851294,49.54451904296875,49.138945960998534,48.435337142944334,1.0278966511755248,1.0428286654955867,0.02045300554564245,0.021614156495172947,48.33293942968028,0.10120178916669387,130379100.0,0.8248039754838007,1
2019-08-21,51.057220458984375,51.299731333447795,50.80750654514709,51.14126080341854,86141600.0,0.01083874651362482,4.743130051942934e-05,0.018644056191057246,0.023594331255726297,50.01946029663086,49.19609050750732,48.524501724243166,1.0378308506281215,1.0521946366216028,0.02046199268143002,0.02172581737079961,54.638564607267476,-0.1989599877995708,131687860.0,0.654134709152385,0
2019-08-22,51.01399230957031,51.48941113488219,50.603400826025755,51.18927233994728,89014800.0,-0.0008466608449394508,0.01083874651362482,4.743130051942934e-05,0.018644056191057246,50.534253692626955,49.27080783843994,48.61576789855957,1.0353796608500172,1.0493301764977736,0.019888179376084905,0.0216244629034725,59.27319041249503,0.033354383944574906,133356680.0,0.6674941217792765,0
2019-08-23,48.65610885620117,50.91555498677708,48.26232683356407,50.286461469002404,187272000.0,-0.04622032792612463,-0.0008466608449394508,0.01083874651362482,4.743130051942934e-05,50.3488883972168,49.21901969909668,48.66006790161133,0.9885631439566067,0.9999186387199837,0.025510363258645922,0.02412201519151267,60.26766433726539,1.1038299249113632,139196500.0,1.3453786553541216,1
2019-08-26,49.58053588867188,49.74861290398016,49.23717515529538,49.429264742992345,104174400.0,0.01899919772053238,-0.04622032792612463,-0.0008466608449394508,0.01083874651362482,50.16352310180664,49.19025058746338,48.7296019744873,1.0079342003048866,1.0174623612692362,0.02607094784784423,0.024429924178057574,60.432745791804656,-0.4437267717544534,140070540.0,0.7437281244150269,0
2019-08-27,49.02107238769531,50.07515974076012,48.86980125519638,49.90948253160488,103493200.0,-0.011283934127553352,0.01899919772053238,-0.04622032792612463,-0.0008466608449394508,49.86578598022461,49.144272041320804,48.78244514465332,0.9974931024815689,1.0048916622021384,0.022395148664097978,0.024539979097238748,55.950387417229194,-0.006539034542075606,138458060.0,0.7474696669879674,1
2019-08-28,49.35001373291016,49.39563540929986,48.81937047253222,49.00665676017186,63755200.0,0.006710202963601697,-0.011283934127553352,0.01899919772053238,-0.04622032792612463,49.52434463500977,49.0637903213501,48.82005187988281,1.005833699550838,1.0108554135569392,0.020256445872441572,0.024109163638411934,53.09598679930435,-0.38396725581970603,127789540.0,0.4989078135816124,1
2019-08-29,50.18561935424805,50.260056872342915,49.62136047132866,50.06316401304191,83962000.0,0.016932226723589405,0.006710202963601697,-0.011283934127553352,0.01899919772053238,49.35867004394531,49.08022518157959,48.87714561462403,1.022522190323677,1.0267706659865286,0.020652799354013162,0.02394076143007221,58.326452476564064,0.3169435591136096,121184060.0,0.6928468975210106,0
2019-08-30,50.12079620361328,50.531384164590875,49.751023029326475,50.4617535522876,84573600.0,-0.0012916678416817762,0.016932226723589405,0.006710202963601697,-0.011283934127553352,49.651607513427734,49.14616298675537,48.92533615112305,1.019831318614244,1.0244343758578915,0.019459676278168657,0.023396263271893057,58.618602111430434,0.007284247635835239,117240320.0,0.7213695766098216,0
2019-09-03,49.39084243774414,49.69818428979416,49.03547910827453,49.56612247903739,80092000.0,-0.01456389006478942,-0.0012916678416817762,0.016932226723589405,0.006710202963601697,49.613668823242186,49.303337287902835,48.962180633544925,1.001774832184895,1.0087549573702101,0.018989922971569345,0.0201050572126013,46.150231949343365,-0.05299053132419573,110766320.0,0.7230717784972905,1
2019-09-04,50.22883605957031,50.2984666588224,49.77982952447207,50.03674646797927,76752400.0,0.016966578832552592,-0.01456389006478942,-0.0012916678416817762,0.016932226723589405,49.855221557617185,49.4586368560791,49.016741638183596,1.0155725926238612,1.0247281720668782,0.0199297780414106,0.02003031000968098,58.10271054486343,-0.041697048394346514,107438980.0,0.7143813167250843,1
2019-09-05,51.21088409423828,51.376561303793046,50.78588651283309,50.90354224548307,95654800.0,0.019551479024982443,0.016966578832552592,-0.01456389006478942,-0.0012916678416817762,50.227395629882814,49.63864097595215,49.105343704223635,1.0316737744501872,1.0428780297862683,0.02065189354452916,0.020302374390675594,63.474891011965504,0.24627764082947246,105548840.0,0.9062610257014667,0
2019-09-06,51.20608139038086,51.48461108870742,51.0259981022255,51.39577117230135,77449200.0,-9.37828733552637e-05,0.019551479024982443,0.016966578832552592,-0.01456389006478942,50.431488037109375,49.76589984893799,49.17361328125,1.0289391238943628,1.0413324946756728,0.02064782961201894,0.01985608052969326,58.875999102174376,-0.19032604741215287,104019400.0,0.74456495615241,1
2019-09-09,51.42457580566406,51.969628837304214,50.68023385509005,51.585449746566866,109237600.0,0.0042669622308619815,-9.37828733552637e-05,0.019551479024982443,0.016966578832552592,50.69224395751953,49.924132347106934,49.24653968811035,1.0300544724167666,1.044227191013779,0.01250053548917847,0.01968829249003147,55.435324159096055,0.41044194129829625,104557340.0,1.0447626154223129,1
2019-09-10,52.03205871582031,52.05126803759896,50.83390703828068,51.350144279794115,127111600.0,0.011813085487607289,0.0042669622308619815,-9.37828733552637e-05,0.019551479024982443,51.22048721313477,50.118861770629884,49.340322723388674,1.038173192239405,1.0545544869562777,0.011834733803939445,0.01972329729254314,58.41737447404856,0.16362497894497863,106416540.0,1.1944722126842313,1
2019-09-11,53.68643951416016,53.7152553373028,52.27938833354673,52.36102889134553,177158400.0,0.03179541304285993,0.011813085487607289,0.0042669622308619815,-9.37828733552637e-05,51.912007904052736,50.29438362121582,49.44982749938965,1.0674440295061784,1.0856749604399087,0.01306541774325288,0.01876356515969886,62.952419682797895,0.3937233108543987,105830760.0,1.6739783405127204,0
2019-09-12,53.56637954711914,54.365949877044244,53.51115502500784,53.976971102844466,128906800.0,-0.002236318298019291,0.03179541304285993,0.011813085487607289,0.0042669622308619815,52.3831069946289,50.53857688903808,49.55128570556641,1.059910722550199,1.0810290547335222,0.013552726241236152,0.017129146153276008,62.479450935716784,-0.2723641667569813,104966620.0,1.2280742201663728,0
2019-09-13,52.5243034362793,53.01412847110816,52.10891225668283,52.824442313058036,159053200.0,-0.019453920904308863,-0.002236318298019291,0.03179541304285993,0.011813085487607289,52.646751403808594,50.74279079437256,49.62386512756348,1.0351086846824418,1.0584484562268563,0.015696696575554475,0.017860099866652844,71.70569317866567,0.23386198400705016,107473800.0,1.4799253399433163,1
2019-09-16,52.80042266845703,52.855650852329696,52.238563645662204,52.27938208778277,84632400.0,0.005256980371243003,-0.019453920904308863,-0.002236318298019291,0.03179541304285993,52.92192077636719,50.903665161132814,49.70282829284668,1.0372617079992204,1.0623222959739729,0.015556065228691887,0.01727357985914886,69.48554364055916,-0.4678987910963124,106181340.0,0.7970553018072667,1
2019-09-17,52.99251556396485,53.02133138546332,52.61313961117362,52.81483570644543,73274800.0,0.0036380938977327304,0.005256980371243003,-0.019453920904308863,-0.002236318298019291,53.11401214599609,51.027922821044925,49.80577392578125,1.0385003471493395,1.0639833775684795,0.01395180407994492,0.016893346011407025,75.15203465027437,-0.13419919557994342,104962360.0,0.6981054922926657,1
2019-09-18,53.48954391479492,53.508753239988586,52.6899736146539,53.07895237436418,101360000.0,0.009379217905406412,0.0036380938977327304,0.005256980371243003,-0.019453920904308863,53.074633026123045,51.17691211700439,49.912823791503904,1.045188967097179,1.0716593422610532,0.01355945696125446,0.01694961787437653,75.67003539363286,0.383285931861977,104653500.0,0.9685294806193773,0
2019-09-19,53.054935455322266,53.72724341657254,52.91326716138404,53.307049108889316,88242400.0,-0.00812511058544374,0.009379217905406412,0.0036380938977327304,0.005256980371243003,52.97234420776367,51.27679786682129,50.00166114807129,1.034677235367139,1.0610634574361286,0.013398547449788713,0.017018783966185978,68.724415470357,-0.1294159431728492,104758540.0,0.8423408726391185,0
2019-09-20,52.279388427734375,53.43912547264002,52.21696086112126,53.155796135159825,221652400.0,-0.014617811159924665,-0.00812511058544374,0.009379217905406412,0.0036380938977327304,52.923361206054686,51.34006767272949,50.08206802368164,1.0182960560354661,1.0438743943843076,0.014581336971124386,0.01741649417979916,62.890675900403195,1.5118582450160014,111390420.0,1.9898695058336255,1
2019-09-23,52.51709365844727,52.78601688512093,52.2601730542611,52.572318178824,76662000.0,0.004546825008128641,-0.014617811159924665,-0.00812511058544374,0.009379217905406412,52.866695404052734,51.5331169128418,50.15981353759766,1.019094066195718,1.0469953924187279,0.014586073176140522,0.013336976149382337,69.83551246242394,-0.6541341307380385,105859920.0,0.7241834303294391,0
2019-09-24,52.267372131347656,53.42230937106519,52.14972006049818,53.071745622463716,124763200.0,-0.004755052302088836,0.004546825008128641,-0.014617811159924665,-0.00812511058544374,52.721666717529295,51.66745872497559,50.22342720031738,1.0116110492208528,1.0406970420970665,0.014311149692386244,0.012975250900847298,63.9775726904924,0.6274451488351465,106889360.0,1.1672181403275312,1
2019-09-25,53.07174682617188,53.18459931647141,52.13771495764018,52.4762724285388,87613600.0,0.015389614247351746,-0.004755052302088836,0.004546825008128641,-0.014617811159924665,52.63810729980469,51.86999244689942,50.30652503967285,1.023168585970062,1.054967457687016,0.0108529009823041,0.012829911043860793,63.07796905344815,-0.2977608782076766,106095380.0,0.8258003317392332,0
2019-09-26,52.79801940917969,53.05013674812319,52.543502278670516,52.824431771617654,75334000.0,-0.005157686214639745,0.015389614247351746,-0.004755052302088836,0.004546825008128641,52.58672409057617,52.04239273071289,50.38965003967285,1.0145194453755555,1.04779492152874,0.010926026285152943,0.012974301939634964,60.78049350070956,-0.1401563227626761,106674320.0,0.7062055797496529,0
2019-09-27,52.54110336303711,53.054940879557066,52.17133028274097,52.95409101125522,101408000.0,-0.00486601673732312,-0.005157686214639745,0.015389614247351746,-0.004755052302088836,52.63906707763672,52.16016693115235,50.45658569335937,1.007303205765955,1.041313094039815,0.009060879627341622,0.012695774441879734,57.52190465519214,0.34611198130989984,107546620.0,0.9429213117064953,1
2019-09-30,53.777679443359375,53.924147350243985,53.01412429579234,53.04053666142086,103909600.0,0.02353540373482521,-0.00486601673732312,-0.005157686214639745,0.015389614247351746,52.89118423461914,52.34301109313965,50.56293983459473,1.0274089762942156,1.0635789694839926,0.011686869180325079,0.013506551383893194,60.84110714786605,0.02466866519406752,108513420.0,0.9575737268256774,1
2019-10-01,53.926536560058594,54.79814079095974,53.832893402806675,54.04179249498683,139223200.0,0.0027680092975377324,0.02353540373482521,-0.00486601673732312,-0.005157686214639745,53.22301712036133,52.569795799255374,50.650120697021485,1.0258083703802867,1.0646872271565935,0.011675697965100651,0.012817317995945562,51.8340870943677,0.3398492535819597,111469980.0,1.248974836094884,0
2019-10-02,52.57472229003906,53.68403427770665,52.32740451351937,53.559175493563515,138449200.0,-0.025067700546909766,0.0027680092975377324,0.02353540373482521,-0.00486601673732312,53.12361221313476,52.68709011077881,50.70251518249512,0.9978672608317619,1.0369253300512855,0.014037006864262458,0.014049171827348717,43.62455775315798,-0.005559418257876536,114554820.0,1.2085846758783263,1
2019-10-03,53.02132797241211,53.05494337549281,51.65509540469614,52.447459000713295,114426000.0,0.008494684573115974,-0.025067700546909766,0.0027680092975377324,0.02353540373482521,53.16827392578125,52.7776123046875,50.76465515136719,1.0046177850244082,1.0444536225906804,0.014166485066965887,0.013546385537642487,53.460357222153156,-0.17351635112373343,115493380.0,0.9907580850088551,1
2019-10-04,54.507606506347656,54.622862444828854,53.75846122523863,54.17865555013315,138478800.0,0.028031710837361112,0.008494684573115974,-0.025067700546909766,0.0027680092975377324,53.56157455444336,52.94268856048584,50.86441436767578,1.0295587169524631,1.0716255595186233,0.01561372812148885,0.014743622756573807,60.17167346857134,0.2102039746211526,118544860.0,1.168155245195785,1
2019-10-07,54.51961517333984,55.20873272385884,54.2266793952243,54.32992905331613,122306000.0,0.0002203117649419717,0.028031710837361112,0.008494684573115974,-0.025067700546909766,53.70996170043945,53.097440528869626,50.96096923828125,1.0267842410162304,1.069830813429376,0.01566573830656703,0.01475643073850583,59.29823762720263,-0.11678899586073821,119198280.0,1.0260718527146533,0
2019-10-08,53.88092041015625,54.75972776925968,53.8641145411307,54.221881339577685,111820000.0,-0.011714953620874269,0.0002203117649419717,0.028031710837361112,0.008494684573115974,53.70083847045898,53.189883613586424,51.03546928405762,1.0129918839753451,1.0557543834908458,0.016235232215140324,0.014955831805334805,52.34260798802448,-0.08573577747616634,118433700.0,0.9441569418163918,1
2019-10-09,54.51240921020508,54.69489228194408,54.17865501059328,54.51240921020508,74770400.0,0.011720081899896373,-0.011714953620874269,0.0002203117649419717,0.028031710837361112,54.088375854492185,53.23118209838867,51.12690460205078,1.0240691087687717,1.066217672172911,0.0159674473444747,0.013437036124772246,58.52292347598434,-0.3313324986585584,113314300.0,0.6598496394541554,1
2019-10-10,55.24715805053711,55.33119839486909,54.577249742952276,54.728517233423744,113013600.0,0.013478561138231315,0.011720081899896373,-0.011714953620874269,0.0002203117649419717,54.53354187011719,53.31522102355957,51.21265480041504,1.0362361252544339,1.0787794201617795,0.01602340322288786,0.013703924928873632,67.43794265436388,0.5114751291955104,112519640.0,1.0043899891610033,1
2019-10-11,56.71663284301758,57.059989886560345,55.78019754791175,55.93386847365883,166795600.0,0.02659819698121435,0.013478561138231315,0.011720081899896373,-0.011714953620874269,54.97534713745117,53.524837493896484,51.34984901428223,1.059632041843846,1.1045141111757244,0.017004196520981226,0.01384220591779037,71.55536062530834,0.47588962744306884,112906760.0,1.4772862138635454,0
2019-10-14,56.63499069213867,57.17764399561088,56.34685817252537,56.402082686698684,96427600.0,-0.0014394745736207026,0.02659819698121435,0.013478561138231315,0.011720081899896373,55.39842224121094,53.716565895080564,51.50650802612304,1.054330070220021,1.0995696051344535,0.016254900136967645,0.01388952195143857,72.81167727078741,-0.4218816323691992,113496520.0,0.8496084285227423,0
2019-10-15,56.50293731689453,57.06239287164702,56.39728786256741,56.759854250095415,87360000.0,-0.0023316570485897303,-0.0014394745736207026,0.02659819698121435,0.013478561138231315,55.92282562255859,53.89208698272705,51.71161964416504,1.0484458940141672,1.0926545659505393,0.016422605589752726,0.013952726124540814,69.27443113100077,-0.09403531768912632,114200780.0,0.7649685054690519,0
2019-10-16,56.27483749389648,56.48373664287502,55.993907945757734,56.03472639321673,73903200.0,-0.004036955135956255,-0.0023316570485897303,-0.0014394745736207026,0.02659819698121435,56.27531127929687,54.03135166168213,51.89465950012207,1.0415219268668672,1.0844051784127056,0.013204140129890808,0.013967790058619782,69.63137446135937,-0.15403846153846157,112827940.0,0.6550079705434665,1
2019-10-17,56.49333190917969,56.70222736637808,56.070737747547255,56.447710219951496,67585200.0,0.003882630763827777,-0.004036955135956255,-0.0023316570485897303,-0.0014394745736207026,56.52454605102539,54.203271484375,52.07231010437012,1.0422494872005066,1.0849015877334496,0.013222863864539644,0.013737168516193585,72.41296060496322,-0.0854902088136914,111795080.0,0.6045453878650116,1
2019-10-18,56.76465606689453,57.04558556492881,56.255618132854494,56.327652182971896,97433600.0,0.0048027643005910114,0.003882630763827777,-0.004036955135956255,-0.0023316570485897303,56.53415069580078,54.427534866333005,52.23438514709473,1.0429400524256922,1.0867296687238173,0.010832854338326644,0.01307952312902859,69.02148722747427,0.44164106934654335,105584140.0,0.922805262229725,1
2019-10-21,57.74910354614258,57.8643594805564,56.98315242424609,57.03117389835004,87247200.0,0.01734261329951381,0.0048027643005910114,0.003882630763827777,-0.004036955135956255,56.75697326660156,54.68913536071777,52.42416870117187,1.0559520307871375,1.1015740445084383,0.011482060357471478,0.013406005934378563,72.00120669690435,-0.10454709668943774,106113400.0,0.8222071858973513,0
2019-10-22,57.61705017089844,58.15489658740651,57.53540962798938,57.90518270314261,82293600.0,-0.0022866740284310794,0.01734261329951381,0.0048027643005910114,0.003882630763827777,56.97979583740234,54.95661926269531,52.61376029968262,1.0484096537213494,1.095094702274036,0.010196414050033737,0.013324088288386602,83.76220538247533,-0.056776607157593584,103989920.0,0.7913613165583742,1
2019-10-23,58.39020538330078,58.40461512439032,57.91958976088768,58.130888664552984,75828800.0,0.013418861432667573,-0.0022866740284310794,0.01734261329951381,0.0048027643005910114,57.402869415283206,55.222542190551756,52.778044357299805,1.0573617777649322,1.1063351455011756,0.010301601683578033,0.013250042205634619,84.44253235581881,-0.0785577493268006,103400680.0,0.7333491423847502,1
2019-10-24,58.48624420166016,58.77917994672948,58.061246659419666,58.70954569740127,69275200.0,0.0016447761697178098,0.013418861432667573,-0.0022866740284310794,0.01734261329951381,57.8014518737793,55.506953430175784,52.97411895751953,1.053674190121642,1.1040531745050985,0.010145924544097537,0.013065115487509453,81.06502777747994,-0.08642626548224419,103097740.0,0.6719371346064424,1
2019-10-25,59.206581115722656,59.242596306464485,58.318170993988126,58.385401792575365,73477200.0,0.012316347611222467,0.0016447761697178098,0.013418861432667573,-0.0022866740284310794,58.28983688354492,55.84022731781006,53.189450073242185,1.060285460135276,1.1131264007090662,0.007563083843041759,0.012931943891681893,82.95086521968139,0.06065662747996403,101701200.0,0.7224811506648889,1
2019-10-28,59.79965972900391,59.84768120784419,59.24020052419486,59.408277532037836,96572800.0,0.010017106242328877,0.012316347611222467,0.0016447761697178098,0.013418861432667573,58.699948120117185,56.141326332092284,53.393784561157226,1.0651629314076323,1.1199741734079443,0.00745879667537141,0.012309260573793035,91.87923499155693,0.3143233547277251,101334360.0,0.9530113971213713,0
2019-10-29,58.416622161865234,59.96774132739238,58.24374555756727,59.78045498091568,142839600.0,-0.023127850114971205,0.010017106242328877,0.012316347611222467,0.0016447761697178098,58.85986251831055,56.36583061218262,53.55196975708008,1.0363835949441214,1.090839840753794,0.011617593056985362,0.013863728888883858,74.96943064391303,0.47908727923390426,101515180.0,1.407076261895019,0
2019-10-30,58.40941619873047,58.89924482176762,57.91719144782321,58.76958279527963,124522000.0,-0.00012335466975132992,-0.023127850114971205,0.010017106242328877,0.012316347611222467,58.863704681396484,56.65756530761719,53.709962921142576,1.0309199818524104,1.0874968631888215,0.011403269332599048,0.012113322128174599,72.2994409584675,-0.12823894774278277,100818820.0,1.2351066993245905,1
2019-10-31,59.73002243041992,59.828468838504534,56.968745403896456,59.36505627876599,139162000.0,0.022609474938017904,-0.00012335466975132992,-0.023127850114971205,0.010017106242328877,59.11246032714844,56.99300003051758,53.88341896057129,1.0480238344785635,1.1085046862769943,0.012864479142633061,0.012703269773030185,71.70537651426716,0.11756958609723589,102055620.0,1.3635897758496789,1
2019-11-01,61.42521286010742,61.45162155934046,59.82607232816422,59.917312039179826,151125200.0,0.02838087716545301,0.022609474938017904,-0.00012335466975132992,-0.023127850114971205,59.55618667602539,57.338880348205564,54.09164337158203,1.071266346449155,1.1355767551402998,0.014716950740606872,0.012735267602269618,77.99622236669252,0.08596599646455205,102687940.0,1.4716937548849456,1
2019-11-04,61.82860565185547,61.9126459988458,61.319571313663445,61.78778354242281,103272000.0,0.006567218459083701,0.02838087716545301,0.022609474938017904,-0.00012335466975132992,59.9619758605957,57.704329872131346,54.35509330749512,1.071472553079868,1.1374942418382312,0.014348323313043414,0.012660726596801687,80.16876105322655,-0.31664606564623243,101736240.0,1.015095505790267,0
2019-11-05,61.7397575378418,61.99427467320338,61.545268167001495,61.72054454973453,79897600.0,-0.0014370065939051102,0.006567218459083701,0.02838087716545301,0.022609474938017904,60.62660293579101,58.09727172851562,54.598277740478515,1.0626963315308031,1.1308004591520049,0.014290000845208347,0.012082742172197923,81.45382690027661,-0.22633821364939188,100140120.0,0.7978580413125129,1
2019-11-06,61.76616668701172,61.826194451970366,61.31716017753835,61.65331419578515,75864400.0,0.00042774947980217526,-0.0014370065939051102,0.006567218459083701,0.02838087716545301,61.297953033447264,58.45995960235596,54.85317962646484,1.0565550696090888,1.1260270982944367,0.014234719726602117,0.012109451722036268,81.03447501645746,-0.05047961390579947,100194820.0,0.7571688835810075,1
2019-11-07,62.479034423828125,62.70060306371024,62.16113446862657,62.31285978131859,94940400.0,0.011541395152927736,0.00042774947980217526,-0.0014370065939051102,0.006567218459083701,61.847755432128906,58.82155342102051,55.115760040283206,1.0621792657638411,1.1335965317027874,0.014263328959756294,0.012056941368367373,81.97152509034466,0.25144863730550826,99291160.0,0.9561817990644887,1
2019-11-08,62.65003967285156,62.72228633262154,61.857700339197216,62.300830334874874,69986400.0,0.0027370021095944885,0.011541395152927736,0.00042774947980217526,-0.0014370065939051102,62.09272079467773,59.11822376251221,55.36504844665527,1.0597415768871414,1.131581050330254,0.014166855023376208,0.011076991801412655,80.1661927582409,-0.2628385808359771,94450700.0,0.7409833913353739,1
2019-11-11,63.14615631103516,63.21117830823524,62.202091592786324,62.20690558715346,81821200.0,0.007918855930087787,0.0027370021095944885,0.011541395152927736,0.00042774947980217526,62.356230926513675,59.443782043457034,55.62555564880371,1.0622836256426529,1.135200459114752,0.014112218389700617,0.010985927481667138,82.57286196363685,0.16910142541979578,93720380.0,0.87303529925935,0
2019-11-12,63.08833694458008,63.28823158323448,62.83787700281728,62.989594960966514,87388800.0,-0.0009156434822459314,0.007918855930087787,0.0027370021095944885,0.011541395152927736,62.625946807861325,59.773052024841306,55.89950553894043,1.0554645414184465,1.1286027727138266,0.010341204873402267,0.010937163629368663,80.2249074910754,0.0680459343055344,93721820.0,0.9324274752666988,1
2019-11-13,63.69281005859375,63.76746735630996,62.87398310487646,62.888432430266306,102734400.0,0.009581376579076206,-0.0009156434822459314,0.007918855930087787,0.0027370021095944885,63.01127548217774,60.143950653076175,56.1687850189209,1.0590060906705014,1.1339538506510034,0.00996666539200904,0.010728595467208661,81.4391423045772,0.17560145007140493,95163380.0,1.0795581241439722,0
2019-11-14,63.25210571289063,63.79156691909785,63.122054404391484,63.51942564466405,89182800.0,-0.006919216553606167,0.009581376579076206,-0.0009156434822459314,0.007918855930087787,63.165889739990234,60.48188934326172,56.409609451293946,1.045802411262431,1.1213001885344507,0.009773722539527107,0.0111196003882513,75.28214175030394,-0.13190907816661213,96243260.0,0.926639434283502,1
2019-11-15,64.00350189208984,64.00831588526924,63.341214024330995,63.50256731633181,100206400.0,0.011879386001944159,-0.006919216553606167,0.009581376579076206,-0.0009156434822459314,63.43658218383789,60.843831634521486,56.665557861328125,1.0519308231037776,1.1294956638160896,0.006317316960871103,0.011201008217834148,75.76176378730266,0.12360679413519193,96381900.0,1.0396806869339574,1
2019-11-18,64.3261947631836,64.40566604746566,63.6350084634497,64.01310891844747,86703200.0,0.005041800238334115,0.011879386001944159,-0.006919216553606167,0.009581376579076206,63.67258987426758,61.17268619537354,56.92359024047852,1.05155092515863,1.1300445824206125,0.0062703875968689055,0.01088316461322626,91.62416457940265,-0.1347538680164141,96354700.0,0.8998336355154445,0
2019-11-19,64.13111877441406,64.54293920172968,63.91437156791138,64.51885454553934,76167200.0,-0.0030326057601837153,0.005041800238334115,0.011879386001944159,-0.006919216553606167,63.88114624023437,61.498389625549315,57.16557144165039,1.0428097250171082,1.1218486434597001,0.006441667361670262,0.01091236176865037,89.26182296776463,-0.12151800625582443,96048380.0,0.7930086899956043,0
2019-11-20,63.38457107543945,64.08057169419445,62.71264777563229,63.950527713283876,106234400.0,-0.011640958605457108,-0.0030326057601837153,0.005041800238334115,0.011879386001944159,63.819498443603514,61.74810791015625,57.359534072875974,1.0265022398364703,1.1050398525711278,0.008073064106752256,0.011375238750976575,77.22180294740096,0.3947525969183585,97568660.0,1.0888168393416493,0
2019-11-21,63.10035705566406,63.58202076852838,62.90046249904657,63.504952810564895,121395200.0,-0.004483962184379631,-0.011640958605457108,-0.0030326057601837153,0.005041800238334115,63.7891487121582,61.978813552856444,57.55021362304687,1.0180955949060102,1.0964400144362723,0.007686463322010401,0.01152845953979019,65.79858725129931,0.14271083566151832,100174660.0,1.2118354082759053,0
2019-11-22,63.04497146606445,63.38213463998186,62.818588902947205,63.240044707745454,65325200.0,-0.0008777381330941081,-0.004483962184379631,-0.011640958605457108,-0.0030326057601837153,63.597442626953125,62.17073307037354,57.76062698364258,1.0140618962092875,1.0914869654015071,0.007681562263156889,0.011396251526774806,62.27770312157068,-0.4618798766343315,99767060.0,0.6547772380984265,1
2019-11-25,64.15039825439453,64.16725825293672,63.22319387946589,63.26895253287637,84020400.0,0.017533940655760416,-0.0008777381330941081,-0.004483962184379631,-0.011640958605457108,63.56228332519531,62.38826999664307,57.987626495361326,1.028244544332553,1.1062773583175747,0.009152687219498227,0.011751085131719814,70.18916509854412,0.28618664772553326,99139440.0,0.8474972220944561,0
2019-11-26,63.64946365356445,64.34065001699554,63.21837250317687,64.28766670605624,105207600.0,-0.007808752781916839,0.017533940655760416,-0.0008777381330941081,-0.004483962184379631,63.46595230102539,62.64991207122803,58.200765457153324,1.0159545568268318,1.0936190126300382,0.00961260280760911,0.010331962873476395,64.61129766329333,0.25216733079109366,97257840.0,1.0817390145617052,1
2019-11-27,64.5044174194336,64.53813741439751,63.89511298558591,63.96013495495072,65235600.0,0.013432222626769352,-0.007808752781916839,0.017533940655760416,-0.0008777381330941081,63.68992156982422,62.95466213226318,58.42106292724609,1.0246170058686757,1.1041294729567541,0.010064327178711054,0.01046687806578568,65.37468523336167,-0.3799345294446409,94293520.0,0.6918354516832121,0
2019-11-29,64.36234283447266,64.54296680875088,64.0372182108502,64.20580352668654,46617600.0,-0.0022025558968638004,0.013432222626769352,-0.007808752781916839,0.017533940655760416,63.942318725585935,63.18627815246582,58.6472110748291,1.018612659526631,1.0974493356956312,0.009741017173550724,0.009716738207674762,63.0554385687328,-0.28539631734819637,89666300.0,0.5199010107476276,0
2019-12-02,63.61816787719727,64.60316965655018,63.44717925305146,64.36715170309243,94487200.0,-0.011562272666009954,-0.0022025558968638004,0.013432222626769352,-0.007808752781916839,64.0569580078125,63.29592590332031,58.87398666381836,1.0050910381557443,1.080581959575272,0.009861515651569076,0.00841298268356425,53.467677884715094,1.0268568094453596,86834400.0,1.088130971135863,0
2019-12-03,62.48384094238281,62.50310426103313,61.722811237581595,62.20928904177194,114430400.0,-0.017830235806288286,-0.011562272666009954,-0.0022025558968638004,0.013432222626769352,63.723646545410155,63.32868766784668,59.07332160949707,0.9866593362885552,1.0577336645369446,0.011004086398448415,0.00939515300734931,46.16552429707126,0.21106774250903837,87392320.0,1.3093873695079843,1
2019-12-04,63.03537368774414,63.413481741794286,62.780092321858014,62.87402034212705,67181600.0,0.008826806051662306,-0.017830235806288286,-0.011562272666009954,-0.0022025558968638004,63.60082855224609,63.3934684753418,59.288681640625,0.9943512352895323,1.0631940522784686,0.011604572437062087,0.009558700233077984,45.80151146853916,-0.4129042632027853,86756520.0,0.7743694652574815,1
2019-12-05,63.96013641357422,64.03480106846754,63.27377133913998,63.529052579721196,74424400.0,0.014670536108995602,0.008826806051662306,-0.017830235806288286,-0.011562272666009954,63.49197235107422,63.50316696166992,59.506449432373046,1.0071960104317337,1.0748437694348179,0.012064195829157486,0.01002647622379102,54.258319284698864,0.10780928111268562,86684520.0,0.8585662122833465,1
2019-12-06,65.19562530517578,65.26546863947017,64.37438734550834,64.41774268897909,106075600.0,0.01931654559978946,0.014670536108995602,0.008826806051662306,-0.017830235806288286,63.65862884521484,63.6389965057373,59.75440155029297,1.0244602976933828,1.0910597983364145,0.013166103706705425,0.010560782055610445,56.77528232149701,0.42527988132924155,87241280.0,1.2158877082041897,0
2019-12-09,64.28287506103516,65.2172969657752,63.798800431426635,65.02463432244109,128042400.0,-0.014000176236796724,0.01931654559978946,0.014670536108995602,0.008826806051662306,63.79157028198242,63.720638275146484,59.989236984252926,1.008823464439589,1.071573473720116,0.014244092892714201,0.011160695683643574,49.769272904885824,0.20708626677577113,90144080.0,1.4204193996987933,1
2019-12-10,64.6585464477539,65.04146825890689,64.02756074204926,64.68744509771174,90420400.0,0.005844035232743794,-0.014000176236796724,0.01931654559978946,0.014670536108995602,64.22651138305665,63.79625778198242,60.20685432434082,1.0135162891327933,1.0739399553982898,0.01327794647110083,0.011105896020367441,52.75613593179011,-0.29382454561926363,90574040.0,0.9983037082148483,1
2019-12-11,65.21006774902344,65.28954641231785,64.66338184077233,64.73803916107421,78756800.0,0.008529751000746266,0.005844035232743794,-0.014000176236796724,0.01931654559978946,64.6614501953125,63.90234432220459,60.43252494812012,1.020464404564332,1.0790558197759357,0.013095530949842976,0.0112096313880937,59.73783266921245,-0.12899301485063108,90142440.0,0.8736927910981775,1
2019-12-12,65.37622833251953,65.64114490385342,64.37918804536231,64.48996866624496,137310400.0,0.002548081749210951,0.008529751000746266,0.005844035232743794,-0.014000176236796724,64.94466857910156,63.98651523590088,60.68855506896973,1.0217188432827629,1.077241470953172,0.01252611679501567,0.011059171485845351,62.29514142773884,0.7434735794242529,91871240.0,1.4945961325873036,1
2019-12-13,66.26490020751953,66.30102352499274,65.248589228168,65.37622984964455,133587600.0,0.013593195839931349,0.002548081749210951,0.008529751000746266,0.005844035232743794,65.15852355957031,64.13715496063233,60.95342651367187,1.033174924085629,1.087139870515012,0.013006124829499647,0.011200881855985032,65.95848866399686,-0.027112294480243326,94091480.0,1.419762979602404,1
2019-12-16,67.39922332763672,67.62320261796066,66.70563351279964,66.71044750574998,128186000.0,0.017118008426253883,0.013593195839931349,0.002548081749210951,0.008529751000746266,65.78179321289062,64.30694103240967,61.21125885009766,1.0480862912398303,1.101091932983979,0.012595420900249487,0.011491967414894323,66.05571521324545,-0.0404348906635047,95490460.0,1.3423958791276114,1
2019-12-17,67.53170776367188,67.85923578380364,67.14396438879324,67.3294097483652,114158400.0,0.0019656671025884975,0.017118008426253883,0.013593195839931349,0.002548081749210951,66.35642547607422,64.46721668243408,61.4715007019043,1.047535650504868,1.0985856371256582,0.009675208361028746,0.011478859925325482,69.91119554392974,-0.10943160719579359,96863220.0,1.1785526023190227,0
2019-12-18,67.37031555175781,67.89051335467951,67.22100094482415,67.38476487826064,116028400.0,-0.002389873101963591,0.0019656671025884975,0.017118008426253883,0.013593195839931349,66.7884750366211,64.62917652130128,61.741288604736326,1.042413336793067,1.0911711931226145,0.010185010616551058,0.011463453696001097,65.82436108824578,0.016380748153443037,98856280.0,1.173707932364034,1
2019-12-19,67.4377670288086,67.71713300190731,67.18008240112675,67.31253704760239,98369200.0,0.00100120470712306,-0.002389873101963591,0.0019656671025884975,0.017118008426253883,67.2007827758789,64.83183631896972,61.9997957611084,1.040195232123579,1.0877095029256751,0.009912993408592977,0.010979303485854653,67.12238344433872,-0.15219722068045405,98463020.0,0.9990471549623402,0
2019-12-20,67.2980728149414,68.07114122602003,67.08613954782287,67.96999593464518,275978000.0,-0.0020714537272195077,0.00100120470712306,-0.002389873101963591,0.0019656671025884975,67.40741729736328,65.04172210693359,62.24081405639649,1.0346908205212986,1.081253094697035,0.00881153898709588,0.01090388159442574,71.96634998330882,1.8055326260658826,106192160.0,2.5988547553793047,1
2019-12-23,68.3962631225586,68.45647110065944,67.52204210459728,67.56057609253462,98572000.0,0.01631830246665511,-0.0020714537272195077,0.00100120470712306,-0.002389873101963591,67.60682525634766,65.3092866897583,62.4744066619873,1.0472670364241536,1.0947885186426982,0.007320232933249976,0.011231674853559073,85.4457701712386,-0.642826602120459,107854500.0,0.9139349772146734,1
2019-12-24,68.46129608154297,68.61061806486987,68.13617882730028,68.562448734815,48478800.0,0.0009508262003705692,0.01631830246665511,-0.0020714537272195077,0.00100120470712306,67.79274291992188,65.52483158111572,62.71093276977539,1.0448145295389595,1.0916963447646095,0.007511119295860652,0.010794583841729507,84.54419209888609,-0.5081889380351419,106077420.0,0.4570133775878033,1
2019-12-26,69.8196029663086,69.8364629694818,68.56487035875298,68.59376902155901,93121200.0,0.019840507885620084,0.0009508262003705692,0.01631830246665511,-0.0020714537272195077,68.28260040283203,65.83333854675293,62.97726608276367,1.0605508471475245,1.1086477281270488,0.008728180217878833,0.011062518142820001,85.35276723144285,0.9208643778311345,105473100.0,0.8828905190043718,0
2019-12-27,69.79310607910156,70.7973786870116,69.38851010956454,70.11100606214161,146266000.0,-0.00037950498257366405,0.019840507885620084,0.0009508262003705692,0.01631830246665511,68.75366821289063,66.09777297973633,63.24763145446777,1.0559070742141057,1.1034896402301786,0.008936514307644736,0.01091854768066571,82.47658036080958,0.570705703964296,109524620.0,1.3354622914920864,1
2019-12-30,70.20733642578125,70.4891130772608,68.69009788596185,69.71122313309827,144114400.0,0.005935118379889914,-0.00037950498257366405,0.019840507885620084,0.0009508262003705692,69.3355209350586,66.39002265930176,63.521911544799806,1.0574983049195368,1.1052459650284052,0.008591616702392356,0.010826307535041244,95.02124871725002,-0.01471018555234982,114399460.0,1.2597472051004437,1
2019-12-31,70.72027587890625,70.72750054089161,69.725639097825,69.8243810446951,100805600.0,0.0073060662779487195,0.005935118379889914,-0.00037950498257366405,0.019840507885620084,69.80032348632812,66.74512805938721,63.801023941040036,1.0595571232702123,1.1084504841843987,0.00766994960462815,0.01016287219479017,95.12299564855401,-0.3005168116440827,114715380.0,0.8787452911719422,1
2020-01-02,72.3338851928711,72.39409318664748,71.09119131937346,71.34406195339083,135480400.0,0.02281678477510196,0.0073060662779487195,0.005935118379889914,-0.00037950498257366405,70.57484130859375,67.23763027191163,64.0927195739746,1.0757946837262111,1.1285819305792555,0.009431382038724592,0.009310921706531269,95.78886767156365,0.3439769219170363,115767880.0,1.170276245880982,0
2020-01-03,71.6306381225586,72.38925722098051,71.40666619485818,71.56320547713457,146322800.0,-0.00972223555305185,0.02281678477510196,0.0073060662779487195,0.005935118379889914,70.93704833984376,67.66739349365234,64.37299133300782,1.058569488556967,1.112743662198425,0.010465075755253876,0.010054122870363665,87.60435741520214,0.08002928836938783,119724940.0,1.2221580566254617,1
2020-01-06,72.20140838623047,72.23994237629597,70.50354624985978,70.75401351048198,118387200.0,0.00796824206277913,-0.00972223555305185,0.02281678477510196,0.0073060662779487195,71.41870880126953,68.07945709228515,64.64921539306641,1.0605461833862424,1.116818014685048,0.010311329527983774,0.009876160635030402,87.11167030417728,-0.19091761502650306,121923080.0,0.970999092214534,0
2020-01-07,71.86181640625,72.46629932810366,71.64265854946794,72.2110181651717,108872000.0,-0.004703398279488846,0.00796824206277913,-0.00972223555305185,0.02281678477510196,71.74960479736328,68.41276664733887,64.91672683715821,1.0504152942197271,1.1069845925305717,0.010595340419884075,0.00964527613252659,80.97543977826004,-0.08037355389771872,122062900.0,0.8919335850614724,1
2020-01-08,73.0178451538086,73.31888511458335,71.56562867701548,71.56562867701548,132079200.0,0.016086828936014097,-0.004703398279488846,0.00796824206277913,-0.00972223555305185,72.20911865234375,68.84951515197754,65.19295211791992,1.060542619546847,1.1200266713146407,0.010572057615526417,0.008852151790449566,83.34234420542191,0.21316040855316332,122264740.0,1.0802722027626281,1
2020-01-09,74.56880187988281,74.76146451044018,73.74275001069596,73.99320996049889,170108400.0,0.021240790149410715,0.016086828936014097,-0.004703398279488846,0.00796824206277913,72.65610198974609,69.34502792358398,65.4883349609375,1.075330187508977,1.138657776600392,0.01128806759441006,0.009448146263750826,87.42760579470988,0.2879272436538076,126249140.0,1.3474024456721052,1
2020-01-10,74.73735809326172,75.30091119032697,74.23643098983341,74.80238740809561,140644800.0,0.002260411983692867,0.021240790149410715,0.016086828936014097,-0.004703398279488846,73.27744598388672,69.8213924407959,65.81474967956542,1.0704077286432556,1.1355715619543965,0.010703519904330841,0.00950545114504231,87.55841194869798,-0.17320485055411727,129343540.0,1.0873739809502663,1
2020-01-13,76.33407592773438,76.36057125816924,74.9348431957367,75.05285582286368,121532000.0,0.021364386903804933,0.002260411983692867,0.021240790149410715,0.016086828936014097,74.1039794921875,70.36928482055664,66.1732428741455,1.0847641285880352,1.1535489665046899,0.011258901776136282,0.009973360461232683,90.43072001048688,-0.1358941105536785,128554620.0,0.9453724805845173,0
2020-01-14,75.30332946777344,76.48100118582082,75.18051017572739,76.27147857331117,161954400.0,-0.013503097370782924,0.021364386903804933,0.002260411983692867,0.021240790149410715,74.79228210449219,70.82120628356934,66.48470901489257,1.0632878684141245,1.1326413333764533,0.013342609861790682,0.01094194085318836,81.0926560277282,0.3326070499950631,129972960.0,1.2460622578727145,0
2020-01-15,74.98060607910156,75.98246770801262,74.54951490172726,75.10343270524221,121923600.0,-0.004285645680646599,-0.013503097370782924,0.021364386903804933,0.002260411983692867,75.18483428955078,71.20027542114258,66.75581687927246,1.0530943263294799,1.1232070789382083,0.013818855580654632,0.010892298106102859,78.68172013992802,-0.2471732784042916,129659840.0,0.9403343394531414,1
2020-01-16,75.91984558105469,76.03063354644571,75.16122656820497,75.52247441714353,108829200.0,0.012526432514592623,-0.004285645680646599,-0.013503097370782924,0.021364386903804933,75.45504302978516,71.61968231201172,67.03764167785644,1.0600416412112703,1.13249576925574,0.012766563543771313,0.010972731721194937,77.86553936550975,-0.10739840359044517,129393380.0,0.8410723948937727,1
2020-01-17,76.76036071777344,76.7627640392473,75.86205500785368,76.16790890123319,137816400.0,0.01107108596291062,0.012526432514592623,-0.004285645680646599,-0.013503097370782924,75.8596435546875,72.0891845703125,67.33805374145508,1.0647971838675037,1.1399254426404328,0.01177065477054461,0.01084779750016709,79.62300261452326,0.26635498561047943,130482780.0,1.0562037381484362,0
2020-01-21,76.24018859863281,76.83022259346987,76.10291259365572,76.38950326386008,110843200.0,-0.006776572104098766,0.01107108596291062,0.012526432514592623,-0.004285645680646599,75.84086608886719,72.52930564880371,67.6275341796875,1.0511639111478286,1.1273542577504208,0.012534960435139754,0.011193037838675939,75.42114711472433,-0.19571836153026778,131106480.0,0.8454441000932982,1
2020-01-22,76.51229095458984,77.06379066619063,76.41836299389982,76.72421683459743,101832400.0,0.0035690147277771533,-0.006776572104098766,0.01107108596291062,0.012526432514592623,76.08265838623046,72.99001655578613,67.90819931030273,1.0482569338248011,1.1267018082009683,0.012048226726986916,0.011043394452612529,74.91194184716373,-0.08129321419807445,122399200.0,0.8319694899966666,1
2020-01-23,76.88077545166016,76.96024675038308,76.01859307367198,76.56528622859716,104472000.0,0.0048160170408309,0.0035690147277771533,-0.006776572104098766,0.01107108596291062,76.46269226074219,73.41424217224122,68.1928140258789,1.0472188117298264,1.1274028876779334,0.011553753385326878,0.010801713404717304,71.90248054403207,0.025921023171407098,122694200.0,0.8514827921776253,0
2020-01-24,76.65921020507812,77.86818383448923,76.46895092458591,77.12642473209515,146537600.0,-0.002881933035669526,0.0048160170408309,0.0035690147277771533,-0.006776572104098766,76.61056518554688,73.82413787841797,68.46307510375976,1.0384030536371351,1.119716140253657,0.010288005793248825,0.010927760871876939,75.40152292363106,0.40264951374530966,127597140.0,1.148439533989555,0
2020-01-27,74.405029296875,75.08416976822737,73.42484155700832,74.67234921705278,161940000.0,-0.029405219570782903,-0.002881933035669526,0.0048160170408309,0.0035690147277771533,76.13949890136719,74.05340919494628,68.68940895080567,1.0047481960081415,1.083209630616603,0.01449220211205051,0.012942735537611183,59.51347181626605,0.10510885943266435,131038080.0,1.2358239681167489,1
2020-01-28,76.50990295410156,76.68089158109271,75.18532722614749,75.28406920782065,162234000.0,0.02828940028809268,-0.029405219570782903,-0.002881933035669526,0.0048160170408309,76.19344177246094,74.38924903869629,68.94575080871581,1.0285075322416837,1.1097116509235188,0.015755521175615503,0.0140574129230239,67.41265576769177,0.001815487217488032,131836480.0,1.2305698695838967,1
2020-01-29,78.11144256591797,78.95676515736241,77.39858197163568,78.13793790519387,216229200.0,0.020932448610961885,0.02828940028809268,-0.029405219570782903,-0.002881933035669526,76.51327209472656,74.78445434570312,69.24293754577637,1.0444876980025195,1.1280781164761915,0.01615147313518598,0.014519258451253552,68.46526761345595,0.3328229594289729,135442220.0,1.5964682209136856,0
2020-01-30,77.99822235107422,78.0512056603916,76.7651642610764,77.19625539826748,126743200.0,-0.001449470284052179,0.020932448610961885,0.02828940028809268,-0.029405219570782903,76.73676147460938,75.14835166931152,69.52283195495606,1.0379232626991406,1.1219080143572024,0.01601835015713095,0.014592115312375215,63.87908212384375,-0.41384789843369907,136739100.0,0.9268980123461394,0
2020-01-31,74.5398941040039,77.71164655303768,74.24607885109228,77.29019066933044,199588400.0,-0.04433855212115212,-0.001449470284052179,0.020932448610961885,0.02828940028809268,76.31289825439453,75.25865211486817,69.72710594177246,0.9904494966270826,1.0690232026301292,0.021750355962526693,0.017679111447463428,49.36889917992493,0.5747464163757898,139944500.0,1.4261968137368743,0
2020-02-03,74.33519744873047,75.49841264105945,72.7842389592195,73.28516622775322,173788400.0,-0.0027461355792621767,-0.04433855212115212,-0.001449470284052179,0.020932448610961885,76.29893188476562,75.39388008117676,69.93118751525878,0.9859579765452261,1.0629763355943405,0.021288722298565405,0.017510887596770965,42.98756643821574,-0.1292660294886877,141317780.0,1.229770238394631,1
2020-02-04,76.78924560546875,76.97950484657014,75.53210291102174,75.93669870128832,136616400.0,0.03301327286351596,-0.0027461355792621767,-0.04433855212115212,-0.001449470284052179,76.35480041503907,75.62327194213867,70.19928100585938,1.015418185875668,1.093875101072037,0.024044370599168727,0.018807536647859856,54.73955585493156,-0.21389229660897968,142229240.0,0.9605366660188861,1
2020-02-05,77.4154281616211,78.21258127557842,76.81334832632962,77.91394467954083,118826800.0,0.008154560592632532,0.03301327286351596,-0.0027461355792621767,-0.04433855212115212,76.2155975341797,75.90095252990723,70.48558242797851,1.0199533152250904,1.0983157901933127,0.024142759388664354,0.018740856194381837,57.618747729083815,-0.13021569884728335,142726980.0,0.832546166113793,1
2020-02-06,78.32093811035156,78.32334878116308,77.12882464602528,77.68514573263211,105425600.0,0.011696763426019219,0.008154560592632532,0.03301327286351596,-0.0027461355792621767,76.28014068603515,76.16610717773438,70.79110176086425,1.0282912047426669,1.1063669891015888,0.02434690534581035,0.018615859122082808,57.52909811396948,-0.11277927201607718,141394300.0,0.7456142150001803,0
2020-02-07,77.25636291503906,78.06989154294402,76.76631409771366,77.82124622907054,117684000.0,-0.013592472472846895,0.011696763426019219,0.008154560592632532,0.03301327286351596,76.82343444824218,76.30048522949218,71.05322105407714,1.0125278061164598,1.087302753751879,0.02482265232824122,0.01851537323833824,51.53376056801893,0.11627536385849346,138773080.0,0.8480319093587891,1
2020-02-10,77.62329864501953,77.62329864501953,75.7644959675757,75.84415588740227,109348800.0,0.004749585874033402,-0.013592472472846895,0.011696763426019219,0.008154560592632532,77.4810546875,76.44478225708008,71.33269775390625,1.0154165706689589,1.088186779544151,0.02239696194440182,0.018526033489222028,54.31783548748357,-0.07082696033445501,137208280.0,0.7969548193447218,0
2020-02-11,77.15499114990234,78.1906145236601,76.93772941121844,78.11819639978289,94323200.0,-0.006033079027713217,0.004749585874033402,-0.013592472472846895,0.011696763426019219,77.55420379638672,76.48582801818847,71.58570922851563,1.0087488512454195,1.0777987950585008,0.020922681084504235,0.01802977441243088,51.98211951258307,-0.137409829828951,135847840.0,0.6943297736644175,1
2020-02-12,78.98724365234375,78.99206907115294,77.60399867366895,77.60399867366895,113730400.0,0.02374768599067778,-0.006033079027713217,0.004749585874033402,-0.013592472472846895,77.86856689453126,76.67002372741699,71.87820724487305,1.0302232843068513,1.0989039192818457,0.02123668616290934,0.018406507017723582,55.95848168445441,0.20575213733206676,133436640.0,0.8523176243046887,0
2020-02-13,78.42475891113281,78.7506551305069,78.05782821966719,78.26060628866534,94747600.0,-0.007121209896710279,0.02374768599067778,-0.006033079027713217,0.004749585874033402,77.8893310546875,76.84223136901855,72.17433906555176,1.0205945027092524,1.0866016914945928,0.021394031353092733,0.018472755123323876,54.899637609663515,-0.16691051820797254,132077840.0,0.7173618223920076,1
2020-02-14,78.44407653808594,78.6927218682662,77.93712767417983,78.39337649475979,80113600.0,0.000246320514354581,-0.007121209896710279,0.02374768599067778,-0.006033079027713217,78.12687377929687,76.96844291687012,72.49354377746582,1.0191719302780957,1.0820836235966962,0.014482038762423452,0.018322314198101586,62.796152399626024,-0.1544524610649769,130642060.0,0.6132297668913059,0
2020-02-18,77.0077133178711,77.1887659353896,75.94794846047884,76.12900107799734,152531200.0,-0.01831066517198998,0.000246320514354581,-0.007121209896710279,0.02374768599067778,78.00375671386719,76.980810546875,72.77299057006836,1.000349473729946,1.0581908578255472,0.016170304616534122,0.018713330963261415,51.6468777495708,0.9039364102973777,131377800.0,1.161011982237486,1
2020-02-19,78.12300109863281,78.35233737517142,77.24912158938099,77.24912158938099,93984000.0,0.014482806107461554,-0.01831066517198998,0.000246320514354581,-0.007121209896710279,78.19735870361328,77.074951171875,73.05624786376953,1.0135978020202787,1.0693541398993203,0.01322584577796904,0.018891480119415476,50.039509570182815,-0.3838375361893174,130534840.0,0.7199916895749824,0
2020-02-20,77.3215560913086,78.37166303401608,76.81702354297988,77.88403050271104,100566000.0,-0.010258758573705729,0.014482806107461554,-0.01831066517198998,0.000246320514354581,77.86422119140624,77.11541442871093,73.29876647949219,1.0026731576835164,1.0548820915416348,0.013521628344307018,0.019059855816470152,47.79094419625956,0.07003319713993861,130471520.0,0.7707889047356848,0
2020-02-21,75.57135772705078,77.35774940247184,74.95578178960817,76.91597690115918,129554000.0,-0.022635322576682437,-0.010258758573705729,0.014482806107461554,-0.01831066517198998,77.29354095458984,77.04994354248046,73.5245361328125,0.9808100337592787,1.0278386196213596,0.014531519675981954,0.01972465348855997,53.79002632912755,0.2882485134140764,131725620.0,0.9835140650694982,0
2020-02-24,71.98169708251953,73.43011814732492,69.8211400810818,71.75960997813098,222195200.0,-0.047500279900970055,-0.022635322576682437,-0.010258758573705729,0.014482806107461554,76.00106506347656,76.81606788635254,73.6709991455078,0.9370656304487579,0.9770696463658416,0.020059750900659937,0.02233778033943747,43.07491300931642,0.7150778825817805,135508500.0,1.6397141138747753,0
2020-02-25,69.54351043701172,73.03179362770307,69.07277807692655,72.65037937541128,230673600.0,-0.033872313995496506,-0.047500279900970055,-0.022635322576682437,-0.010258758573705729,74.50822448730469,76.57299194335937,73.75766799926758,0.9081989441976184,0.9428648210204028,0.0212576932563807,0.022637041158460984,28.65977491168094,0.038157439944697336,138945180.0,1.6601770568795549,1
2020-02-26,70.6467514038086,71.9092946933909,69.16212096129591,69.16936277352076,198054800.0,0.015864039072288838,-0.033872313995496506,-0.047500279900970055,-0.022635322576682437,73.01297454833984,76.27983436584472,73.86307846069336,0.9261523965164977,0.9564555509476044,0.022862004614981637,0.02188753570432868,30.60969532718451,-0.14140673228319145,140736220.0,1.407276676892416,0
2020-02-27,66.02867889404297,69.04139705399142,65.8934935311334,67.85852144500781,320605600.0,-0.06536850482153467,0.015864039072288838,-0.033872313995496506,-0.047500279900970055,70.75439910888672,75.67569618225097,73.85835403442383,0.8725215918070321,0.8939906630368231,0.026029064936491195,0.025044903363200876,20.96270319895413,0.618772178205224,145955040.0,2.196605201163317,0
2020-02-28,65.99006652832031,67.20915879544067,61.88862284247871,62.10347552395671,426510000.0,-0.0005847817398348942,-0.06536850482153467,0.015864039072288838,-0.033872313995496506,68.83814086914063,75.07528839111328,73.8301708984375,0.8789851886354074,0.8938089364454781,0.026396664460275616,0.02505766518713059,22.030556420507622,0.330326107840911,160943380.0,2.6500624008269242,1
2020-03-02,72.1337890625,72.7686815326321,67.0425894386722,68.14338895911868,341397200.0,0.09310071738665471,-0.0005847817398348942,-0.06536850482153467,0.015864039072288838,68.86855926513672,74.95498313903809,73.92221252441406,0.9623614874103179,0.9758066837985483,0.043710271340829804,0.032356424971218586,39.40950476197766,-0.19955639961548377,168033820.0,2.031717186456869,0
2020-03-03,69.84284973144531,73.38665070115958,68.99310485052062,73.30699080209732,319475600.0,-0.03175958674609081,0.09310071738665471,-0.0005847817398348942,-0.06536850482153467,68.92842712402344,74.73036575317383,73.97166320800781,0.9345979914259828,0.9441838496323612,0.0442827238445836,0.03307426264503988,36.82011843530737,-0.06421142294078563,175318180.0,1.8222616730335668,1
2020-03-04,73.08250427246094,73.2418314905751,70.76261982320094,71.56166493954149,219178400.0,0.04638491346605278,-0.03175958674609081,0.09310071738665471,-0.0005847817398348942,69.4155776977539,74.54502868652344,74.08455795288086,0.9803806579750247,0.9864741896542428,0.04720350992367561,0.03395545188188141,39.870824368256564,-0.3139432244590823,179446280.0,1.2214151221189986,0
2020-03-05,70.7119140625,72.31241302487865,70.34739243241086,71.33955724756618,187572800.0,-0.03243717813942271,0.04638491346605278,-0.03175958674609081,0.09310071738665471,70.35222473144532,74.20985298156738,74.15283477783203,0.9528642251866983,0.9535969093340625,0.04795841957132177,0.0345292002540985,37.54196065827832,-0.14420034090950573,182883580.0,1.0256404648246715,0
2020-03-06,69.7728500366211,70.20496434412061,67.88990577178768,68.07578380592835,226176800.0,-0.01328013869132294,-0.03243717813942271,0.04638491346605278,-0.03175958674609081,71.10878143310546,73.78244857788086,74.18036651611328,0.9456564722567123,0.9405837867013667,0.04772932432286491,0.03438449994725393,36.39809235445825,0.20580809157830982,188921140.0,1.1972021765272007,0
2020-03-09,64.25438690185547,67.13191312620091,63.48913439783881,63.67018706247143,286744800.0,-0.07909184062094632,-0.01328013869132294,-0.03243717813942271,0.04638491346605278,69.53290100097657,73.13234977722168,74.09622833251953,0.8786041621469765,0.8671748663576085,0.051600397435812066,0.0381392722717473,32.26593229667721,0.2677905072491962,197374180.0,1.4527979292934872,1
2020-03-10,68.882080078125,69.14762542571471,65.0268655374001,66.90257561810807,285290000.0,0.07202143541324335,-0.07909184062094632,-0.01328013869132294,-0.03243717813942271,69.3407470703125,72.69528884887696,74.07747787475586,0.9475453109667249,0.9298653525243555,0.056785966500040974,0.042125866378992544,38.2936053838981,-0.005073500896964789,206171240.0,1.3837526514367378,0
2020-03-11,66.48976135253906,67.88748961967876,65.627949126833,66.96291749628936,255598800.0,-0.03473063999914938,0.07202143541324335,-0.07909184062094632,-0.01328013869132294,68.02219848632812,72.16202735900879,74.01141098022461,0.9213954178663802,0.8983717574348733,0.057512751108435546,0.04264414938275515,36.80993097010315,-0.10407374951803428,214235020.0,1.1930766501200412,0
2020-03-12,59.92358016967773,65.1789345537906,59.868058404963215,61.7848024771312,418474000.0,-0.09875477140076383,-0.03473063999914938,0.07202143541324335,-0.07909184062094632,65.86453170776367,71.20884418487549,73.80573585510254,0.8415187868251524,0.8119095281066143,0.06221110390657313,0.04667023623711396,32.94572202760584,0.6372299087476154,229472200.0,1.823637024441305,1
2020-03-13,67.10293579101562,67.57367559511492,61.06301877546382,63.94538103600016,370732000.0,0.11980852280536403,-0.09875477140076383,-0.03473063999914938,0.07202143541324335,65.33054885864257,70.64275302886963,73.73338905334472,0.9498912898198151,0.9100752949585419,0.0742680340413389,0.055298677936607074,45.06858051520601,-0.11408594082308576,243271420.0,1.5239439141679691,0
2020-03-16,58.470340728759766,62.54281272853614,57.93683739697829,58.40757346412376,322423600.0,-0.1286470548642027,0.11980852280536403,-0.09875477140076383,-0.03473063999914938,64.17373962402344,69.64406623840333,73.4561181640625,0.8395595473791834,0.795990071217317,0.07777225141492825,0.061638799602350886,40.05293786945123,-0.1303054497588555,255386920.0,1.2624906553554114,1
2020-03-17,61.041290283203125,62.1879532458274,57.55059398806874,59.74978006097213,324056000.0,0.0439701483247692,-0.1286470548642027,0.11980852280536403,-0.09875477140076383,62.60558166503906,68.84574508666992,73.2443312072754,0.8866385309122333,0.8333926909710094,0.07994550063863137,0.06290483465749278,41.5930669029231,0.005062904824584713,263963160.0,1.2276561623220452,0
2020-03-18,59.547000885009766,60.35087498179023,57.24159672400037,57.881318208922394,300233600.0,-0.024479977262285124,0.0439701483247692,-0.1286470548642027,0.11980852280536403,61.2170295715332,67.91694507598876,72.99124305725098,0.8767620631108437,0.8158102039487645,0.07744701444071488,0.06272070622086307,43.998938470941845,-0.07351321993729476,274275640.0,1.0946418719504218,0
2020-03-19,59.09074401855469,61.03645549375763,58.56689890473273,59.72080725380135,271857200.0,-0.0076621300766456235,-0.024479977262285124,0.0439701483247692,-0.1286470548642027,61.050462341308595,67.00540447235107,72.73582160949707,0.8818802674780917,0.812402234703557,0.07731445460378714,0.06272634333994755,43.66128292872353,-0.09451440478347528,282840200.0,0.9611688861767175,0
2020-03-20,55.33933639526367,60.7926402539027,55.03999474688709,59.67011183513416,401693200.0,-0.06348553712766014,-0.0076621300766456235,-0.024479977262285124,0.0439701483247692,58.6977424621582,65.99380340576172,72.38225143432618,0.8385535238060269,0.7645428996564735,0.07880006765724634,0.06376509640201562,33.86072397175542,0.4775889695031068,296447160.0,1.3550246188899229,0
2020-03-23,54.163700103759766,55.160697700443244,51.32479637531141,55.05930867623348,336752800.0,-0.021244134246693358,-0.06348553712766014,-0.0076621300766456235,-0.024479977262285124,57.8364143371582,65.10290355682373,71.97414939880372,0.831970574960364,0.7525438029651799,0.07606451344876765,0.06329736504624486,34.60245769079741,-0.1616666650070253,302175040.0,1.114429570357631,1
2020-03-24,59.59770202636719,59.793238287645494,56.56084531140466,57.05813597182242,287531200.0,0.10032553005421829,-0.021244134246693358,-0.06348553712766014,-0.0076621300766456235,57.54769668579102,64.60561313629151,71.67135627746582,0.9224848915316434,0.8315414291260634,0.08005620053545323,0.06783096781015892,37.30455071822938,-0.1461653770956025,305017920.0,0.9426698601839525,0
2020-03-25,59.26938629150391,62.34245170831376,58.97487373705756,60.53192552123785,303602000.0,-0.005508865672673391,0.10032553005421829,-0.021244134246693358,-0.06348553712766014,57.492173767089845,64.03674488067627,71.3300624847412,0.9255527650873623,0.8309173471449393,0.07964589189677097,0.06764473473555717,38.796450290077146,0.05589236924549401,310295280.0,0.9784293206135781,1
2020-03-26,62.38832092285156,62.446255405203736,59.472166210481355,59.51079165439952,252087200.0,0.052623028961491736,-0.005508865672673391,0.10032553005421829,-0.021244134246693358,58.15168914794922,63.8547269821167,71.07176231384277,0.9770352779101878,0.8778214988866272,0.07484081248211018,0.06739167710212383,43.06570090865428,-0.16967872411907692,306869360.0,0.8214805153567629,0
2020-03-27,59.805301666259766,61.767909526223264,59.638732669554486,61.01473181958192,204216800.0,-0.0414022884152615,0.052623028961491736,-0.005508865672673391,0.10032553005421829,59.044882202148436,63.54548873901367,70.76825622558594,0.9411415798827962,0.8450865523041873,0.06436855222088808,0.06800417994908348,45.57841305995316,-0.1898961946501052,295754700.0,0.6904938450682272,1
2020-03-30,61.51202774047852,61.68342585318123,60.206033868463194,60.529517371062305,167976400.0,0.028538039716663466,-0.0414022884152615,0.052623028961491736,-0.005508865672673391,60.514547729492186,63.0144006729126,70.48009986877442,0.9761582603914237,0.8727573861984677,0.04953789139100045,0.06466708629522705,42.22404071286802,-0.17746042441170362,287083660.0,0.5851130642545104,0
2020-03-31,61.386505126953125,63.36601343634172,60.83369263605144,61.70274686140532,197002000.0,-0.0020406190160887627,0.028538039716663466,-0.0414022884152615,0.052623028961491736,60.872308349609376,62.59158344268799,70.172622756958,0.9807469591045209,0.8747927997442039,0.0477407898809192,0.06438340724054235,44.34519587575179,0.1727957022534119,280959980.0,0.7011745943319045,0
2020-04-01,58.156517028808594,60.041877740721404,57.726819101176545,59.50596168562525,176218400.0,-0.05261723389309436,-0.0020406190160887627,0.028538039716663466,-0.0414022884152615,60.64973449707031,61.84528408050537,69.81094932556152,0.9403549178156408,0.8330572437512231,0.05021168931517,0.06407402623960975,47.88563046667625,-0.10549943655394356,278811980.0,0.6320330998689511,1
2020-04-02,59.12696075439453,59.18006982201146,57.188490836952404,58.01891951220774,165934000.0,0.01668675799661834,-0.05261723389309436,-0.0020406190160887627,0.028538039716663466,59.99746246337891,61.266036415100096,69.46324272155762,0.9650854570350768,0.8511978197073822,0.05045583673126481,0.06408619006342328,38.790888237512945,-0.05836166938299292,277730040.0,0.5974650779584376,0
2020-04-03,58.2772331237793,59.31285275446095,57.688207859940405,58.61278391804478,129880000.0,-0.014371238091281047,0.01668675799661834,-0.05261723389309436,-0.0020406190160887627,59.69184875488281,60.69125556945801,69.091171875,0.9602245426787062,0.8434830607478286,0.04561965641695758,0.06409232775109028,49.65262442786855,-0.21727915918377183,272915200.0,0.4758987407077363,1
2020-04-06,63.36118698120117,63.515681414819454,60.20121554945302,60.568146275466354,201820400.0,0.08723739245862427,-0.014371238091281047,0.01668675799661834,-0.05261723389309436,60.06168060302734,60.646595573425294,68.82521141052246,1.044760820984408,0.920610132285247,0.0509786090520011,0.0650303292349991,53.82717363956411,0.5538989836772406,268668980.0,0.751186087802172,0
2020-04-07,62.6273193359375,65.5893455207901,62.52351758063344,65.3720764386448,202887200.0,-0.011582290045819454,0.08723739245862427,-0.014371238091281047,0.01668675799661834,60.30984344482422,60.33385753631592,68.58965721130372,1.0380128487266227,0.9130723476719226,0.0421623628989198,0.06289804215362017,55.21243247451289,0.005285887848800241,264548840.0,0.766917745698677,1
2020-04-08,64.23023223876953,64.54405384793799,63.06184016051964,63.42635444288139,168895200.0,0.025594467715181812,-0.011582290045819454,0.08723739245862427,-0.014371238091281047,61.5245864868164,60.22088108062744,68.34406379699708,1.0665774244115447,0.9398070391241748,0.0423856537293732,0.06273582966896347,58.372013310850306,-0.1675413727430809,260213660.0,0.6490635426287766,1
2020-04-09,64.69373321533203,65.19585671097452,63.89952086210519,64.86513503536223,161834800.0,0.0072162431989888365,0.025594467715181812,-0.011582290045819454,0.08723739245862427,62.63794097900391,60.459388732910156,68.07570960998535,1.0700361775261709,0.9503203651635935,0.039512043057606305,0.05825818993144839,67.06598669935386,-0.04180343787153218,247381700.0,0.6541906697221338,1
2020-04-13,65.96351623535156,66.07215077341053,64.17229875609489,64.77098217772529,131022800.0,0.01962760466756608,0.0072162431989888365,0.025594467715181812,-0.011582290045819454,64.17519760131836,60.402417755126955,67.8350154876709,1.092067481516542,0.9724110145937906,0.0362421198440169,0.051863802398186776,71.45366654538549,-0.1903916833709437,235396240.0,0.5566053221580769,1
2020-04-14,69.29486083984375,69.58454794114515,67.12222968123038,67.59296937908287,194994800.0,0.0505028354250594,0.01962760466756608,0.0072162431989888365,0.025594467715181812,65.36193237304687,60.943643760681155,67.73011482238769,1.137031797966608,1.0231026629965028,0.03808055036276751,0.04313120039341483,69.0903678372783,0.4882508998433861,229024800.0,0.8514134713795187,0
2020-04-15,68.66239929199219,69.12106449233013,67.7450688913163,68.17235045630129,131154400.0,-0.009127106111278982,0.0505028354250594,0.01962760466756608,0.0072162431989888365,66.5689483642578,61.3246992111206,67.61665885925294,1.119653258397735,1.0154657217671166,0.03844796239217775,0.04252090345090251,68.27278968973565,-0.3273953972105923,219379720.0,0.5978419518449564,1
2020-04-16,69.20796966552734,69.57249130619873,68.16027936470277,69.37453866907585,157125200.0,0.007945693409504573,-0.009127106111278982,0.0505028354250594,0.01962760466756608,67.56449584960937,61.80774765014648,67.4650333404541,1.1197296827133827,1.0258346618799954,0.031249107567057822,0.041881169020245204,64.74274964448773,0.19801699371122883,212224300.0,0.7403732748794554,0
2020-04-17,68.26890563964844,69.27073604048029,66.83496828577375,68.72516178272222,215250000.0,-0.013568726700368128,0.007945693409504573,-0.009127106111278982,0.0505028354250594,68.27953033447265,62.26665573120117,67.28210289001464,1.0963958934033389,1.0146666454710387,0.0328130214077145,0.042020711200388916,69.69666355298324,0.36992665721348317,209393940.0,1.0279667119306317,0
2020-04-20,66.85189056396484,67.99855755048588,66.83258151937916,67.09812692651032,130015200.0,-0.020756376016384137,-0.013568726700368128,0.007945693409504573,-0.009127106111278982,68.45720520019532,62.84228343963623,67.05272193908691,1.0638042875730331,0.9970048736380231,0.03350182510348157,0.03918159797418574,62.59689430675697,-0.39598048780487805,195810040.0,0.6639863819036042,0
2020-04-21,64.78546142578125,66.92912586019385,64.07573448825138,66.69496415132106,180991600.0,-0.030910556466707595,-0.020756376016384137,-0.013568726700368128,0.007945693409504573,67.55532531738281,63.3733715057373,66.80330390930176,1.02228207031586,0.9697942711597002,0.024566708397458045,0.03964679794237016,57.345580694412845,0.3920803106098363,188021980.0,0.9626087332980963,1
2020-04-22,66.65150451660156,67.08602784822331,65.71003238672124,66.05040482183006,116862400.0,0.02880342363476207,-0.030910556466707595,-0.020756376016384137,-0.013568726700368128,67.15314636230468,63.72606163024902,66.5838680267334,1.0459065382594412,1.0010158089620298,0.025304012080524206,0.03384534133676482,69.50886826470058,-0.354321416021517,179488540.0,0.651085579057025,0
2020-04-23,66.39319610595703,68.01542772017612,66.35457066668404,66.59597413685326,124814400.0,-0.0038755075750794843,0.02880342363476207,-0.030910556466707595,-0.020756376016384137,66.59019165039062,64.08225212097167,66.36863212585449,1.036062153068885,1.0003701143042387,0.02454196420130371,0.03381770143042211,67.25128551420931,0.06804583852462387,170549160.0,0.7318382570749689,1
2020-04-24,68.30995178222656,68.31960998543786,66.86877252729914,66.91705617630512,126161200.0,0.028869760588277504,-0.0038755075750794843,0.02880342363476207,-0.030910556466707595,66.59840087890625,64.37833366394042,66.15508628845215,1.0610705169663053,1.0325729375422272,0.025819857069495706,0.03249368748419998,72.6707505935302,0.010790421618018353,164252860.0,0.7680913440411327,1
2020-04-27,68.35823059082031,68.68895219864656,67.58091104598891,68.02750161594408,117087600.0,0.0007067609818796061,0.028869760588277504,-0.0038755075750794843,0.02880342363476207,66.89966888427735,64.80598011016846,65.9537557220459,1.0548136217462203,1.0364569817510891,0.025379505036995313,0.030637362955178223,64.61864600656506,-0.07192068559905895,159896400.0,0.7322716458907143,0
2020-04-28,67.25019836425781,69.00037411858965,67.15847120269908,68.81932145434843,112004800.0,-0.016209199930802387,0.0007067609818796061,0.028869760588277504,-0.0038755075750794843,67.39261627197266,65.09288864135742,65.72987815856933,1.033142018551159,1.0231298193193177,0.01994189299652548,0.030626665703694638,63.234316396984504,-0.04341023302211333,157097820.0,0.7129621531349066,1
2020-04-29,69.45903015136719,69.92735352024151,68.53204161617626,68.73481966758834,137280800.0,0.03284498545484338,-0.016209199930802387,0.0007067609818796061,0.028869760588277504,67.95412139892578,65.49651489257812,65.57890449523926,1.0604996352139966,1.0591672838391133,0.022692391438974415,0.031198261885944188,64.46703765044919,0.22566889990428973,154111760.0,0.8907873091579773,1
2020-04-30,70.92434692382812,71.10057413486881,69.60870223992275,69.99735834734561,183064000.0,0.021096130614949304,0.03284498545484338,-0.016209199930802387,0.0007067609818796061,68.8603515625,66.1349063873291,65.43493141174316,1.0724192532828116,1.0838912090782724,0.023482129276635705,0.02802026674083231,66.33339560082193,0.33350038752687916,154454040.0,1.1852328369008671,0
2020-05-01,69.78251647949219,72.17965163700352,69.00519685948858,69.1017567929507,240616800.0,-0.016099273294151728,0.021096130614949304,0.03284498545484338,-0.016209199930802387,69.15486450195313,66.66768417358398,65.28415061950683,1.046721771492738,1.0689044096813485,0.023689647882445798,0.028582616373719075,60.07902718915463,0.31438622558231,158188180.0,1.5210795142848221,1
2020-05-04,70.76986694335938,70.89781053260225,69.11866751411011,69.80666911806027,133568000.0,0.014148966154829745,-0.016099273294151728,0.021096130614949304,0.03284498545484338,69.63719177246094,67.292315864563,65.188120803833,1.0516782790741743,1.0856252039589116,0.02242888707827758,0.028078132634026778,54.442444819859155,-0.4448932909090304,158372580.0,0.8433783171304022,1
2020-05-05,71.83203887939453,72.66246767070962,71.08368641004002,71.2285300116976,147751200.0,0.015008816349552534,0.014148966154829745,-0.016099273294151728,0.021096130614949304,70.55355987548828,67.71585845947266,65.18512763977051,1.0607860627268777,1.1019697510812057,0.01838218011944535,0.021515820606622483,59.30550148793591,0.10618711068519415,155669120.0,0.9491362191807855,1
2020-05-06,72.57312774658203,73.2031872790944,72.14825527383692,72.53208591439893,142333600.0,0.010316968288089257,0.015008816349552534,0.014148966154829745,-0.016099273294151728,71.17637939453125,68.21314888000488,65.24571998596191,1.0639169857742072,1.1123048034751806,0.01723392774112961,0.021099741952194693,59.767378208381714,-0.036667045682200916,152641440.0,0.9324702387503682,1
2020-05-07,73.32389068603516,73.66910326152602,72.89660917840814,73.19836352852457,115215200.0,0.010344916400388815,0.010316968288089257,0.015008816349552534,0.014148966154829745,71.65628814697266,68.66783180236817,65.29926277160645,1.0678055322478728,1.1228900231614558,0.016659863967722118,0.02068701170542427,64.83425598672417,-0.19052704350905192,149957440.0,0.7683193311382216,1
2020-05-08,75.06913757324219,75.12239040799929,73.65552559886389,73.98230402182824,133838400.0,0.02380188600029398,0.010344916400388815,0.010316968288089257,0.015008816349552534,72.71361236572265,69.18660202026368,65.48007194519043,1.08502420094653,1.1464425029355223,0.016092987644524805,0.02103225995942667,73.65839943240103,0.16163839493400167,148557620.0,0.9009191181172665,1
2020-05-11,76.25037384033203,76.74416477518758,74.36958632362644,74.57775917368724,145946400.0,0.01573531154447272,0.02380188600029398,0.010344916400388815,0.010316968288089257,73.8097137451172,69.7009449005127,65.68527809143066,1.0939647080705668,1.1608441960799083,0.01587080558108967,0.020933602664632324,84.78167381173587,0.09046730983036255,149303800.0,0.9775129635012638,0
2020-05-12,75.37895202636719,77.38318317958411,75.25792355724299,76.93295343320654,162301200.0,-0.011428426774530931,0.01573531154447272,0.02380188600029398,0.010344916400388815,74.51909637451172,70.00514945983886,65.750181350708,1.0767629611248986,1.1464447774569597,0.0150052001852174,0.018695289579588086,78.17735572432439,0.11206031803456606,147669120.0,1.0990869316482688,0
2020-05-13,74.46883392333984,76.47791143801962,73.39410026175051,75.55809041384309,200622400.0,-0.012073902310408724,-0.011428426774530931,0.01573531154447272,0.02380188600029398,74.89823760986329,70.29547119140625,65.8427010345459,1.059368870585845,1.1310112245284112,0.014650271679175004,0.018818569046762094,75.0198789957727,0.2361116245597692,151142520.0,1.3273723370498256,1
2020-05-14,74.92633819580078,74.98685245577319,72.98745894244641,73.70879158063562,158929200.0,0.006143567024722074,-0.012073902310408724,-0.011428426774530931,0.01573531154447272,75.2187271118164,70.58138961791992,65.8795777130127,1.0615594082434687,1.1373226847658002,0.013799737949659486,0.018804175873480614,72.53661713350772,-0.2078192664428299,151232720.0,1.0508916324456772,0
2020-05-15,74.48335266113281,74.52934407916516,72.66792527667609,72.70181680027588,166348400.0,-0.0059122805856378635,0.006143567024722074,-0.012073902310408724,-0.011428426774530931,75.10157012939453,70.89211196899414,65.95500648498535,1.050657831913787,1.1293055164521733,0.012317096036378327,0.018500050726265302,70.31698085704481,0.04668242210997109,148787640.0,1.1180256639597215,1
2020-05-18,76.2382583618164,76.611028150083,75.11511790410643,75.80498172029709,135178400.0,0.02356104603222753,-0.0059122805856378635,0.006143567024722074,-0.012073902310408724,75.09914703369141,71.36143035888672,66.08431465148925,1.068339829770836,1.1536513431950728,0.013279339038883025,0.017958371447733042,78.58657360427031,-0.18737781667872966,149045800.0,0.9069588005834448,0
2020-05-19,75.79773712158203,77.0999976554672,75.76626852775506,76.25522103808397,101729600.0,-0.0057782175209685205,0.02356104603222753,-0.0059122805856378635,0.006143567024722074,75.18290405273437,71.91204414367675,66.31518165588379,1.0540339664123837,1.1429922263487746,0.013604967428828333,0.015952122757690347,72.71537207652983,-0.24744189900161562,145082700.0,0.7011835318752684,1
2020-05-20,77.27183532714844,77.34202651721908,76.61585573751951,76.6545857322091,111504800.0,0.01944778645834644,-0.0057782175209685205,0.02356104603222753,-0.0059122805856378635,75.74350433349609,72.4430606842041,66.48297676086426,1.0666561379011037,1.1622800165084535,0.014257102052319812,0.015438899151783828,72.73253373903236,0.09609002689482704,144814820.0,0.7699819673152237,0
2020-05-21,76.69574737548828,77.67365953830173,76.45852890117943,77.1338698714014,102688800.0,-0.007455341900721724,0.01944778645834644,-0.0057782175209685205,0.02356104603222753,76.09738616943359,72.95818824768067,66.68709648132324,1.0512287820952904,1.150083770658213,0.014808196827479444,0.015598050779526723,75.80430294314476,-0.07906386092796003,143708540.0,0.7145629619506259,1
2020-05-22,77.18952941894531,77.27182787960697,76.33264591312964,76.43430567577444,81803200.0,0.006438193255221325,-0.007455341900721724,0.01944778645834644,-0.0057782175209685205,76.6386215209961,73.4021671295166,67.03241546630859,1.051597417862963,1.1515254057604687,0.013242208836955352,0.014753081235074716,74.87868713640142,-0.20338732169428408,141490640.0,0.5781527315163745,0
2020-05-26,76.66670989990234,78.48455279572174,76.61103413521022,78.30543299444078,125522000.0,-0.006773192205970946,0.006438193255221325,-0.007455341900721724,0.01944778645834644,76.72431182861328,73.81759109497071,67.22369094848632,1.03859674587953,1.1404715929485667,0.012714454876442606,0.01499337223325063,69.55365011342963,0.5344387505623251,141912360.0,0.8845036471805556,1
2020-05-27,77.00074768066406,77.14598335609439,75.78562421645006,76.52390248864035,112945200.0,0.004357012074704292,-0.006773192205970946,0.006438193255221325,-0.007455341900721724,76.96491394042968,74.30511856079102,67.59429908752442,1.0362778388903005,1.1391603836435926,0.012013400239026506,0.014077546135996821,68.51704014268986,-0.10019598158091814,141959380.0,0.7956163234863382,1
2020-05-28,77.03463745117188,78.29091382648822,76.4004493161322,76.67639044487011,133560800.0,0.0004401226160601901,0.004357012074704292,-0.006773192205970946,0.006438193255221325,76.91747436523437,74.68389892578125,67.91416603088379,1.0314758409670968,1.1342940943446258,0.010968147409284043,0.012733217015015437,66.50885597658771,0.18252745579272078,141773380.0,0.9420724821542662,0
2020-05-29,76.95958709716797,77.73658783652532,76.60376308600569,77.27668110998019,153532400.0,-0.0009742416721501002,0.0004401226160601901,0.004357012074704292,-0.006773192205970946,76.97024230957031,74.98566093444825,68.26241775512695,1.0263240483329914,1.1274078713889064,0.011004595227404972,0.012235741872808707,59.8785479011001,0.14953189858102078,140296800.0,1.0943399992016924,1
2020-06-01,77.90604400634766,78.02707250180976,76.78289602270274,76.91360886615988,80791200.0,0.012298102742998251,-0.0009742416721501002,0.0004401226160601901,0.004357012074704292,77.11354522705078,75.39183731079102,68.63872375488282,1.033348526647417,1.135015917320368,0.010921042291694964,0.011378379862779592,58.869332932260015,-0.47378403516130796,132305520.0,0.6106411886669582,1
2020-06-02,78.26670837402344,78.29091555107586,77.1992361328535,77.6397816394303,87642800.0,0.004629478653111807,0.012298102742998251,-0.0009742416721501002,0.0004401226160601901,77.433544921875,75.76667938232421,69.097271194458,1.0329964175819808,1.1327033183953128,0.008669233535761097,0.011198856014483163,66.36507966704657,0.08480626602897345,130009260.0,0.6741273660045446,1
2020-06-03,78.69757843017578,78.95900415271024,78.01497584988421,78.58623426753769,104491200.0,0.005505151105796857,0.004629478653111807,0.012298102742998251,-0.0009742416721501002,77.77291107177734,76.10995635986328,69.58794876098632,1.033998470030356,1.1309081504971255,0.008168322220982864,0.010955551197937455,75.34102276655005,0.1922394081430534,127846260.0,0.8173191769551961,0
2020-06-04,78.01981353759766,78.81859867793425,77.64704369151033,78.52087329742372,87560400.0,-0.008612271255328041,0.005505151105796857,0.004629478653111807,0.012298102742998251,77.9699462890625,76.38229064941406,69.95639099121094,1.0214385150571046,1.115263558227293,0.006916004932972759,0.011252142692561942,68.06106413230562,-0.16203086958518997,125107600.0,0.6998807426567211,1
2020-06-05,80.24188232421875,80.30239656428226,78.24007392223491,78.26911957554665,137250400.0,0.028480826675524984,-0.008612271255328041,0.005505151105796857,0.004629478653111807,78.62640533447265,76.72819023132324,70.37584091186524,1.0457940175873077,1.1401907427963693,0.010467403116144382,0.012480819332283387,77.83776407411779,0.5674939812974815,126209360.0,1.0874819427021893,1
2020-06-08,80.71630096435547,80.75019247995644,79.23007527095147,79.9393002955481,95654400.0,0.005912356819096409,0.028480826675524984,-0.008612271255328041,0.005505151105796857,79.18845672607422,77.0105484008789,70.74240051269531,1.0481200645940898,1.1409890020606561,0.010458341999390518,0.011644631095877829,74.70635874744495,-0.3030665120101653,124300160.0,0.7695436594771882,1
2020-06-09,83.26519012451172,83.6573213064147,80.3653518160227,80.39682040985336,147712400.0,0.031578369297198705,0.005912356819096409,0.028480826675524984,-0.008612271255328041,80.18815307617187,77.3612892150879,71.21159828186035,1.0763159581403716,1.1692644475544902,0.012655439357817409,0.012970105722572067,83.42369033569368,0.5442300615549311,124388460.0,1.1875088734115689,1
2020-06-10,85.40738677978516,85.87455499385788,83.77350211039672,84.21162466782144,166651600.0,0.025727397632432814,0.031578369297198705,0.005912356819096409,0.028480826675524984,81.53011474609374,77.86271095275879,71.68950546264648,1.0968971634137412,1.1913513174433366,0.013667930203573198,0.013228579754486092,84.35912489101092,0.1282167238498595,124605980.0,1.3374285889007895,0
2020-06-11,81.30693054199219,84.97651490391192,81.20527075656385,84.55291522831224,201662400.0,-0.04801055731122661,0.025727397632432814,0.031578369297198705,0.005912356819096409,82.18753814697266,78.20461578369141,72.08791397094727,1.039669202734549,1.1278857448248585,0.023018605212193476,0.017585510224377102,65.00707401821616,0.21008379157475843,124657980.0,1.617725555957188,1
2020-06-12,82.00889587402344,84.18740853476542,80.90027823694467,83.44187634114364,200146000.0,0.008633523948720523,-0.04801055731122661,0.025727397632432814,0.031578369297198705,82.54094085693359,78.55874366760254,72.56496154785157,1.0439181184085526,1.13014455082353,0.022911494166598396,0.01760618629498915,65.47491075426973,-0.007519497933179409,126718820.0,1.5794496823755146,1
2020-06-15,83.02313232421875,83.67426627857331,80.50331793854433,80.66549938713932,138808800.0,0.012367395504913503,0.008633523948720523,-0.04801055731122661,0.025727397632432814,83.00230712890625,78.98573265075683,73.04288497924804,1.0511155564171784,1.1366354484465688,0.022913414574700933,0.017501827789282647,69.78595567123665,-0.3064622825337504,125341840.0,1.1074418566059028,1
2020-06-16,85.22341918945312,85.49452921505798,83.44188334314991,85.07334504214955,165428800.0,0.02650209409880966,0.012367395504913503,0.008633523948720523,-0.04801055731122661,83.39395294189453,79.43499069213867,73.58180870056152,1.0728700091342405,1.158213160215546,0.023731517748346528,0.01767230690785597,72.93093074180709,0.1917745848966348,126854360.0,1.3040844634744915,0
2020-06-17,85.10479736328125,86.02703369979835,84.9837688951085,85.96651946571197,114406400.0,-0.0013918923612790124,0.02650209409880966,0.012367395504913503,0.008633523948720523,83.33343505859375,79.90034370422363,74.01668090820313,1.0651368119056353,1.1498056427149146,0.023937516805037775,0.01754868189089678,72.39975537074716,-0.30842513516388925,127488200.0,0.8973881504327459,1
2020-06-18,85.13870239257812,85.55504068464955,84.53113702208627,85.06124238777585,96820400.0,0.00039839151666321015,-0.0013918923612790124,0.02650209409880966,0.012367395504913503,84.09978942871093,80.29368705749512,74.46690856933594,1.0603411739158732,1.14330920979895,0.02340133072828015,0.017292903508879603,72.75414722648723,-0.15371517677332736,126753980.0,0.7638450484947297,0
2020-06-19,84.65216064453125,86.30782937031772,83.54595856056092,85.84308414219812,264476000.0,-0.0057146953661968425,0.00039839151666321015,-0.0013918923612790124,0.02650209409880966,84.6284423828125,80.69150772094727,74.87534713745117,1.0490838879511457,1.1305745332857349,0.02273040131690625,0.017231175117624644,69.26043662917364,1.7316144118388275,134843340.0,1.9613575279283353,1
2020-06-22,86.86698913574219,87.00980187063504,84.99830891368086,85.0443003318489,135445200.0,0.02616387431044287,-0.0057146953661968425,0.00039839151666321015,-0.0013918923612790124,85.39721374511718,81.17538070678711,75.31881225585937,1.070114958247177,1.1533239377255904,0.023645045534653616,0.017865295066707372,72.2033832871508,-0.48787337981518175,137525440.0,0.9848737804438219,1
2020-06-23,88.72116088867188,90.1371959593026,87.68999560053155,88.10875691220691,212155600.0,0.021344952454059207,0.02616387431044287,-0.0057146953661968425,0.00039839151666321015,86.09676208496094,81.77810325622559,75.77396514892578,1.0849011820522718,1.1708660186160211,0.02269557593284821,0.017907249334382744,74.10633192331983,0.5663574641257128,141857120.0,1.4955583477233994,0
2020-06-24,87.15503692626953,89.26819705246864,86.78226710315806,88.35079901624333,192623200.0,-0.0176522032254236,0.021344952454059207,0.02616387431044287,-0.0057146953661968425,86.50680999755859,82.28581771850585,76.13116867065429,1.0591744646011898,1.1448009855635453,0.022779408995379096,0.018765105069484752,71.06957239064823,-0.0920663890088218,145841020.0,1.3207751838268822,1
2020-06-25,88.31204986572266,88.35077986114183,86.55229863575047,87.30993801209478,137522400.0,0.013275342197742734,-0.0176522032254236,0.021344952454059207,0.02616387431044287,87.1414794921875,82.8496883392334,76.5241616821289,1.0659309846057992,1.1540413893399977,0.014484569697257331,0.018770703737196207,69.57480977085154,-0.2860548469758575,146039100.0,0.9416820563807912,0
2020-06-26,85.5986099243164,88.42825657527817,85.45095132716905,88.20798383985682,205256800.0,-0.030725591190919,0.013275342197742734,-0.0176522032254236,0.021344952454059207,87.33076934814453,83.28163948059083,76.85197448730469,1.027820903360885,1.1138114602176759,0.01904232665910931,0.020533918451162873,60.68213822376446,0.4925335799840609,148625320.0,1.3810352098821386,1
2020-06-29,87.57137298583984,87.6657787527797,85.02977472321102,85.50662726415537,130646000.0,0.023046671707259048,-0.030725591190919,0.013275342197742734,-0.0176522032254236,87.47164611816406,83.76490592956543,77.23802383422851,1.0454422650396709,1.1337857785407508,0.019818884555993132,0.020858326665582197,59.66528211212152,-0.3634997719929376,151118060.0,0.8645293620100735,1
2020-06-30,88.3023910522461,88.58802392767775,87.14052040168764,87.15988171149978,140223200.0,0.008347683055334176,0.023046671707259048,-0.030725591190919,0.013275342197742734,87.38789215087891,84.26669006347656,77.66703384399415,1.047892007930174,1.1369352823440464,0.018469354102577468,0.02086135400345486,56.93734171985026,0.07330649235338238,153747080.0,0.912038134317738,0
2020-07-01,88.1353759765625,88.92206127344404,88.08696900587378,88.37985592496987,110737200.0,-0.0018913992440451333,0.008347683055334176,0.023046671707259048,-0.030725591190919,87.5839599609375,84.7385799407959,78.13403213500976,1.0400855907443791,1.1280024026441022,0.01848535167776624,0.020940829729867987,70.16440304203755,-0.21027904084345528,154059380.0,0.7187955709025962,0
2020-07-02,88.1353759765625,89.67486242954287,88.02161627129679,89.04067423366814,114041600.0,0.0,-0.0018913992440451333,0.008347683055334176,0.023046671707259048,87.54862518310547,85.24435806274414,78.56370956420898,1.033914478090039,1.1218331780086166,0.01849358784587621,0.02071426320958643,68.87397792688739,0.02984001762731947,155383440.0,0.7339366408672636,1
2020-07-06,90.49299621582033,90.96016437699369,89.5296068531223,89.56107543992535,118655600.0,0.026749987880970494,0.0,-0.0018913992440451333,0.008347683055334176,88.52750244140626,85.75691375732421,79.04570556640626,1.0552268295463423,1.1448186282529569,0.01949533903054455,0.02062020520421645,71.25338742210343,0.04045892025366182,154453700.0,0.7682276306750826,0
2020-07-07,90.21219635009766,91.64759214853022,90.10085223248505,90.87059148435713,112424400.0,-0.0031030010880950254,0.026749987880970494,0.0,-0.0018913992440451333,89.05566711425782,86.23170852661133,79.48375045776368,1.0461603729242817,1.1349765937131375,0.01844489761772441,0.02072585493778396,65.93465293357043,-0.05251500982675916,155292200.0,0.7239539397342558,1
2020-07-08,92.3132781982422,92.34474679060094,91.10057024745561,91.1877146099101,117092000.0,0.023290441128277273,-0.0031030010880950254,0.026749987880970494,0.0,89.85784454345705,86.68411293029786,79.9628514099121,1.0649388345528865,1.1544520558054931,0.01865791426671154,0.020260570739360138,70.43646296030329,0.0415176776571633,153761180.0,0.7615186095736258,1
2020-07-09,92.71025848388672,93.25730230757911,91.66457041968785,93.20404946948581,125642800.0,0.00430035952999086,0.023290441128277273,-0.0031030010880950254,0.026749987880970494,90.77282104492188,87.04925651550293,80.4720526123047,1.0650321690843574,1.1520802001974872,0.017030255721365965,0.019685687157420927,71.03280452794291,0.07302633826392912,151710740.0,0.8281734042032884,1
2020-07-10,92.87242126464844,92.93051996359854,91.69602787555728,92.30600881208682,90257200.0,0.001749135245803446,0.00430035952999086,0.023290441128277273,-0.0031030010880950254,91.72023010253908,87.62753105163574,80.94032043457031,1.0598543648333771,1.1474185024968324,0.016897421810967594,0.015406170869207321,73.25389562740101,-0.2816365123986412,146140480.0,0.6176057448285376,0
2020-07-13,92.44397735595705,96.77921853086478,92.23096604261153,94.17468319640058,191649200.0,-0.004613252275080693,0.001749135245803446,0.00430035952999086,0.023290441128277273,92.11042633056641,88.14928512573242,81.37071304321289,1.0487206699872706,1.1360841499184549,0.012057285356773008,0.015605952553701997,67.55024477144664,1.1233674432621443,145715640.0,1.315227383965098,1
2020-07-14,93.97380065917967,94.1650203886337,90.89483503243176,91.82674866099546,170989200.0,0.016548653000205915,-0.004613252275080693,0.001749135245803446,0.00430035952999086,92.86274719238281,88.69681854248047,81.85453872680664,1.0594946042418854,1.1480585208942615,0.011294533292407939,0.015721596834893783,66.87401533889985,-0.10780112831151922,147324660.0,1.1606285057776478,1
2020-07-15,94.6200714111328,96.09419752364778,93.42430934647335,95.84487913129125,153198000.0,0.006877137536418276,0.016548653000205915,-0.004613252275080693,0.001749135245803446,93.32410583496093,89.16665115356446,82.33154281616211,1.0611598639964213,1.1492566296541984,0.01128660167697708,0.014991897305141283,75.48762031284593,-0.10404867675853213,146713120.0,1.044201091218018,0
2020-07-16,93.4557876586914,94.31024858615012,92.85790656415841,93.49451766571708,110577600.0,-0.012304828511304655,0.006877137536418276,0.016548653000205915,-0.004613252275080693,93.47321166992188,89.58420066833496,82.76401779174805,1.043217296816546,1.1291837945065226,0.012601015790577338,0.015442028447418226,67.55337872599236,-0.2782046763012572,146521680.0,0.7546842214749381,0
2020-07-17,93.26698303222656,94.06092970486094,92.79496892260524,93.90601706451432,92186800.0,-0.002020256114627972,-0.012304828511304655,0.006877137536418276,0.016548653000205915,93.5521240234375,89.99061470031738,83.17789489746093,1.0364078892317825,1.12129530504713,0.012722607004327337,0.015487752468183005,81.61676582664323,-0.1663157818581702,146290000.0,0.6301647412673457,1
2020-07-20,95.23248291015624,95.37045717183655,93.01040144233045,93.35412562962276,90318000.0,0.021073908622631476,-0.002020256114627972,-0.012304828511304655,0.006877137536418276,94.10982513427733,90.51963081359864,83.61606674194336,1.0520644202168972,1.1389256469580609,0.011772634791398088,0.015698111294152862,81.60574908077537,-0.020271882742431635,137582100.0,0.6564662118109841,0
2020-07-21,93.9181137084961,96.09662665534265,93.66879530005893,96.02158957813295,103433200.0,-0.013801689943337303,0.021073908622631476,-0.002020256114627972,-0.012304828511304655,94.09868774414062,90.87218704223633,83.99304626464844,1.0335188000355273,1.118165346838063,0.013028178764711835,0.015542259761211062,72.10365231095223,0.14521136429061765,135981500.0,0.760641704937804,1
2020-07-22,94.18195343017578,94.86213298167614,93.53324246932021,93.62037944003524,89001600.0,0.0028092527762919595,-0.013801689943337303,0.021073908622631476,-0.002020256114627972,94.01106414794921,91.14522666931153,84.3516778564453,1.0333174525077649,1.1165391824269366,0.01115274797394562,0.014998208449022808,73.61947978177524,-0.13952580022661965,129823800.0,0.6855568855633559,0
2020-07-23,89.89513397216797,93.99315739757402,89.08666444146189,93.91569738113668,197004400.0,-0.04551635745361726,0.0028092527762919595,-0.013801689943337303,0.021073908622631476,93.29893341064454,91.28223152160645,84.64200149536133,0.9848042984235091,1.0620629520096418,0.018648674836511815,0.018017437418893445,55.14946635583751,1.2134927911408333,130042860.0,1.5149190043959353,0
2020-07-24,89.67241668701172,90.016140810345,86.31266499943915,88.0966309470678,185438800.0,-0.0024775232575459105,-0.04551635745361726,0.0028092527762919595,-0.013801689943337303,92.58002014160157,91.35024986267089,84.94607315063476,0.9816329656658684,1.0556393410675469,0.018578863723885754,0.01782832418737682,47.25593499253735,-0.058707318212182114,132438680.0,1.4001861087712442,1
2020-07-27,91.79768371582033,91.88966654711753,90.50994623863684,90.7326345162056,121214000.0,0.02370034295190826,-0.0024775232575459105,-0.04551635745361726,0.0028092527762919595,91.89306030273437,91.66020355224609,85.28350006103516,1.001499889354881,1.0763826959508362,0.020429015096273605,0.016872361993554717,54.71973393085642,-0.34633960098965266,128236540.0,0.945237605443815,0
2020-07-28,90.2896728515625,91.54594911832494,90.2848269844815,91.36924487069622,103625600.0,-0.016427548095071742,0.02370034295190826,-0.0024775232575459105,-0.04551635745361726,91.16737213134766,91.79611854553222,85.59962646484375,0.9835892223131144,1.0547905006179552,0.02002680067371714,0.016791124147177275,43.75557374100543,-0.14510205091821082,126885520.0,0.8166857810095274,1
2020-07-29,92.02037811279295,92.20434377285328,90.73505619988047,90.7713632677891,90329200.0,0.01916836340824668,-0.016427548095071742,0.02370034295190826,-0.0024775232575459105,90.7350570678711,91.98201789855958,85.91526885986327,1.0004170403640815,1.0710596537023906,0.021103730536375685,0.017187449464995303,48.03307387240643,-0.12831192292252103,124390820.0,0.7261725583929747,1
2020-07-30,93.13385772705078,93.2379404686909,90.78832470426487,91.19497870904048,158130000.0,0.012100359041048447,0.01916836340824668,-0.016427548095071742,0.02370034295190826,91.38280181884765,92.23194198608398,86.26199127197266,1.0097787786047363,1.0796627385219062,0.02126465097821364,0.017296322601305033,50.707030858295475,0.7505967062699548,126760460.0,1.2474710173819186,1
2020-07-31,102.88390350341795,103.03397765297315,97.62157959922047,99.61613418906329,374336800.0,0.10468852052646449,0.012100359041048447,0.01916836340824668,-0.016427548095071742,94.02509918212891,92.96936836242676,86.77423263549805,1.1066430300175958,1.1856503984954823,0.039322437144238644,0.02855052581948159,68.77013659966903,1.3672724973123378,139775220.0,2.678134221502209,1
2020-08-03,105.47632598876952,108.09053834247213,104.4645296144692,104.7622549635953,308151200.0,0.02519755177509797,0.10468852052646449,0.012100359041048447,0.01916836340824668,96.76082763671874,93.71853485107422,87.34984420776367,1.125458546235057,1.2075159028090718,0.03946663098340039,0.02849933022884208,69.91949277834343,-0.17680762350909662,149250000.0,2.0646646566164155,1
2020-08-04,106.18073272705078,107.26998931138203,104.94381752005107,105.66515009521494,173071600.0,0.006678339728635185,0.02519755177509797,0.10468852052646449,0.012100359041048447,99.93903961181641,94.51696166992187,87.92966827392578,1.1234039991452738,1.2075643501379736,0.03856082203891233,0.028381330597463443,69.97993935128186,-0.4383549374462926,152282360.0,1.1365177161688327,1
2020-08-05,106.5655746459961,106.88509160009556,105.43758834706337,105.9023409518437,121776800.0,0.003624404438181683,0.006678339728635185,0.02519755177509797,0.10468852052646449,102.84807891845703,95.22957649230958,88.52764556884766,1.1190386282417415,1.2037547588806075,0.038537758991881034,0.028183779359889402,73.2845723850207,-0.2963790708585349,152516600.0,0.798449480253297,1
2020-08-06,110.28357696533205,110.77737527223312,106.30900549573542,106.89720218347466,202428800.0,0.03488933768420921,0.003624404438181683,0.006678339728635185,0.02519755177509797,106.27802276611328,96.10824241638184,89.19330215454102,1.1474934323274442,1.2364558134000792,0.0329360630489875,0.02881994227659693,76.85663554503319,0.6622936388540346,156355900.0,1.2946668465980498,0
2020-08-07,107.77619934082033,110.26175680038186,106.98082124977309,109.80586800423681,198045600.0,-0.022735729956418815,0.03488933768420921,0.003624404438181683,0.006678339728635185,107.25648193359375,96.85343132019042,89.80813339233399,1.1127762627688431,1.2000717002990298,0.035100279042918514,0.029656416685506694,69.46433738169013,-0.021653045416462513,161745320.0,1.224428626435683,1
2020-08-10,109.34270477294922,110.35875275642206,106.69710077257369,109.21903076531765,212403600.0,0.014534799350041538,-0.022735729956418815,0.03488933768420921,0.003624404438181683,108.02975769042969,97.69836769104003,90.45579574584961,1.119186608303765,1.2087971132349051,0.03508613327690068,0.029540962269500225,73.74881651313639,0.07249845490129547,162783040.0,1.304826350460097,0
2020-08-11,106.09087371826172,109.10506522291367,105.83140397675015,108.60795666047292,187902400.0,-0.02973980807809673,0.014534799350041538,-0.022735729956418815,0.03488933768420921,108.01178588867188,98.30422134399414,91.0194923400879,1.0792097457037972,1.165584107213658,0.03675748973981036,0.03069515182830004,66.79089578351044,-0.11535209384398382,163628700.0,1.1483462253259973,1
2020-08-12,109.61673736572266,109.8737798216829,106.98568204543375,107.17967383850515,165598000.0,0.0332343727965172,-0.02973980807809673,0.014534799350041538,-0.022735729956418815,108.62201843261718,99.05405464172364,91.64649291992187,1.1066355411921704,1.1960821835430482,0.03712377064446987,0.03127186742582595,78.41608638833237,-0.11870204957467279,164248700.0,1.0082149813057881,1
2020-08-13,111.55667114257812,112.55817011651827,110.50667052619417,110.99408465160128,210082000.0,0.017697423071288076,0.0332343727965172,-0.02973980807809673,0.014534799350041538,108.8766372680664,99.95909881591797,92.30367477416992,1.1160231781202623,1.2085832055496444,0.03706294172709416,0.03097315022760991,80.0453590270057,0.2686264326863852,169223920.0,1.2414438809832558,0
2020-08-14,111.457275390625,111.54699679095017,109.65069606942879,111.38210300655183,165565200.0,-0.0008909888663322096,0.017697423071288076,0.0332343727965172,-0.02973980807809673,109.61285247802735,100.8686134338379,92.97242401123047,1.1049747944015555,1.1988207963380806,0.021757783049134154,0.030952384813572726,78.58095145982549,-0.21190201921154594,172892840.0,0.9576174467375282,0
2020-08-17,111.16626739501952,112.60183183496459,110.5406375676734,112.577581010581,119561600.0,-0.0026109376403252726,-0.0008909888663322096,0.017697423071288076,0.0332343727965172,109.97756500244141,101.66530265808106,93.59091171264649,1.0934533659816263,1.1877891278197492,0.021118612331143698,0.030934931657088934,81.46357033967038,-0.2778579073380155,174355020.0,0.6857364932767637,1
2020-08-18,112.09256744384766,112.5169308684593,110.58425829007268,110.91890034610189,105633600.0,0.008332564100012485,-0.0026109376403252726,-0.0008909888663322096,0.017697423071288076,111.17790374755859,102.57402534484864,94.21843704223633,1.0927968076420729,1.189709476857472,0.021135617225109,0.030499012735492635,81.00295405169848,-0.11649225169285127,174465040.0,0.6054714457406482,1
2020-08-19,112.23322296142578,113.64453639963617,112.13865437861999,112.49996719549999,145538000.0,0.0012548157365437351,0.008332564100012485,-0.0026109376403252726,-0.0008909888663322096,111.70120086669922,103.47658882141113,94.7977976989746,1.084624302363964,1.1839222607028956,0.02117389368032712,0.030518432794049023,80.41436762114513,0.37776237863710027,177291860.0,0.8208949920205022,1
2020-08-20,114.72364044189452,114.837612647254,112.25747906222769,112.27445537799255,126907200.0,0.022189663762259393,0.0012548157365437351,0.008332564100012485,-0.0026109376403252726,112.3345947265625,104.71801414489747,95.3841227722168,1.0955482815320805,1.2027540549475062,0.019525085913439995,0.02775552234070951,74.524122123604,-0.12801330236776653,173787000.0,0.730245645531599,1
2020-08-21,120.6356201171875,121.11817961837231,115.6693525872738,115.6814742972318,338054800.0,0.051532357694727304,0.022189663762259393,0.0012548157365437351,0.008332564100012485,114.170263671875,106.26617431640625,96.1706965637207,1.135221258252851,1.254390624458635,0.02212390471441167,0.028816433039185903,77.60399083867571,1.6637952771789148,181417800.0,1.863404803718268,1
2020-08-24,122.07846069335938,124.91806397068724,120.2161130032418,124.83318239328597,345937600.0,0.011960319636689976,0.051532357694727304,0.022189663762259393,0.0012548157365437351,116.35270233154297,107.7802131652832,96.97208786010742,1.132661154660638,1.2589030863135644,0.02210032332619974,0.028756268622395276,78.19050708758054,0.02331811292133712,192653980.0,1.7956421144271195,0
2020-08-25,121.07698059082033,121.42132455723713,119.35770286204193,120.95331395948224,211495600.0,-0.008203577411207696,0.011960319636689976,0.051532357694727304,0.022189663762259393,118.1495849609375,109.3195785522461,97.73316482543946,1.1075507442882715,1.238852551302059,0.01839605818170975,0.028343055314240757,75.18152968698493,-0.3886307819676149,198047480.0,1.0679035148541147,1
2020-08-26,122.72347259521484,123.17936132920332,121.3267083719839,122.39125785191554,163022400.0,0.01359872038731158,-0.008203577411207696,0.011960319636689976,0.051532357694727304,120.24763488769531,110.85473327636718,98.48316589355468,1.1070656973145045,1.2461365501578234,0.01704817936819831,0.028328803071349162,73.25902717667606,-0.22919247492619232,201682140.0,0.8083135174983764,0
2020-08-27,121.2563934326172,123.657076446734,120.11424426928406,123.32486169573068,155552400.0,-0.011954348516820312,0.01359872038731158,-0.008203577411207696,0.011960319636689976,121.55418548583984,112.2608600616455,99.2061978149414,1.0801306293754742,1.222266311010206,0.01837483581738005,0.02895612065977584,76.224239963144,-0.045821923858316405,201553260.0,0.7717682165001946,0
2020-08-28,121.06000518798828,122.64590698975564,120.83690796249397,122.22881796842402,187630000.0,-0.0016196114618736157,-0.011954348516820312,0.01359872038731158,-0.008203577411207696,121.6390625,113.16966514587402,99.92462387084962,1.0697213341750524,1.2115132436671034,0.018417698292429775,0.01961969024387365,74.0782954973034,0.20621732612290145,192217920.0,0.9761316738834755,1
2020-08-31,125.16539764404295,127.06655257654671,122.21668415759454,123.74924435405829,225702700.0,0.03391204592862529,-0.0016196114618736157,-0.011954348516820312,0.01359872038731158,122.25644989013672,114.1541187286377,100.73488861083985,1.096459760173707,1.242522817765584,0.01956649471878178,0.02010435952130161,87.8684781153308,0.20291371315887652,188095495.0,1.1999367661623155,1
2020-09-01,130.15109252929688,130.7524864197246,126.61069366744442,128.773731349047,151948100.0,0.03983285300169537,0.03391204592862529,-0.0016196114618736157,-0.011954348516820312,124.07127227783204,115.35263671875,101.60057067871094,1.1282888387426124,1.281007494936919,0.021347135114109145,0.02125551661311237,88.53314076395715,-0.32677765928365055,187039320.0,0.812385866244595,0
2020-09-02,127.45455932617188,133.83698910317142,123.18668026100194,133.45869988967056,200119000.0,-0.020718483039379842,0.03983285300169537,0.03391204592862529,-0.0016196114618736157,125.01748962402344,116.39708595275879,102.37523864746093,1.0949978539660425,1.244974478302063,0.023923256548889757,0.022335959683820825,79.00899044712787,0.3170220621383222,190956430.0,1.0479825162211087,0
2020-09-03,117.25041198730467,124.97140134269283,116.8818246649217,123.09935930505591,257599600.0,-0.08006106170555682,-0.020718483039379842,0.03983285300169537,0.03391204592862529,124.21629333496094,116.74542770385742,102.97714614868164,1.004325516582356,1.138606150708574,0.03755311406600865,0.029138165657711854,57.72286230380548,0.2872320969023432,193714970.0,1.329786748024688,1
2020-09-04,117.32801818847656,119.98574406174012,107.56038329847304,116.46474218511382,332607200.0,0.000661884251462519,-0.08006106170555682,-0.020718483039379842,0.03983285300169537,123.46989593505859,117.22301864624023,103.55746551513671,1.0008957246063863,1.1329749874124435,0.03344301369499241,0.02849289283398041,58.26126840680852,0.2911790235699123,200443050.0,1.6593601025328641,0
2020-09-08,109.43242645263672,115.41716207276087,109.29663073421304,110.52849400857393,231366600.0,-0.06729502345429805,0.000661884251462519,-0.08006106170555682,-0.020718483039379842,120.32330169677735,117.22750473022461,104.03414184570312,0.9335046984449026,1.051889548096047,0.03867995588390978,0.032580393393721804,46.99502615508826,-0.30438487200517605,201391200.0,1.1488416574309106,1
2020-09-09,113.79730987548828,115.56266164657546,111.79916649731042,113.73911382379356,176940500.0,0.03988656346517838,-0.06729502345429805,0.000661884251462519,-0.08006106170555682,117.05254516601562,117.61282653808594,104.55866058349609,0.9675586687701779,1.0883585275522403,0.04181598241792355,0.032891265660796816,51.61290880922252,-0.2352374975471827,200843105.0,0.8809886702359038,0
2020-09-10,110.0822982788086,116.88181506989982,109.12202651754133,116.74601936225844,182274400.0,-0.0326458648341027,0.03988656346517838,-0.06729502345429805,0.000661884251462519,113.57809295654297,117.63610458374023,104.99425872802735,0.9357866674380194,1.048460169274218,0.04204094505338693,0.03311145813297832,45.33168624388713,0.0301451617916757,201676925.0,0.9037940260146271,0
2020-09-11,108.63701629638672,111.77003350464189,106.69706957680837,111.1298475350325,180860300.0,-0.013129104361187749,-0.0326458648341027,0.03988656346517838,-0.06729502345429805,111.85541381835938,117.49012184143066,105.40429153442383,0.924648086100443,1.030669764151938,0.04204865318736409,0.032997983588972934,36.74023995843702,-0.007758083417089834,200215840.0,0.9033266299010109,1
2020-09-14,111.89615631103516,112.44904097306566,109.41302623599448,111.27537379227499,140150100.0,0.03000027178357656,-0.013129104361187749,-0.0326458648341027,0.03988656346517838,110.7690414428711,117.51206588745117,105.87950714111328,0.9522099323673304,1.0568254361243206,0.04390652696179551,0.0337087410024215,39.18173811021858,-0.2250919632445595,198945085.0,0.7044662601239935,1
2020-09-15,112.07076263427734,115.26197700807842,110.19871308977739,114.77699015613865,184642000.0,0.0015604318235635795,0.03000027178357656,-0.013129104361187749,-0.0326458648341027,111.29670867919921,117.55729064941406,106.31106246948242,0.9533289004465155,1.0541778064389893,0.0416969811506557,0.033699779589958755,40.260146802876505,0.31745892439605816,202199105.0,0.9131692249577464,0
2020-09-16,108.7631378173828,112.51693833812011,108.67584374495958,111.7700619173575,154679000.0,-0.029513717397358863,0.0015604318235635795,0.03000027178357656,-0.013129104361187749,110.28987426757813,117.39081916809081,106.68208129882812,0.9265046328848415,1.0195070858500164,0.03806115722567107,0.03432055363519491,35.426098544831206,-0.16227618851615555,204651375.0,0.7558170571783356,0
2020-09-17,107.0268783569336,108.83102975873638,105.44582412860575,106.42549948987329,178011000.0,-0.015963675702005298,-0.029513717397358863,0.0015604318235635795,0.03000027178357656,109.67879028320313,117.13050193786621,106.97635330200195,0.9137404568940356,1.0004723011522836,0.03804097767312474,0.034478263199149685,35.228108848239955,0.1508414199729764,206275025.0,0.862978928253675,0
2020-09-18,103.6319808959961,107.5506753180143,102.9045006607274,107.08509211161683,287104900.0,-0.031720045590936,-0.015963675702005298,-0.029513717397358863,0.0015604318235635795,108.677783203125,116.57591896057129,107.19478775024415,0.8889655927228578,0.9667632454056523,0.03161661865991956,0.03461123908888311,33.03434772068837,0.6128492059479471,214284910.0,1.3398278954873677,1
2020-09-21,106.77471160888672,106.88140931284494,100.00429161371379,101.40105617439414,195713800.0,0.030325877067279405,-0.031720045590936,-0.015963675702005298,-0.029513717397358863,107.65349426269532,115.88287353515625,107.47283355712891,0.9214020014484167,0.9935042007813901,0.034203199875395204,0.033096197012602656,31.75527510471497,-0.31831954104579896,207167860.0,0.94471121147846,1
2020-09-22,108.45274353027344,109.47121874863322,105.88231946545223,109.29662320835186,183055400.0,0.015715630565534155,0.030325877067279405,-0.031720045590936,-0.015963675702005298,106.92989044189453,115.20158767700195,107.79300888061523,0.9414170908334121,1.0061203843969964,0.027942813946477085,0.0332112454274759,26.96191551931736,-0.0646781167194137,199023750.0,0.9197666107688153,0
2020-09-23,103.903564453125,108.74373016788621,103.56406780634413,108.26844522282775,150718700.0,-0.041946187150891046,0.015715630565534155,0.030325877067279405,-0.031720045590936,105.95797576904297,114.3429168701172,107.99160415649413,0.9087013633835289,0.962144837690854,0.02674227670025769,0.03420514362568921,25.94136409138254,-0.1766498010984653,195984905.0,0.7690321864329296,1
2020-09-24,104.97053527832033,106.93958033536623,101.84721936701546,102.01211308896369,167743300.0,0.010268856807859272,-0.041946187150891046,0.015715630565534155,0.030325877067279405,105.54670715332031,113.45527000427246,108.19861343383789,0.9252151554913878,0.9701652539430046,0.025908611878235815,0.03410729174252152,34.57604802125083,0.11295612289649526,196220950.0,0.8548694723983347,1
2020-09-25,108.9086456298828,109.06384497371614,104.4370662899755,105.17424837255975,149981400.0,0.037516340572341766,0.010268856807859272,-0.041946187150891046,0.015715630565534155,106.60204010009765,112.83788261413574,108.50767059326172,0.9651780333588013,1.0036953612074497,0.028809065378021918,0.03551086691155358,40.359862005201514,-0.10588738864681924,195942400.0,0.765436168996603,1
2020-09-28,111.50816345214844,111.85735453793174,109.39362072171006,111.5566650919616,137672400.0,0.023868792116834125,0.037516340572341766,0.010268856807859272,-0.041946187150891046,107.54873046875,112.36029052734375,108.87249420166016,0.9924161189758767,1.0242087707259313,0.028172603679549393,0.03608177220947293,52.70473744350115,-0.08207017670191108,193444520.0,0.7116893257043415,0
2020-09-29,110.66429901123048,111.84766814275456,110.1599159291002,111.11049343812664,99382200.0,-0.007567736879462439,0.023868792116834125,0.037516340572341766,0.010268856807859272,107.99104156494141,111.63523559570312,109.18113052368165,0.9913025974344787,1.013584476369084,0.02826456115336184,0.03499560572623586,45.50516416302908,-0.2781254630557759,187128495.0,0.5310906818333574,1
2020-09-30,112.33264923095705,113.73911550361659,110.20841190929694,110.37330565840851,142675200.0,0.015075776331057389,-0.007567736879462439,0.023868792116834125,0.037516340572341766,109.6768585205078,110.74431343078614,109.54942123413086,1.0143423689304245,1.0254061405845114,0.026724455203780695,0.03372061628153467,53.42993562431394,0.4356212681949081,186664850.0,0.7643388672264757,1
2020-10-01,113.2832260131836,114.18530182393523,112.35205217632898,114.10770215411938,116120400.0,0.008462159387625068,0.015075776331057389,-0.007567736879462439,0.023868792116834125,111.33939666748047,110.03574676513672,109.93144668579102,1.0295129477784921,1.0304897227175835,0.025843745205377598,0.03371726149884148,57.19008018573206,-0.18612064325124478,182464920.0,0.6363984923786994,0
2020-10-02,109.62640380859376,111.90584749739754,108.85042943395283,109.50030991529614,144712000.0,-0.03228035017438735,0.008462159387625068,0.015075776331057389,-0.007567736879462439,111.48294830322266,109.65454635620117,110.32607208251953,0.9997433526603084,0.9936581783370078,0.02593505652368764,0.029582340128681214,46.53023074412831,0.24622374707631045,176820540.0,0.8184117071466923,1
2020-10-05,113.00193786621094,113.14743540361185,110.14051836534591,110.48970949498322,106243800.0,0.030791250468370945,-0.03228035017438735,0.008462159387625068,0.015075776331057389,111.78170318603516,109.4382423400879,110.79266250610351,1.0325635303521101,1.0199406288298714,0.02598403945921976,0.030527272683772654,51.29659552181567,-0.26582591630272545,165502370.0,0.6419473026277509,0
2020-10-06,109.76221466064452,112.63333559022071,108.87953514429641,112.22594105943094,161498200.0,-0.028669625200605897,0.030791250468370945,-0.03228035017438735,0.008462159387625068,111.60128631591797,109.45473175048828,111.151953125,1.0028092244642028,0.9874969496685982,0.027861302567790066,0.02717926202328768,51.39377928963033,0.5200717594814945,162008950.0,0.9968473963938412,1
2020-10-07,111.62454986572266,112.08043858541826,110.70307061944358,111.17836295291494,96849000.0,0.01696699734818563,-0.028669625200605897,0.030791250468370945,-0.03228035017438735,111.4596664428711,109.34609375,111.5786506652832,1.0208371057216907,1.0004113618525208,0.023534210751723194,0.025883555423060114,56.39157697349721,-0.4003091056123226,158004375.0,0.6129513818842042,0
2020-10-08,111.5178451538086,112.90490743883339,111.14925051843214,112.75940994593793,83477200.0,-0.000955925126170043,0.01696699734818563,-0.028669625200605897,0.030791250468370945,111.1065902709961,109.41787109375,111.96860000610351,1.0191922401621152,0.9959742744638198,0.02365185947429792,0.02476732583141073,62.065847502935874,-0.13806853968548982,153064515.0,0.545372648912127,1
2020-10-09,113.45780181884766,113.48689983988513,111.4693531777682,111.81854423083884,100506900.0,0.017395930331718823,-0.000955925126170043,0.01696699734818563,-0.028669625200605897,111.87286987304688,109.65891036987304,112.37507888793945,1.0346427977093806,1.0096349025212956,0.02145720932048332,0.024795202040534446,60.61627698408467,0.20400420713679912,149046845.0,0.6743309460861114,1
2020-10-12,120.66471862792967,121.42129686008033,115.69845107798898,116.45502931013961,240226800.0,0.06352068076013784,0.017395930331718823,-0.000955925126170043,0.01696699734818563,113.40542602539062,110.09733848571777,112.73069519042969,1.0959821580390223,1.0703803291915968,0.02810681726498348,0.027715242647204808,66.50063439871909,1.390152317900562,154050680.0,1.5594011009883242,0
2020-10-13,117.46381378173828,121.62500184957032,116.05735487456657,121.50860234126793,262330500.0,-0.02652726399720373,0.06352068076013784,0.017395930331718823,-0.000955925126170043,114.94574584960938,110.36699104309082,112.97044494628906,1.0643020405972348,1.0397747290239103,0.029877818559472788,0.028551969552708292,69.01522849590924,0.09201179885008659,157935105.0,1.6610018399645854,1
2020-10-14,117.55109405517578,119.33584179194668,116.02823591444664,117.36679671702483,150712000.0,0.0007430396700696118,-0.02652726399720373,0.06352068076013784,0.017395930331718823,116.1310546875,110.80638885498047,113.19785217285157,1.0608692808229907,1.0384569300456061,0.02975775164632075,0.027536679820686378,68.13984019382501,-0.4254880770630941,157736755.0,0.9554653257574621,0
2020-10-15,117.08552551269533,117.56081055796655,114.60239518602361,115.15527990408137,112559200.0,-0.00396056324462557,0.0007430396700696118,-0.02652726399720373,0.06352068076013784,117.24459075927734,111.30932121276855,113.40825119018555,1.0518932667722007,1.0324251038519499,0.02985374082620786,0.02720168171180267,63.102270965760766,-0.2531503795318223,154464165.0,0.7287075290246123,0
2020-10-16,115.44625854492188,117.90029805270329,115.24256497002679,117.63840102761567,115393800.0,-0.014000594527764365,-0.00396056324462557,0.0007430396700696118,-0.02652726399720373,117.64228210449218,111.90003509521485,113.51150482177735,1.031690994973233,1.0170445606036345,0.02790148284746602,0.026218649574823456,56.51058142597241,0.025183192488930306,145878610.0,0.7910261826596785,0
2020-10-19,112.49755096435548,116.80422908289772,112.1871596819352,116.35804207693808,120639300.0,-0.025541820217750977,-0.014000594527764365,-0.00396056324462557,0.0007430396700696118,116.00884857177735,112.18617706298828,113.60593185424804,1.002775510401717,0.9902436354176068,0.027921446745132746,0.02643626207722268,52.83358356906435,0.045457381592425294,142124885.0,0.8488260166402245,1
2020-10-20,113.98159790039062,115.40746025257594,112.15804282671203,112.71092747344602,124423700.0,0.013191815495657844,-0.025541820217750977,-0.014000594527764365,-0.00396056324462557,115.31240539550781,112.46261978149414,113.69870971679687,1.013506515514646,1.002488050957644,0.02625075565493505,0.026378047719825045,52.56331767415546,0.03136954541347636,139193300.0,0.8938914444876298,0
2020-10-21,113.36083984375,115.14558807058964,112.95344522648205,113.16684064497652,89946000.0,-0.005446125234909505,0.013191815495657844,-0.025541820217750977,-0.014000594527764365,114.47435455322265,112.93548355102538,113.84410903930664,1.0037663653561322,0.9957549916316725,0.025983973436824636,0.024298698228875037,50.121901972743714,-0.2770991378652138,136154665.0,0.6606163659541154,0
2020-10-22,112.27445220947266,114.49569279996962,111.14927920105526,113.92340448698165,101988000.0,-0.009583447297803693,-0.005446125234909505,0.013191815495657844,-0.025541820217750977,113.51213989257812,113.30067939758301,113.89726333618164,0.9909424445328414,0.9857519743743178,0.026229265889096097,0.02446170714084666,54.524398786871636,0.13388032819691809,132866900.0,0.7675952400484997,0
2020-10-23,111.58577728271484,113.05043966735408,110.84859518576691,112.89524032049677,82572600.0,-0.006133852476723156,-0.009583447297803693,-0.005446125234909505,0.013191815495657844,112.74004364013672,113.43453598022461,113.89784545898438,0.9837019768139038,0.979700509988118,0.025641739574527533,0.02319556680021824,47.33576362604495,-0.19036945523002702,129496460.0,0.6376436853949521,1
2020-10-26,111.59545135498048,113.0504115687335,109.49060328818192,110.58667805207448,111850700.0,8.669628425073128e-05,-0.006133852476723156,-0.009583447297803693,-0.005446125234909505,112.55962371826172,113.43890037536622,113.90060897827148,0.9837494103496612,0.9797616742880563,0.01204593057343727,0.022588375375101638,53.926033981207596,0.3545740354548603,128205375.0,0.8724337805649724,1
2020-10-27,113.09893035888672,113.75851276167866,111.10078693291935,112.02225897491293,92276800.0,0.013472583207031708,8.669628425073128e-05,-0.006133852476723156,-0.009583447297803693,112.38309020996094,113.56063194274903,113.93926223754883,0.9959343165323783,0.9926247382845947,0.011743227560964723,0.02269343889534732,53.206802503446596,-0.17500024586345908,127850105.0,0.7217577177586205,0
2020-10-28,107.86106872558594,111.96406058991157,107.76407283902445,111.59547326085323,143937800.0,-0.04631221194294188,0.013472583207031708,8.669628425073128e-05,-0.006133852476723156,111.28313598632812,113.33705291748046,113.85463226318359,0.951684078146257,0.9473577541953403,0.01768285312141091,0.024791027810608532,43.49778887298044,0.559848195862882,127913235.0,1.1252768331596024,1
2020-10-29,111.8573760986328,113.41903447764516,108.83105523861934,108.99595640558233,146129200.0,0.037050507845551195,-0.04631221194294188,0.013472583207031708,8.669628425073128e-05,111.19972076416016,113.26576042175293,113.84711532592773,0.9875656657592204,0.9825227084445786,0.022837262648653475,0.026194621295940412,47.34816660670349,0.015224631750659023,129413675.0,1.1291635138249494,0
2020-10-30,105.59134674072266,108.62736202117581,104.4855772187525,107.72528610585144,190272600.0,-0.05601802560060887,0.037050507845551195,-0.04631221194294188,0.013472583207031708,110.00083465576172,113.06400756835937,113.6644694519043,0.9339076953988324,0.9289740870642282,0.028079554343038163,0.028181863154566958,24.2202854314706,0.30208473049876416,131691705.0,1.4448335982892773,0
2020-11-02,105.5040283203125,107.35668150297613,104.09756951905206,105.83382320217856,122866900.0,-0.0008269467442684197,-0.05601802560060887,0.037050507845551195,-0.04631221194294188,108.78255004882813,112.68911209106446,113.36183761596679,0.9362397694202642,0.9306838221670859,0.027496824108328446,0.02714298872837093,27.10726948205472,-0.35425857427711605,132522860.0,0.9271374010491473,1
2020-11-03,107.12390899658205,108.14237704788208,105.46525468419668,106.3673306155269,107624400.0,0.015353732952750887,-0.0008269467442684197,-0.05601802560060887,0.037050507845551195,107.5875457763672,112.55719680786133,113.06274658203125,0.9517286502740995,0.947473082292934,0.027672873148256328,0.026740406480794295,31.14703172159595,-0.12405700803064124,129829170.0,0.8289693294657895,1
2020-11-04,111.49848175048828,112.1192643704232,108.97655143196363,110.71280536595152,138235500.0,0.040836567624187525,0.015353732952750887,-0.0008269467442684197,-0.05601802560060887,108.31502838134766,112.5508934020996,112.8711766052246,0.9906494598150236,0.9878383933257165,0.03136883100799892,0.028077924274858772,41.14936810811448,0.28442527902594583,131898495.0,1.0480445588101668,1
2020-11-05,115.4559555053711,116.02824377297978,113.3608163942021,114.40838224963099,126387100.0,0.035493521461026356,0.040836567624187525,0.015353732952750887,-0.0008269467442684197,109.03474426269531,112.74779891967773,112.72582626342773,1.0240195960510294,1.024219199206075,0.033215862604778754,0.029153268843830054,50.01431024935863,-0.08571170213150747,134043990.0,0.9428777821370432,0
2020-11-06,115.32478332519533,115.8203179514325,112.837361996159,114.96527127109147,114457900.0,-0.0011361231181328257,0.035493521461026356,0.040836567624187525,0.015353732952750887,110.98143157958984,112.84114799499511,112.6071940612793,1.0220100147360285,1.024133353881788,0.033095523483238604,0.02893655093476792,54.55071049935738,-0.09438621504884592,134741540.0,0.8494626081904659,0
2020-11-09,113.02198791503906,118.53122507296646,112.7596464655049,117.08347300114552,154515300.0,-0.019967914473880133,-0.0011361231181328257,0.035493521461026356,0.040836567624187525,112.48502349853516,112.45901145935059,112.44643371582032,1.0050060590821748,1.0051184744611226,0.03394232146111365,0.025263912815323315,48.495078116475,0.349974968962387,130455965.0,1.1844249513619405,0
2020-11-10,112.68191528320312,114.25597883957684,110.8940807658282,112.27382528066764,138023400.0,-0.0030089068340540814,-0.019967914473880133,-0.0011361231181328257,0.035493521461026356,113.59662475585938,112.21991653442383,112.19676406860351,1.0041169051185097,1.004324110580435,0.03371162689700911,0.024649152300086286,48.92581006050557,-0.10673311963281307,124240610.0,1.1109362711596473,1
2020-11-11,116.1020965576172,116.23812654293447,113.13857769111563,113.86731293234887,112295000.0,0.030352530535340483,-0.0030089068340540814,-0.019967914473880133,-0.0011361231181328257,114.51734771728516,112.1474666595459,111.91578414916992,1.03526276621189,1.0374059158882132,0.03054053850975379,0.02567678774230463,55.63958846158258,-0.18640607317309965,122319760.0,0.9180446397213337,0
2020-11-12,115.8300323486328,117.11260602974937,115.20817889191434,116.22841115754073,103162300.0,-0.0023433186570355202,0.030352530535340483,-0.0030089068340540814,-0.019967914473880133,114.5921630859375,112.08469200134277,111.68329360961914,1.0334152709028737,1.0371294452821949,0.028843723939792447,0.02566721412985366,56.33114041626652,-0.08132775279398019,121849915.0,0.8466341564538638,1
2020-11-13,115.87863159179688,116.27700303551688,114.52804275815001,116.05352836084144,81581900.0,0.00041957376837986615,-0.0023433186570355202,0.030352530535340483,-0.0030089068340540814,114.70293273925782,112.10631065368652,111.65585800170898,1.0336494967688628,1.037819543601763,0.01998348451303963,0.02546156673421692,56.38179383874778,-0.20918882188551435,120159320.0,0.678947750370092,1
2020-11-16,116.88915252685548,117.55958400464418,114.80010971790968,115.54827474511946,91183000.0,0.00872051146253039,0.00041957376837986615,-0.0023433186570355202,0.030352530535340483,115.47636566162109,112.32589073181153,111.64708068847656,1.0406252001681355,1.0469521621707747,0.01965981082848312,0.024760378824002217,55.73149762475901,0.11768664372857218,118686505.0,0.7682676307639188,0
2020-11-17,116.00494384765624,117.24865091924097,115.5871353083196,116.16041093814378,74271000.0,-0.007564505859481652,0.00872051146253039,0.00041957376837986615,-0.0023433186570355202,116.14097137451172,112.4270580291748,111.77853103637695,1.0318240633634028,1.0378105953987162,0.02035117773588275,0.024710803843163473,64.18240268875115,-0.1854731693407763,116178870.0,0.6392814803586917,0
2020-11-18,114.6834945678711,116.42274359265693,114.65434634387621,115.24705160870013,76322100.0,-0.011391318645182391,-0.007564505859481652,0.00872051146253039,0.00041957376837986615,115.8572509765625,112.49319076538086,111.7962547302246,1.019470545617809,1.0258259084314916,0.017547915460009236,0.024830081198362716,55.427257822767466,0.027616431716282364,115497675.0,0.6608107046310673,1
2020-11-19,115.27621459960938,115.68430461397098,113.49809857736044,114.25598215062608,74113000.0,0.005168311568911177,-0.011391318645182391,-0.007564505859481652,0.00872051146253039,115.74648742675781,112.64327888488769,111.90013305664063,1.02337410399259,1.0301704872974538,0.01343995464910171,0.024721926034290805,73.78051818961461,-0.028944434180925294,114103925.0,0.649521916095349,0
2020-11-20,114.0130615234375,115.40251710432108,113.96448361868471,115.27620565626937,73604300.0,-0.010957621054431765,0.005168311568911177,-0.011391318645182391,-0.007564505859481652,115.37337341308594,112.76464309692383,112.00765396118165,1.0110710094248303,1.017904201108889,0.013877833749531568,0.02482479460964219,69.75274357435785,-0.0068638430504769365,113655510.0,0.6476087257010241,0
2020-11-23,110.62203216552734,114.28514625847261,110.52486892820643,113.85761911856477,127959300.0,-0.029742463824752763,-0.010957621054431765,0.005168311568911177,-0.011391318645182391,114.11994934082031,112.71597213745117,111.98217147827148,0.98142286375022,0.9878539655483636,0.015595662490999569,0.025783583288862558,57.5034775749601,0.7384758770887028,114460940.0,1.1179298370256263,1
2020-11-24,111.90460205078124,112.56532241854126,109.39775058959653,110.68033196208322,113874200.0,0.011594163116934508,-0.029742463824752763,-0.010957621054431765,0.005168311568911177,113.29988098144531,112.6562557220459,111.97884826660156,0.9933279011764851,0.9993369621408897,0.016167507430534127,0.025734838938293834,51.00435280555011,-0.11007484411058832,115540810.0,0.9855755728214126,1
2020-11-25,112.7402114868164,113.43979858279869,111.90459439029078,112.27382503154757,76499200.0,0.007467158818508457,0.011594163116934508,-0.029742463824752763,-0.010957621054431765,112.91122436523438,112.90021286010742,112.05838973999023,0.9985828071600781,1.0060845220818202,0.012509159537116408,0.02336517927326978,42.05743774840174,-0.3282130631872716,112168880.0,0.6820002125366679,1
2020-11-27,113.28434753417967,114.15883152801634,112.92484280171581,113.26491785124114,46691300.0,0.004826459345669276,0.007467158818508457,0.011594163116934508,-0.029742463824752763,112.51285095214844,112.97156143188477,112.18353912353516,1.0027687154035088,1.0098125662574464,0.012745491978477842,0.021921922189756422,44.17321654377381,-0.3896498264034134,107196985.0,0.43556542191928255,1
2020-11-30,115.67459869384766,117.5401594833683,113.49810369299398,113.6535707986605,169410200.0,0.021099571226702807,0.004826459345669276,0.007467158818508457,0.011594163116934508,112.84515838623047,113.47572402954101,112.42439147949219,1.0193774896182572,1.0289101606117952,0.014731052478191432,0.01778147421523916,57.53729702824768,2.628303345591149,106153865.0,1.5958929050769843,1
2020-12-01,119.24051666259766,119.96925188593028,116.60735427852516,117.57900124296866,127728200.0,0.030827147956551837,0.021099571226702807,0.004826459345669276,0.007467158818508457,114.56885528564453,114.16254844665528,112.6737075805664,1.0444801582045549,1.058281645496894,0.017581170533111395,0.018649359186783863,65.7489003328771,-0.24604185580325155,106396930.0,1.2004876456491742,1
2020-12-02,119.59032440185548,119.87210294466338,117.4624149241799,118.56037345602128,89004200.0,0.002933631529353775,0.030827147956551837,0.021099571226702807,0.004826459345669276,116.10599975585937,114.78586921691894,112.89645919799804,1.041855806970954,1.0592920739180822,0.01724806855917849,0.018538553347834576,59.824866393472526,-0.30317502321335466,105465920.0,0.843914318483165,0
2020-12-03,119.45429229736328,120.27047227200518,118.74498667961886,120.0178419599632,78967600.0,-0.001137484200102179,0.002933631529353775,0.030827147956551837,0.021099571226702807,117.44881591796874,115.1836597442627,113.20747375488281,1.0370767221894364,1.0551802662428993,0.016577141894768836,0.016626543878827862,60.28683847524756,-0.11276546500052809,102502525.0,0.7703966316927314,0
2020-12-04,118.78385162353516,119.37655691588907,118.07454601670749,119.12392660773527,78260400.0,-0.005612528950899143,-0.001137484200102179,0.002933631529353775,0.030827147956551837,118.54871673583985,115.3500545501709,113.4837400817871,1.0297684911095621,1.0467037087245123,0.01685595909175181,0.014928177495400976,57.96481111881296,-0.008955571652171312,100096190.0,0.7818519366221631,1
2020-12-07,120.24134063720705,121.03809104227989,118.78386984160453,118.84216630124308,86712000.0,0.012270093903766988,-0.005612528950899143,-0.001137484200102179,0.002933631529353775,119.46206512451172,115.59588241577148,113.71039398193359,1.0401870561853312,1.0574349136131838,0.016289897758395108,0.015102257547247675,58.97035429161274,0.10799331462655437,98708895.0,0.8784618650629206,1
2020-12-08,120.85346221923828,121.43645640289948,119.6000365852931,120.84375108576852,82225500.0,0.005090774760056371,0.012270093903766988,-0.005612528950899143,-0.001137484200102179,119.78465423583984,115.98745613098144,113.8972999572754,1.0419528649956922,1.061073987395419,0.010689307319984883,0.014177718391909285,63.166214536961064,-0.051740243564904476,95094405.0,0.8646723222044451,0
2020-12-09,118.3271942138672,122.37896123763355,117.56931058790569,120.99922399995596,115089200.0,-0.02090356336493049,0.005090774760056371,0.012270093903766988,-0.005612528950899143,119.53202819824219,116.26972007751465,114.05055786132813,1.0176957004367162,1.0374977241035415,0.014165954986387112,0.015138892039539971,59.28683850378273,0.39967771555052867,93947695.0,1.2250348451869948,1
2020-12-10,119.74578857421876,120.35793100204793,116.74340254220034,117.08347755039478,81312200.0,0.011988743329682583,-0.02090356336493049,0.005090774760056371,0.012270093903766988,119.5903274536133,116.45190467834473,114.19882064819336,1.0282853587064305,1.0485729002676278,0.01430064085516264,0.013867792697936332,60.93157085491651,-0.2934854008890495,92398555.0,0.8800159266559958,0
2020-12-11,118.93932342529295,119.27939842297663,117.13205925122674,118.95875310526962,86939800.0,-0.006734810121743484,0.011988743329682583,-0.02090356336493049,0.005090774760056371,119.62142181396484,116.60736923217773,114.31194259643554,1.0199983432305384,1.0404802921178045,0.01487430426305401,0.013968542998991215,62.323830085952494,0.06920978647730602,91587430.0,0.9492547175960718,0
2020-12-14,118.3271942138672,119.85268001340195,118.0940009627436,119.12394461719592,79184500.0,-0.005146567121766421,-0.006734810121743484,0.011988743329682583,-0.02090356336493049,119.23859252929688,116.72979736328125,114.48595840454101,1.013684568008069,1.0335520256183122,0.014004516774569594,0.01404472610127503,72.38853185485036,-0.08920310375685248,91467560.0,0.8657112969887903,1
2020-12-15,124.25422668457033,124.27366377761385,120.61055011219938,120.81459511068267,157243700.0,0.050090197017521376,-0.005146567121766421,-0.006734810121743484,0.011988743329682583,119.91874542236329,117.09805107116699,114.7110041809082,1.0611126790577763,1.0831936096436896,0.01884415538133339,0.017771851126436203,78.25704274526018,0.9857888854510668,94770595.0,1.659203469177333,0
2020-12-16,124.18621063232422,124.73033062366706,122.9716517851633,123.79755773169585,98208600.0,-0.0005473942743112747,0.050090197017521376,-0.005146567121766421,-0.006734810121743484,121.09054870605469,117.50711441040039,114.9994841003418,1.056839930547496,1.0798849369095136,0.0189039260953743,0.017616567390465774,77.14290056426111,-0.3754369809410488,95967475.0,1.023352964116228,1
2020-12-17,125.0509796142578,125.90603381216341,124.40968896582861,125.24530607028412,94359800.0,0.006963486344662595,-0.0005473942743112747,0.050090197017521376,-0.005146567121766421,122.1515869140625,118.02548866271972,115.2680126953125,1.0595252011335852,1.0848714807359834,0.018835819214540687,0.017271446548438988,77.48527965098867,-0.039190050565836354,96869360.0,0.9740933562480437,0
2020-12-18,123.0688247680664,125.43964605507787,122.5441344465272,125.30361605465058,192541500.0,-0.015850774238680088,0.006963486344662595,-0.0005473942743112747,0.050090197017521376,122.97748718261718,118.41511917114258,115.49903228759766,1.0392999274881272,1.0655398779586276,0.019718956976046583,0.017856738643274153,67.6076158639609,1.0405034771163142,102790785.0,1.873139698271591,1
2020-12-21,124.59429931640624,124.67203286094654,119.94982751976666,121.47531311924551,121251600.0,0.012395296300380831,-0.015850774238680088,0.006963486344662595,-0.0005473942743112747,124.230908203125,118.94418106079101,115.72176223754883,1.0475022670737253,1.0766712924803568,0.019725026306440026,0.017628767047827325,64.12101235357918,-0.37025732114894716,105173150.0,1.1528759954418024,1
2020-12-22,128.14083862304688,130.5991048748753,125.97405467288996,127.87848972538272,168904800.0,0.028464699637936297,0.012395296300380831,-0.015850774238680088,0.006963486344662595,125.00823059082032,119.82012138366699,115.87128463745117,1.0694434051918271,1.105889513730566,0.021230997791043746,0.016425526619763316,69.29831418941372,0.39301089635105857,107220425.0,1.5753043321736506,0
2020-12-23,127.24690246582033,128.6752099698852,127.07199828959047,128.4128759447762,88223700.0,-0.006976200302982627,0.028464699637936297,0.012395296300380831,-0.015850774238680088,125.62036895751953,120.58723640441895,116.06694641113282,1.0552269565169117,1.0963233409715616,0.019663775734238255,0.016704649938095787,67.00594429591018,-0.47767203773960243,105937900.0,0.8327869440492968,1
2020-12-24,128.228271484375,129.67603102914552,127.3829432351903,127.59670678746939,54930100.0,0.007712321475316752,-0.006976200302982627,0.028464699637936297,0.012395296300380831,126.25582733154297,121.36163940429688,116.2804899597168,1.0565799219076386,1.102749666163234,0.0196008559293615,0.016705428702380915,70.33475578725421,-0.37737705401156374,104859445.0,0.5238450384703066,1
2020-12-28,132.81443786621094,133.44600251933943,129.72459253226933,130.19099379190865,124486200.0,0.03576564145134542,0.007712321475316752,-0.006976200302982627,0.028464699637936297,128.20494995117187,122.33814392089843,116.5950682067871,1.085633912772833,1.1391085395709704,0.020850747550093012,0.01792197570090055,73.85693145946175,1.2662656721906567,108749190.0,1.1447092157651932,0
2020-12-29,131.04605102539062,134.8549062093824,130.53107920371312,134.13589678161503,121047300.0,-0.013314718408865112,0.03576564145134542,0.007712321475316752,-0.006976200302982627,129.49530029296875,123.10671653747559,116.90706405639648,1.0644914811410648,1.1209421097272054,0.02170840790818606,0.018260560944147908,68.52706065866639,-0.02762474876733323,106331045.0,1.1384003608729698,0
2020-12-30,129.9286651611328,132.13430846309575,129.61773093964035,131.73592955161843,96452100.0,-0.008526665668401656,-0.013314718408865112,0.03576564145134542,0.007712321475316752,129.85286560058594,123.64112396240235,117.25568634033203,1.0508531546562325,1.108079865602575,0.017284689288222747,0.017599777659519138,72.2263863244905,-0.2031866881789185,104767240.0,0.9206322510739045,0
2020-12-31,128.9278564453125,130.91973597132423,127.98535756948488,130.27844532518537,99116600.0,-0.007702755312533616,-0.008526665668401656,-0.013314718408865112,0.03576564145134542,130.18905639648438,124.10800056457519,117.55461151123046,1.0388359804268177,1.0967486072036867,0.017665752137688336,0.017807367052749414,67.87741695513861,0.02762511132468859,105272860.0,0.9415209200168021,0
2021-01-04,125.74088287353516,129.82179864042618,123.16601600041264,129.73435394015942,143301900.0,-0.024719045671322104,-0.007702755312533616,-0.008526665668401656,-0.013314718408865112,129.69157867431642,124.42233009338379,117.80221237182617,1.010597396618129,1.0673898252152658,0.019769657654735942,0.01890626711848098,62.11917792948948,0.4457911187429755,108489575.0,1.3208817529241865,1
2021-01-05,127.29548645019533,128.00479953709709,124.78863505032471,125.23559925815104,97664900.0,0.012363549079130731,-0.024719045671322104,-0.007702755312533616,-0.008526665668401656,128.5877883911133,124.8479118347168,118.10263305664063,1.0196044497621939,1.0778378360891065,0.01914465815127372,0.018915812570664166,65.46064486124389,-0.31846751508528504,109459800.0,0.8922444586962519,0
2021-01-06,123.01051330566406,127.3343470647896,122.79674977159817,124.09876065496377,155088000.0,-0.03366162669253614,0.012363549079130731,-0.024719045671322104,-0.007702755312533616,126.98068084716797,124.98637046813965,118.33112777709961,0.9841914189917271,1.0395448401149274,0.02209236770416575,0.02053143603608108,47.727261320334335,0.5879604648138685,112878600.0,1.373936246551605,1
2021-01-07,127.20802307128906,127.89789896268525,124.2347856325796,124.72060913109178,109578200.0,0.03412317900986861,-0.03366162669253614,0.012363549079130731,-0.024719045671322104,126.43655242919922,125.3040985107422,118.64337921142578,1.0151944316520791,1.0721881314978465,0.022986940423454897,0.021798026700307872,54.79789078143568,-0.2934450118642319,114246235.0,0.9591405791184279,1
2021-01-08,128.30596923828125,128.86952618923627,126.53756485844092,128.67518495872093,105158200.0,0.00863110785376242,0.03412317900986861,-0.03366162669253614,0.012363549079130731,126.31217498779297,125.80303726196288,118.94751998901367,1.0198956402865413,1.0786771279479552,0.023027696493904917,0.02109763566141965,55.130132140240974,-0.040336490287301685,113749685.0,0.9244702523791605,0
2021-01-11,125.32305908203124,126.47932169028218,124.85667254990132,125.52711152955341,100384500.0,-0.023248412945701347,0.00863110785376242,0.03412317900986861,-0.03366162669253614,126.22861022949219,126.08190078735352,119.29675979614258,0.9939813589374566,1.0505151966925719,0.02409172671807392,0.02187573209977961,53.44421003844655,-0.04539541376706713,114703300.0,0.8751666255460828,0
2021-01-12,125.14813995361328,126.0129052139805,123.26314235039197,124.85664288048969,91951100.0,-0.0013957457605903167,-0.023248412945701347,0.00863110785376242,0.03412317900986861,125.79914093017578,126.39234161376953,119.56257507324219,0.9901560360044733,1.0467166659546223,0.020159290008901907,0.02178946183767472,50.88263065834792,-0.0840109777903959,114953865.0,0.7998956798886231,1
2021-01-13,127.1789093017578,127.72302939531502,124.84696180760955,125.10929589304283,88636800.0,0.016226923939079096,-0.0013957457605903167,-0.023248412945701347,0.00863110785376242,126.63282012939453,126.83492736816406,119.99432632446289,1.0027120442352229,1.0598743557080184,0.021070710075049404,0.021904536811410854,48.38919531054766,-0.03604415825368046,115426480.0,0.7679069828690955,0
2021-01-14,125.25502014160156,127.2857588427231,125.10926419379747,127.09143240514113,90221800.0,-0.015127423019420716,0.016226923939079096,-0.0013957457605903167,-0.023248412945701347,126.24221954345703,126.88496704101563,120.38934616088868,0.9871541370311647,1.0404161508960301,0.021371597326327825,0.0193640146400875,46.775701026914746,0.017881963247770694,112075385.0,0.8050099493300871,0
2021-01-15,123.53520965576172,126.52788445335536,123.39917965706009,125.12871028033413,111598500.0,-0.013730471512403919,-0.015127423019420716,0.016226923939079096,-0.0013957457605903167,125.28806762695312,126.8524169921875,120.71757217407226,0.9738498688863763,1.0233407401337271,0.021588739412477936,0.019626958800644464,42.58062088265583,0.23693497580407397,112744880.0,0.9898320881622297,1
2021-01-19,124.20564270019533,125.06069683837403,123.340877429049,124.15705738304294,90757300.0,0.005427060400851058,-0.013730471512403919,-0.015127423019420716,0.016226923939079096,125.06458435058593,126.81015014648438,120.9717153930664,0.9794613645415571,1.0267329209693448,0.020457594032129715,0.019600927119108387,34.46700574696507,-0.18675161404499163,112564755.0,0.8062674680009742,1
2021-01-20,128.2865753173828,128.7335395413519,124.90524730001776,125.01212908230433,104319500.0,0.03285625780334267,0.005427060400851058,-0.013730471512403919,-0.015127423019420716,125.69227142333985,127.0710376739502,121.22832778930665,1.009565811892963,1.0582227574758212,0.022837325862005133,0.02055123533743168,45.40452947789336,0.14943370946469314,108153655.0,0.964549002065626,1
2021-01-21,132.98936462402344,135.70998009916667,129.80236258422073,130.00641504597513,120150900.0,0.03665846792624916,0.03285625780334267,0.005427060400851058,-0.013730471512403919,126.85436248779297,127.49079093933105,121.5816194152832,1.0431291832467255,1.0938278768090355,0.021776845829624098,0.021854695761041196,54.553356302979594,0.1517587795186901,108098620.0,1.1114933752160758,1
2021-01-22,135.12696838378906,135.88485193048166,131.19179469063414,132.4160646907934,114459400.0,0.01607349404073699,0.03665846792624916,0.03285625780334267,0.005427060400851058,128.82875213623046,127.84009742736816,122.0237190246582,1.0569998858187737,1.1073828060959443,0.020054870343628267,0.021277478587123737,58.9205961219401,-0.04736959939542695,105376350.0,1.08619628597878,1
2021-01-25,138.86781311035156,140.97628571065687,132.6686993609781,139.0135690829673,157611700.0,0.02768392402571873,0.01607349404073699,0.03665846792624916,0.03285625780334267,131.89527282714843,128.42114295959473,122.54743698120117,1.0813469644483984,1.1331759890796733,0.02118100155376217,0.021837301097528152,68.59342016450562,0.3770096645622816,108845750.0,1.4480280580546323,1
2021-01-26,139.1009979248047,140.20867499016745,137.36174136904043,139.52852500725305,98390600.0,0.0016791854730788813,0.02768392402571873,0.01607349404073699,0.03665846792624916,134.8743438720703,128.96477928161622,123.00741500854492,1.0785967975105384,1.1308342502372055,0.01835442591588595,0.021833784412305365,67.3720235529114,-0.37574050657406777,111018775.0,0.8862518974831058,0
2021-01-27,138.0321807861328,140.20867556656404,136.4289690465183,139.36333253146313,140843800.0,-0.007683748891935793,0.0016791854730788813,0.02768392402571873,0.01607349404073699,136.8234649658203,129.2256664276123,123.45145797729492,1.0681483377255678,1.1181089559227366,0.018911638038671744,0.020669032172159943,74.41566197529617,0.4314761776023319,111836655.0,1.2593706419420359,0
2021-01-28,133.20310974121094,137.9641898687069,132.82416793009364,135.56422012291074,142621100.0,-0.03498511012011063,-0.007683748891935793,0.0016791854730788813,0.02768392402571873,136.8662139892578,129.33351936340333,123.7979475402832,1.0299194701949985,1.0759718750415255,0.023433406645733245,0.022043626446899577,59.54816489682285,0.012618943822873208,112915345.0,1.2630798763445306,0
2021-01-29,128.2185821533203,132.86305498594893,126.51819940588042,131.97885239900157,177523800.0,-0.03742050465319202,-0.03498511012011063,-0.007683748891935793,0.0016791854730788813,135.48453674316406,129.2480152130127,124.0245361328125,0.9920352118522223,1.0338162604858816,0.026419035052731788,0.02359623655289353,49.876153853805754,0.2447232562362791,116968930.0,1.517700469688831,1
2021-02-01,130.33676147460938,131.54160940158948,127.21776727973175,129.95781964029345,106239800.0,0.016520065077277213,-0.03742050465319202,-0.03498511012011063,-0.007683748891935793,133.77832641601563,129.31846046447754,124.31117248535156,1.0078743669424641,1.0484718217098938,0.026063776095010417,0.023822114136988596,57.28401860009793,-0.4015461588812317,117325090.0,0.9055164585852864,1
2021-02-02,131.16262817382812,132.44519444855226,130.7933975854858,131.8816374338767,83305400.0,0.006336406474083178,0.016520065077277213,-0.03742050465319202,-0.03498511012011063,132.1906524658203,129.58954772949218,124.6407551574707,1.0121389454002852,1.0523253650711415,0.026064378342821947,0.02307052730714172,58.575778376573155,-0.2158739003650233,114325265.0,0.7286700800562326,0
2021-02-03,130.1423797607422,131.92049525214782,129.82173452529324,131.91076929503612,89880900.0,-0.007778499312577125,0.006336406474083178,0.016520065077277213,-0.03742050465319202,130.6126922607422,129.73189239501954,124.93807846069336,1.0031641206964959,1.0416550451565185,0.02449284323292046,0.023050771645779337,54.35085332856613,0.0789324581599753,113936065.0,0.7888713727299604,1
2021-02-04,133.49461364746094,133.50432478243863,130.7739984115147,132.43552171463995,84183100.0,0.02575820338372181,-0.007778499312577125,0.006336406474083178,0.016520065077277213,130.67099304199218,130.25609741210937,125.32770950317382,1.0248626843556154,1.0651643932268648,0.02295913724472025,0.022109461543862657,61.61011646882518,-0.06339277866599025,110390820.0,0.7625914908504168,0
2021-02-05,133.0810089111328,133.72325779067754,132.20522578325316,133.65514858435046,75693800.0,-0.0030982878262069136,0.02575820338372181,-0.007778499312577125,0.006336406474083178,131.6434783935547,130.54974670410155,125.77688903808594,1.0193892540654905,1.0580720347665393,0.0223166448110364,0.02100880491581688,63.96469235503278,-0.10084328089604688,108696600.0,0.6963768875935402,1
2021-02-08,133.2269744873047,133.2756324021585,131.29050232328603,132.3706427004726,71297200.0,0.0010968174750565218,-0.0030982878262069136,0.02575820338372181,-0.007778499312577125,132.22152099609374,130.79579696655273,126.20333648681641,1.0185875813836256,1.0556533463853548,0.01993697023710087,0.020959990721818738,63.403112163007684,-0.058084017449249514,107003550.0,0.6663068655198823,0
2021-02-09,132.35121154785156,134.1709170758531,132.1955269668042,132.9448026300194,76774200.0,-0.00657346564254957,0.0010968174750565218,-0.0030982878262069136,0.02575820338372181,132.45923767089843,131.14720458984374,126.5955564880371,1.009180576603011,1.0454649058741516,0.01984832679100372,0.020217423100320136,56.67456449205857,0.07681928603086807,105823035.0,0.7254961077236162,0
2021-02-10,131.7478790283203,133.3048434386966,130.78450562896475,132.80855342312873,73046600.0,-0.0045585719426007865,-0.00657346564254957,0.0010968174750565218,-0.0030982878262069136,132.78033752441405,131.4771915435791,126.96482711791992,1.002058817058406,1.0376722594672465,0.019822161743869412,0.020265321714143972,47.6441721912598,-0.048552769029179044,104877810.0,0.6964924229443769,0
2021-02-11,131.49488830566406,132.72098784651604,130.17147291387968,132.24416393424985,64280000.0,-0.0019202641023303713,-0.0045585719426007865,-0.00657346564254957,0.0010968174750565218,132.3803924560547,131.6929904937744,127.28123291015625,0.9984957271653748,1.0331050799805035,0.01667427545680517,0.020035960429873944,42.576875147351046,-0.12001379941023949,103659970.0,0.6201043662273875,1
2021-02-12,131.72842407226562,131.88412349618312,130.09362466607496,130.73587365349886,60145100.0,0.0017760064258824926,-0.0019202641023303713,-0.0045585719426007865,-0.00657346564254957,132.10987548828126,132.01666069030762,127.53099105834961,0.9978166648320385,1.032913043167645,0.010763834156993448,0.01963412688936148,32.966837743245335,-0.06432638456751716,102156135.0,0.5887566126106866,0
2021-02-16,129.6070556640625,132.35118706954955,129.2178071626484,131.84518629017936,80576300.0,-0.01610410526918138,0.0017760064258824926,-0.0019202641023303713,-0.0045585719426007865,131.38589172363282,132.32025299072265,127.73132568359375,0.9794952226485663,1.0146849644786053,0.01106822876346941,0.019745565621473525,29.221421544039117,0.3396984958043132,100605025.0,0.8009172504057327,0
2021-02-17,127.3202896118164,128.66317119438432,125.98714852369966,127.7192638281322,97918500.0,-0.017643839222559965,-0.01610410526918138,0.0017760064258824926,-0.0019202641023303713,130.37970733642578,132.47598533630372,127.88864562988282,0.9610820352730417,0.9955558523959096,0.011981028305344263,0.020238674739419624,27.74240697263356,0.2152270580803537,100963085.0,0.9698445723999024,0
2021-02-18,126.22071075439452,126.50290300476138,123.98257950080088,125.7244206319919,96856700.0,-0.008636320737051117,-0.017643839222559965,-0.01610410526918138,0.0017760064258824926,129.27427368164064,132.3726921081543,128.0373828125,0.953525298490316,0.985811393374341,0.012022800074048247,0.01893258832683719,32.8306968336114,-0.010843711862416172,100589945.0,0.9628864992420465,1
2021-02-19,126.3763427734375,127.19375709134722,125.33513472608534,126.73639944443335,87668800.0,0.001233014915799524,-0.008636320737051117,-0.017643839222559965,-0.01610410526918138,128.2505645751953,132.042041015625,128.1600828552246,0.9570917095903035,0.9860819371987914,0.006929300838616453,0.016795876812876663,44.05923396382389,-0.0948607582129063,98965840.0,0.8858490970217603,0
2021-02-22,122.6104736328125,126.23040308983671,122.22123254914695,124.56639727156255,103916400.0,-0.029798845717321498,0.001233014915799524,-0.008636320737051117,-0.017643839222559965,126.42697448730469,131.41621627807618,128.1952230834961,0.9329934851675324,0.956435588500469,0.010266232200402094,0.017264223183624,27.477998404089263,0.1853293303889183,98438690.0,1.0556459050806142,0
2021-02-23,122.4742431640625,123.30137584564321,115.20519230196524,120.43073670834654,158273000.0,-0.0011110834557085392,-0.029798845717321498,0.001233014915799524,-0.008636320737051117,125.00041198730469,130.5965377807617,128.2781640625,0.9378062025630842,0.9547551920402471,0.010067982889914753,0.01553498461970428,23.612579905776798,0.5230800913041638,98471755.0,1.6072933807262804,0
2021-02-24,121.97795867919922,122.18230857916163,118.94189453786483,121.57899194807914,111039900.0,-0.004052153922669888,-0.0011110834557085392,-0.029798845717321498,0.001233014915799524,123.93194580078125,129.74038581848146,128.3228074645996,0.9401695386497264,0.9505555644334641,0.010148214211717613,0.015435590263088508,24.388790418427973,-0.298428032576624,99104220.0,1.120435638361313,0
2021-02-25,117.73524475097656,123.05809741548158,117.29735317502876,121.32598240071049,148199500.0,-0.0347826277317933,-0.004052153922669888,-0.0011110834557085392,-0.029798845717321498,122.23485260009765,128.72553901672364,128.2987258911133,0.9146222703769821,0.9176649567891896,0.013064196535723993,0.01668966529724188,3.179708544472291,0.3346508777475483,99472005.0,1.489861393665484,1
2021-02-26,117.99800872802734,121.49143122307309,117.93961772875939,119.29222499597206,164560400.0,0.0022318208757841074,-0.0347826277317933,-0.004052153922669888,-0.0011110834557085392,120.55918579101562,127.96528396606445,128.29214218139649,0.9221095368281262,0.9197602185267596,0.013448826443026382,0.015532224549161883,4.783902827059677,0.11039780835967727,100568970.0,1.6362939781525057,1
2021-03-01,124.35232543945312,124.48855870917815,119.48683030882653,120.42100448300808,116307900.0,0.053851050368754816,0.0022318208757841074,-0.0347826277317933,-0.004052153922669888,120.90755615234374,127.7719711303711,128.29410415649414,0.9732363392325789,0.9692754492269355,0.02441920841015128,0.018846574428477602,30.612154417666957,-0.29322060471413536,97508175.0,1.1928015266412277,0
2021-03-02,121.754150390625,125.25730532990295,121.64710890595583,124.95564701355688,102260900.0,-0.020893658720465003,0.053851050368754816,0.0022318208757841074,-0.0347826277317933,120.76353759765625,127.34284057617188,128.24546295166016,0.9561130397259834,0.9493836864741021,0.02469611394443446,0.018834943962972667,28.469623241890574,-0.12077425523115803,97309230.0,1.0508859231544634,0
2021-03-03,118.77645874023438,122.32827149061751,118.56237577745944,121.45248092660913,112966300.0,-0.02445659257476862,-0.020893658720465003,0.053851050368754816,0.0022318208757841074,120.12323760986328,126.7235321044922,128.11997253417968,0.9372881008579771,0.9270721526930342,0.025144138417859764,0.019265155609091075,25.96453440306537,0.1046871287070621,98792275.0,1.14347300940281,0
2021-03-04,116.89838409423828,120.27503892466773,115.42900990064756,118.47480719948628,178155000.0,-0.015811842396341036,-0.02445659257476862,-0.020893658720465003,0.053851050368754816,119.95586547851562,126.06133232116699,127.99656372070312,0.927313569845635,0.9132931439418812,0.025309233625668903,0.019414283063632742,24.48966475627357,0.577063248066016,103205980.0,1.7262081131345297,1
2021-03-05,118.1536865234375,118.65970219404976,114.40725661331615,117.72552798386944,153766600.0,0.010738407026971819,-0.015811842396341036,-0.02445659257476862,-0.020893658720465003,119.98700103759765,125.29428596496582,127.86775146484375,0.9430093767921313,0.9240303764622227,0.025840699335239067,0.01841977624270675,27.093510316280828,-0.13689427745502514,106685155.0,1.4413120550839524,0
2021-03-08,113.22981262207033,117.74499188213018,113.08384627126932,117.67687524164398,154376600.0,-0.041673468228098476,0.010738407026971819,-0.015811842396341036,-0.02445659257476862,117.76249847412109,124.30172615051269,127.56953094482422,0.9109271136344819,0.8875929211579837,0.027268385183793247,0.02005515990159249,24.752404910359587,0.003967051362259388,110619295.0,1.3955666595054688,1
2021-03-09,117.83255767822266,118.77646492277744,115.5944343694315,115.82797605727136,129525800.0,0.04064958644341332,-0.041673468228098476,0.010738407026971819,-0.015811842396341036,116.97817993164062,123.5320053100586,127.38124404907227,0.9538625830809543,0.925038521627477,0.031275250830995346,0.02275299572886373,36.34829341592139,-0.1609751736986046,113530725.0,1.140887631960423,0
2021-03-10,116.75244140625,118.88352353506721,116.23669261108125,118.4164400921035,111943300.0,-0.009166535066838177,0.04064958644341332,-0.041673468228098476,0.010738407026971819,116.57337646484375,122.75206680297852,127.15172744750977,0.9511240376395607,0.9182135685450852,0.0313285097726607,0.02276455930212549,36.36866301135982,-0.1357451565634028,115289180.0,0.9709783693491445,1
2021-03-11,118.6791534423828,119.89552719538874,117.99798711036199,119.24355264557505,103026500.0,0.016502541727831055,-0.009166535066838177,0.04064958644341332,-0.041673468228098476,116.92953033447266,122.09863052368163,126.8690217590332,0.9719941405842745,0.9354462720442055,0.02988126344673454,0.0233155245672557,39.456156273031304,-0.07965461086103409,116788175.0,0.8821655103352716,0
2021-03-12,117.77415466308594,117.910387910508,115.95446453359608,117.16110504968663,88105100.0,-0.007625591799795162,0.016502541727831055,-0.009166535066838177,0.04064958644341332,116.85362396240234,121.41259384155273,126.6035838317871,0.9700324401007767,0.9302592477916545,0.03000567009654395,0.023311362341022157,42.811654195191835,-0.14483069889785638,117979430.0,0.746783570661428,1
2021-03-15,120.65455627441406,120.66428934425417,117.18059275719496,118.14396621912681,92403800.0,0.024456992449387815,-0.007625591799795162,0.016502541727831055,-0.009166535066838177,118.3385726928711,120.85890045166016,126.41810165405273,0.9983092335237004,0.9544088599320151,0.02522630270200685,0.02420513200784055,47.49934262203849,0.048790592145063094,119592365.0,0.772656348087104,1
2021-03-16,122.19205474853516,123.79766976227535,121.36492199120141,122.31855495993447,115227900.0,0.012742978977306363,0.024456992449387815,-0.007625591799795162,0.016502541727831055,119.2104721069336,120.48815040588379,126.28338562011719,1.0141416756495265,0.9676019861877201,0.024773453332950914,0.024311713205678636,50.28603055395868,0.24700391109456543,121324945.0,0.9497461548406224,0
2021-03-17,121.40384674072266,122.4742542742317,119.04894125801434,120.71294726523811,111932600.0,-0.006450566769129029,0.012742978977306363,0.024456992449387815,-0.007625591799795162,120.14075317382813,120.1923282623291,126.19664489746094,1.010079832015146,0.9620211919212861,0.023361145636175445,0.024076379282591577,55.39962777063719,-0.02859810861779133,122025650.0,0.9172874719372526,0
2021-03-18,117.28763580322266,119.86634995731801,117.08328587882134,119.57441725151209,121229700.0,-0.03390511131241847,-0.006450566769129029,0.012742978977306363,0.024456992449387815,119.8624496459961,119.74567451477051,125.99648788452149,0.9794728392360873,0.9308801996982592,0.025531360161782413,0.025079401401190658,49.06095757920491,0.08305980563303272,123244300.0,0.9836536050754477,0
2021-03-19,116.7621612548828,118.16342636251116,116.46050290360724,116.67458589773459,185549500.0,-0.004480221165182874,-0.03390511131241847,-0.006450566769129029,0.012742978977306363,119.66005096435546,119.26496543884278,125.87152084350586,0.9790147578146629,0.9276297010826731,0.02531432032968183,0.025056786718900877,38.13869431186496,0.5305614053321916,128138335.0,1.4480405102813299,1
2021-03-22,120.07067108154295,120.53776181396455,117.02487423771213,117.09299086284075,111912300.0,0.02833546237156348,-0.004480221165182874,-0.03390511131241847,-0.006450566769129029,119.54327392578125,119.13797531127929,125.72877380371094,1.0078287025428017,0.954997551069722,0.022282869035717606,0.02523525045556256,47.42633053848576,-0.3968601370523769,128538130.0,0.8706544898389295,0
2021-03-23,119.24356079101562,120.89782623844285,118.8543196786337,120.0123099463268,95467100.0,-0.0068885289228176605,0.02833546237156348,-0.004480221165182874,-0.03390511131241847,118.95357513427734,118.97644119262695,125.54752563476562,1.0022451469863365,0.949788219147472,0.018910147292324476,0.0252727011846111,50.76435678372888,-0.14694720776894055,125397835.0,0.7613137818527728,0
2021-03-24,116.85945892333984,119.59387224546333,116.84000020937296,119.51602254128295,88530500.0,-0.019993548094845326,-0.0068885289228176605,0.02833546237156348,-0.004480221165182874,118.04469757080078,118.72051620483398,125.3782536315918,0.9843240465844743,0.9320552451361831,0.01986514684873259,0.02562187694123955,49.93734129613864,-0.07265958639154224,124272365.0,0.7123908843289496,1
2021-03-25,117.34601593017578,118.38723908571315,115.79879193762964,116.32426633816141,98844700.0,0.00416360824633899,-0.019993548094845326,-0.0068885289228176605,0.02833546237156348,118.0563735961914,118.70105476379395,125.22221115112305,0.9885844415088426,0.9371022508822978,0.019113818674771476,0.024438336947803025,48.666881081253976,0.1165044815063736,121804625.0,0.8115020262982625,1
2021-03-26,117.94933319091795,118.21207408800578,115.72093550893463,117.11246742653448,94071200.0,0.005141352741802274,0.00416360824633899,-0.019993548094845326,-0.0068885289228176605,118.29380798339844,118.69862098693848,125.03761962890626,0.9936874768233156,0.9433107695186032,0.019045714522865832,0.024460242900704025,59.08579908859561,-0.048292928199488716,118280165.0,0.795325234793171,1
2021-03-29,118.12450408935548,119.28249444245718,117.48226251708941,118.37751194468804,80819200.0,0.0014851368269628296,0.005141352741802274,0.00416360824633899,-0.019993548094845326,117.90457458496094,118.3872299194336,124.89500930786133,0.9977807924870199,0.9457904262466019,0.017095448586380516,0.020976612511170903,50.6775463141665,-0.14087202034203883,116505730.0,0.6936929196529648,0
2021-03-30,116.67457580566406,117.16112532326552,115.66255191815422,116.8789257121579,85671900.0,-0.012274576683891314,0.0014851368269628296,0.005141352741802274,0.00416360824633899,117.39077758789062,118.13325119018555,124.75779663085937,0.9876522878205296,0.9352086920137551,0.016521589553107383,0.0206619079888745,49.82233984997587,0.06004390045929675,115676280.0,0.7406176962122226,1
2021-03-31,118.8640594482422,120.19720049628938,117.8909603245139,118.37750988637804,118323800.0,0.01876573047263519,-0.012274576683891314,0.0014851368269628296,0.005141352741802274,117.7916976928711,118.13763122558593,124.65096496582031,1.0061489993926587,0.9535751245955866,0.018042846662832658,0.020440472043162877,50.416887414940305,0.3811273007835707,115944155.0,1.0205240617778446,1
2021-04-01,119.69117736816406,120.83943448866229,119.19489479787379,120.33342627373456,75089100.0,0.006958519873553781,0.01876573047263519,-0.012274576683891314,0.0014851368269628296,118.26072998046875,118.27727088928222,124.47905700683594,1.0119541689476872,0.9615366652527827,0.014229778582229458,0.02013140811830272,54.33733392437681,-0.36539309927504016,110790860.0,0.6777553671846216,1
2021-04-05,122.51316833496094,122.7661761594041,119.75929632134557,120.53777850848313,88651200.0,0.023577268006284013,0.006958519873553781,0.01876573047263519,-0.012274576683891314,119.17349700927734,118.4952449798584,124.26953308105469,1.0339078868167706,0.9858664895365128,0.015493496696766916,0.020643906520889335,54.21632196990151,0.18061343124368245,107535090.0,0.8243932282941318,1
2021-04-06,122.81483459472656,123.71008397089403,122.26990148299974,123.09703422020135,80171300.0,0.0024623170216351298,0.023577268006284013,0.006958519873553781,0.01876573047263519,120.11156311035157,118.97449607849121,124.02329040527344,1.0322786701588698,0.9902562187586059,0.013130180433576834,0.017905120252494286,51.496718107852296,-0.09565465554893782,103824825.0,0.7721785228147507,1
2021-04-07,124.45936584472656,124.47882455845117,121.7736104771957,122.4450511751175,83466700.0,0.013390330699273756,0.0024623170216351298,0.023577268006284013,0.006958519873553781,121.66852111816407,119.3058364868164,123.73512145996094,1.043195953439207,1.0058531836088267,0.013112532705049413,0.015913011911437874,57.052986908511734,0.04110448502144792,101521870.0,0.8221548716547479,1
2021-04-08,126.85317993164062,126.88237171232534,125.06268142419076,125.4811068462127,88844600.0,0.019233699855907505,0.013390330699273756,0.0024623170216351298,0.023577268006284013,123.26634521484375,119.81087341308594,123.49016510009766,1.0587785258377518,1.0272330580238274,0.010651568608207861,0.01604991191752534,73.98729248894642,0.06443168353367268,100366935.0,0.8851978990889778,1
2021-04-09,129.42218017578125,129.46109760648577,125.9871415439433,126.30826602843275,106686700.0,0.02025176070103263,0.019233699855907505,0.013390330699273756,0.0024623170216351298,125.2125457763672,120.34802474975587,123.31796508789063,1.075399288396246,1.0494998038894012,0.011161770425343357,0.016221166138534766,78.79593817158026,0.20082368540125128,100549945.0,1.0610319080731472,0
2021-04-12,127.70951080322266,129.276200697575,127.11591985323048,128.95507626413877,91420000.0,-0.013233198283574277,0.02025176070103263,0.019233699855907505,0.013390330699273756,126.25181427001954,120.8447925567627,123.20809310913086,1.0568060741486687,1.036535081263734,0.013333219609062813,0.016487469404935277,68.73508192451315,-0.1430984368248338,100715690.0,0.9077036557064744,1
2021-04-13,130.81370544433594,131.03752892907758,128.380957683949,128.87724772998885,91266500.0,0.024306683359677672,-0.013233198283574277,0.02025176070103263,0.019233699855907505,127.85158843994141,121.35275001525879,123.25999557495118,1.0779624312418756,1.06128273682106,0.01401799938729675,0.016477774866126154,75.52589481565064,-0.0016790636622183719,100658825.0,0.9066914897923753,0
2021-04-14,128.47824096679688,131.36834576141277,128.11819914098413,131.3099622056929,87222800.0,-0.017853362303331788,0.024306683359677672,-0.013233198283574277,0.02025176070103263,128.65536346435547,121.66705932617188,123.22282516479493,1.0559821341811606,1.0426496941209837,0.015088318040430931,0.01705120540622846,75.6883267249874,-0.04430650896002364,99258570.0,0.8787432661985761,1
2021-04-15,130.88180541992188,131.36835488244947,130.04493975044198,130.22010527807376,89347100.0,0.018707949572147164,-0.017853362303331788,0.024306683359677672,-0.013233198283574277,129.46108856201172,122.14095726013184,123.2172087097168,1.0715636126968782,1.0622039469199618,0.015084507724631905,0.0172711146369267,77.58812382850655,0.024354870515507443,98129295.0,0.9105038408764682,0
2021-04-16,130.5509796142578,131.04725481288563,129.69464764958488,130.68721289515452,84922400.0,-0.002527668415045481,0.018707949572147164,-0.017853362303331788,0.024306683359677672,129.68684844970704,122.80412445068359,123.2253807067871,1.0630830210160023,1.0594487829167423,0.015572069973205553,0.014920708398358573,75.97268448180048,-0.04952259222739186,96313930.0,0.881725000734577,1
2021-04-19,131.21267700195312,131.82573417670255,129.75302837507442,129.91845343765638,94264200.0,0.005068498066046256,-0.002527668415045481,0.018707949572147164,-0.017853362303331788,130.38748168945312,123.5266502380371,123.17974197387696,1.0622216076377442,1.0652131178337727,0.01470023510924504,0.014736984867131502,76.44508202710585,0.11000395655327688,91749665.0,1.0274064760890407,0
2021-04-20,129.5292205810547,131.88411859918818,128.2641887932471,131.38784340823202,94812300.0,-0.012829983042517923,0.005068498066046256,-0.002527668415045481,0.018707949572147164,130.13058471679688,123.9995777130127,123.10870620727539,1.04459404596393,1.0521532113494005,0.015963618969993945,0.014315180834701222,75.73041223416439,0.005814508583322109,90894665.0,1.0431008244543285,1
2021-04-21,129.9087371826172,130.15201197134868,127.76792201144299,128.79940473993418,68847100.0,0.0029299690051405314,-0.012829983042517923,0.005068498066046256,-0.002527668415045481,130.41668395996095,124.53283653259277,123.04234146118164,1.0431685393162746,1.0558051451223547,0.015726568949530402,0.014092511105484156,73.83450877448323,-0.27385898243160434,89563665.0,0.7686945370089534,0
2021-04-22,128.3906707763672,130.5412110225183,127.87492954910141,129.46107065350094,84566500.0,-0.01168563746498441,0.0029299690051405314,-0.012829983042517923,0.005068498066046256,129.91845703125,125.10939712524414,122.96313064575196,1.0262272357354438,1.044139573399864,0.015525496454896632,0.013443554314293255,68.22993773177917,0.22832334259540343,89365465.0,0.9462995576646974,1
2021-04-23,130.7066650390625,131.4851323617936,128.60476763173878,128.60476763173878,78657500.0,0.01803864913775044,-0.01168563746498441,0.0029299690051405314,-0.012829983042517923,129.94959411621093,125.77742958068848,122.9423063659668,1.0391901430551325,1.0631544901230603,0.01523866600867168,0.013763092561422077,67.54160900795658,-0.06987400448168013,88356105.0,0.8902327688618686,1
2021-04-26,131.0959014892578,131.426751593288,129.9671030596472,131.20294297565732,66905100.0,0.002977938807320779,0.01803864913775044,-0.01168563746498441,0.0029299690051405314,129.92623901367188,126.43475799560547,122.93432662963868,1.0368659976698367,1.066389714601092,0.014383677783520067,0.013774520796606415,67.66286076194902,-0.1494123255887868,86997800.0,0.7690435850101957,0
2021-04-27,130.77481079101562,131.76737620766062,130.50234418226077,131.37812758921328,66015800.0,-0.0024492809812860505,0.002977938807320779,0.01803864913775044,-0.01168563746498441,130.17535705566405,127.06727333068848,122.91525436401368,1.029177752564804,1.0639428886810571,0.012251084987858514,0.013861008860347582,64.27632722666954,-0.013291961300409105,86257630.0,0.765332875480117,0
2021-04-28,129.986572265625,131.3878372667235,129.50002274292763,130.69693041123548,107760100.0,-0.0060274491748282255,-0.0024492809812860505,0.002977938807320779,0.01803864913775044,130.19092407226563,127.73287315368653,122.92284469604492,1.0176438457563455,1.0574647258371443,0.01081928464087092,0.013512727748503813,57.63757112220784,0.6323380160507031,87362040.0,1.2334888242078597,0
2021-04-29,129.8892822265625,133.38271977828063,128.88699119854815,132.79885429572334,151101000.0,-0.000748462224726465,-0.0060274491748282255,-0.0024492809812860505,0.002977938807320779,130.4906463623047,128.28413429260254,122.97422454833985,1.0125124431233155,1.056231764856581,0.008905149359370841,0.013205717111969767,51.29453505926731,0.4021980306254356,89000900.0,1.697746876716977,0
2021-04-30,127.92356872558594,129.96706719986483,127.54406080548353,128.23495260572474,109839500.0,-0.01513376213402906,-0.000748462224726465,-0.0060274491748282255,-0.0024492809812860505,129.93402709960938,128.69575386047364,123.00828170776367,0.9939999175440949,1.0399589925944965,0.01001209258030973,0.013897514031141325,50.58503834850579,-0.27307231586819414,90738420.0,1.210507081785202,1
2021-05-03,128.97454833984375,130.46340362512916,128.28365629304724,128.48799878924353,75135100.0,0.008215683980113964,-0.01513376213402906,-0.000748462224726465,-0.0060274491748282255,129.50975646972657,129.01882286071776,123.06024581909179,0.999656836732096,1.0480602202716744,0.010303697359862472,0.013128209224556793,44.337966081630704,-0.3159555533300862,90062615.0,0.8342540353730569,0
2021-05-04,124.41070556640624,127.95279275381809,123.29164023246338,127.66086008438737,137564700.0,-0.0353856077201522,0.008215683980113964,-0.01513376213402906,-0.000748462224726465,128.2369354248047,129.09861640930177,123.09625045776367,0.9636873657264249,1.0106782708957782,0.014593610987508701,0.015644159765344792,38.98851471144676,0.8308979425062322,92932285.0,1.4802681328668503,1
2021-05-05,124.65399169921876,126.94076551104096,124.5274840738415,125.72439172337612,84000900.0,0.0019555080224400445,-0.0353856077201522,0.008215683980113964,-0.01513376213402906,127.17041931152343,129.10834770202638,123.1398454284668,0.9654990859840606,1.012296152114561,0.014545914477911375,0.015364817376631907,30.907093845488944,-0.38937169201110455,92958995.0,0.9036339086927521,1
2021-05-06,126.2498779296875,126.2596035749363,123.71008135413715,124.44963872166365,78128300.0,0.01280252809167548,0.0019555080224400445,-0.0353856077201522,0.008215683980113964,126.44253845214844,129.07818260192872,123.22528381347657,0.9780884374475307,1.024545239601876,0.015161093616336383,0.015008467226112468,37.76308900637207,-0.0699111557138078,92423180.0,0.8453323073280967,1
2021-05-07,126.92243194580078,127.94590938474946,126.2108524591679,127.54627247102638,78973300.0,0.005327165674471779,0.01280252809167548,0.0019555080224400445,-0.0353856077201522,126.2423110961914,128.95319519042968,123.40902755737305,0.9842519354279667,1.028469589769633,0.01380621638843044,0.014295796718943547,37.80151250303158,0.010815543151457385,91037510.0,0.8674808878230523,0
2021-05-10,123.64727020263672,126.26934761190338,123.6082792363769,126.14263998590019,88071200.0,-0.02580443577194169,0.005327165674471779,0.01280252809167548,0.0019555080224400445,125.17685546875,128.75008316040038,123.52201278686523,0.960366526898422,1.001014049341858,0.01536880126608678,0.015120256655827556,34.663935336052745,0.11520222657531098,90870070.0,0.9691992093766407,0
2021-05-11,122.73101043701172,123.0819142652862,119.67028275042819,120.38185488141869,126142800.0,-0.007410270878794201,-0.02580443577194169,0.005327165674471779,0.01280252809167548,124.84091644287109,128.34594841003417,123.4895864868164,0.9562515370170932,0.9938571658438125,0.015331344092017819,0.013883167046277307,31.794987501456163,0.4322820626947288,92613885.0,1.362029030528198,0
2021-05-12,119.6702880859375,121.4930768252382,119.16342036759427,120.28438654552215,112172300.0,-0.024938459645820754,-0.007410270878794201,-0.02580443577194169,0.005327165674471779,123.84417572021485,127.90555076599121,123.44790924072265,0.9356145012414631,0.9693990673635564,0.01643166862048952,0.014361809584426339,29.487491475539315,-0.11075146579907846,93861360.0,1.1950849636101586,1
2021-05-13,121.8147430419922,122.96495055227784,121.12267010296466,121.43459040557941,105861300.0,0.01791969410581462,-0.024938459645820754,-0.007410270878794201,-0.02580443577194169,122.95714874267578,127.45219764709472,123.5086749267578,0.9557680863164698,0.9862849157294407,0.018313854581488067,0.014298756807111119,28.913821601843466,-0.056261661747151526,94687070.0,1.1180122058904136,1
2021-05-14,124.23212432861328,124.66101753625983,122.67252280548946,123.06242504546209,81918000.0,0.01984473493317429,0.01791969410581462,-0.024938459645820754,-0.007410270878794201,122.41908721923828,127.1362548828125,123.65534973144531,0.9771573375598008,1.004664372373865,0.01971435958073695,0.015222871205675174,35.151606777338074,-0.22617613802211012,94536850.0,0.8665192461987046,0
2021-05-17,123.08191680908205,123.72525662054227,122.0096912267483,123.61803331863223,74244600.0,-0.009258535388872224,0.01984473493317429,0.01791969410581462,-0.024938459645820754,122.30601654052734,126.72971687316894,123.7539143371582,0.9712159061497975,0.9945698887047293,0.019406689833173646,0.015191642162012122,33.93429766774601,-0.09367172050098882,93535870.0,0.7937553796206739,0
2021-05-18,121.69778442382812,123.78375308679564,121.62955208202142,123.3646094337638,63342900.0,-0.011245619349598779,-0.009258535388872224,0.01984473493317429,0.01791969410581462,122.09937133789063,126.33814506530761,123.92327377319336,0.9632703120733587,0.9820413931814103,0.016406748601782612,0.015142190983440936,33.11021482307848,-0.14683492132761167,91962400.0,0.6887912886136073,0
2021-05-19,121.54180908203124,121.76599784022277,119.75801143334377,120.05043995950335,92612000.0,-0.001281661309902593,-0.011245619349598779,-0.009258535388872224,0.01984473493317429,122.47367553710937,125.91979866027832,123.99745880126953,0.9652319204380357,0.9801959673772512,0.01635009925683232,0.015084503046792043,33.031216655500145,0.46207388673395133,93150645.0,0.9942174850211719,1
2021-05-20,124.0956802368164,124.49533214416667,121.94147911381228,122.06820163895645,76857100.0,0.021012285188724666,-0.001281661309902593,-0.011245619349598779,-0.009258535388872224,122.92986297607422,125.70504913330078,124.14432357788085,0.9871972613066818,0.9996081710410711,0.01737265921811945,0.015869555027078604,42.40037370369261,-0.17011726342158684,92765175.0,0.8285124239780716,0
2021-05-21,122.2631378173828,124.76825004025154,122.04869119774337,124.59279439116175,79295400.0,-0.014767173328970817,0.021012285188724666,-0.001281661309902593,-0.011245619349598779,122.53606567382812,125.28287277221679,124.21600326538086,0.9758966657770984,0.9842784713993263,0.017644504588172977,0.01542425758999388,37.076679794514526,0.031725110627385034,92797070.0,0.8545032725709982,1
2021-05-24,123.89097595214844,124.70977148763245,122.76026751533502,122.82849985689472,63092900.0,0.013314218527558541,-0.014767173328970817,0.021012285188724666,-0.001281661309902593,122.6978775024414,124.92262649536133,124.3383396911621,0.9917416838553967,0.9964020450962684,0.016470282185233442,0.015811164845684008,48.871638203366864,-0.20433089435200524,92606460.0,0.6813012828694672,0
2021-05-25,123.69601440429688,125.08016771850949,123.13065653206684,124.59278434432386,72009500.0,-0.0015736541451321084,0.013314218527558541,-0.014767173328970817,0.021012285188724666,123.09752349853515,124.5686866760254,124.39916885375976,0.9929944491267044,0.994347595277831,0.01626812349388764,0.01581311640446046,47.915804919181056,0.14132493513533229,92906145.0,0.7750779025434754,0
2021-05-26,123.64727020263672,124.17363709199465,123.22812661130169,123.75449350065962,56575900.0,-0.0003940644481950084,-0.0015736541451321084,0.013314218527558541,-0.014767173328970817,123.51861572265625,124.25172157287598,124.42827316284179,0.9951352676438794,0.9937232677079513,0.013562799023468415,0.015800128136703045,43.92901520304482,-0.21432727626215986,90346935.0,0.6262071867739619,0
2021-05-27,122.11690521240234,124.41732007226534,121.92195782567474,123.24762087836753,94625600.0,-0.012376860303720205,-0.0003940644481950084,-0.0015736541451321084,0.013314218527558541,123.12286071777343,123.86310272216797,124.44253433227539,0.9859021978992207,0.9813116220080881,0.013330171282250412,0.01595026732056055,39.221708331935886,0.6725425490358969,87523165.0,1.081149202042682,0
2021-05-28,121.46382904052734,122.6237861257757,121.40534630909178,122.3995899273286,71311100.0,-0.005347958750994253,-0.012376860303720205,-0.0003940644481950084,-0.0015736541451321084,122.96299896240234,123.54011573791504,124.52605819702148,0.9831934211410935,0.9754089288552829,0.011484558180693225,0.01570534947493547,44.44996928156089,-0.24638681287093556,85596745.0,0.833105277542972,0
2021-06-01,121.14215087890624,122.18513499335711,120.81073884102746,121.92195528308666,67637100.0,-0.00264834530709368,-0.005347958750994253,-0.012376860303720205,-0.0003940644481950084,122.41323394775391,123.14849586486817,124.61365798950196,0.9837079213036958,0.9721418408976632,0.01121981018642399,0.015502897548844869,45.83543806140244,-0.051520730994193076,85221845.0,0.7936591844497147,1
2021-06-02,121.90248107910156,122.07793673418138,120.91798692698966,121.14217571934485,59278900.0,0.006276347205980803,-0.00264834530709368,-0.005347958750994253,-0.012376860303720205,122.05452728271484,123.02308464050293,124.65029418945312,0.9908911114960579,0.9779558233037523,0.010897665839954208,0.013607201266407194,56.65311082469301,-0.1235741922702186,81307555.0,0.7290700107757514,0
2021-06-03,120.42083740234376,121.69775987143738,120.02118559755706,121.5320538514475,76229200.0,-0.012154335692284857,0.006276347205980803,-0.00264834530709368,-0.005347958750994253,121.40924072265625,122.81142692565918,124.67383972167968,0.9805344699336285,0.9658869709248527,0.01158499191016475,0.013813943090886906,45.67452519733136,0.2859415407505874,80918970.0,0.9420436271000484,1
2021-06-04,122.71151733398438,122.97470451422886,120.72302254551224,120.93746915555829,75169300.0,0.019022288675730747,-0.012154335692284857,0.006276347205980803,-0.00264834530709368,121.52816314697266,122.63450889587402,124.79088088989258,1.0006279508011544,0.983337215499401,0.011177344028212903,0.014220121538194517,45.24395522790522,-0.013904120730638625,80771020.0,0.9306469077646908,1
2021-06-07,122.72127532958984,123.13066937489863,121.67829101219802,122.9844550910691,71057600.0,7.951980235820777e-05,0.019022288675730747,-0.012154335692284857,0.006276347205980803,121.77965240478515,122.42445106506348,124.89838607788086,1.0024245505039562,0.9825689441100266,0.01008802229573201,0.014139116724800201,48.78535872902317,-0.05469919235645404,80375235.0,0.8840733093968559,1
2021-06-08,123.54005432128906,125.21663622404847,123.02343700167279,123.4035896495703,74403800.0,0.006671858563238153,7.951980235820777e-05,0.019022288675730747,-0.012154335692284857,122.25923309326171,122.4190902709961,125.01020050048828,1.0091567748772803,0.9882397902466089,0.009335254178936308,0.013033038635690093,56.45041512175834,0.047091373758753496,79691865.0,0.9336436033966579,1
2021-06-09,123.92019653320312,124.52454534046706,123.32559732645998,123.99817846383709,56877900.0,0.0030770766129455396,0.006671858563238153,7.951980235820777e-05,0.019022288675730747,122.66277618408203,122.47854957580566,125.12611434936524,1.0117706076891873,0.9903623810070928,0.00937743281729446,0.012928179383168094,58.198842578224884,-0.23555114120515352,76228620.0,0.7461488873863911,0
2021-06-10,122.9259796142578,124.95346562999302,122.76027355328648,123.81300009816206,71186400.0,-0.008023041818521759,0.0030770766129455396,0.006671858563238153,7.951980235820777e-05,123.16380462646484,122.64133415222167,125.25114242553711,1.0023209586229942,0.9814359951833442,0.009736444605373025,0.011663610021069838,45.4819516766419,0.25156519491753393,74179325.0,0.959652841273495,1
2021-06-11,124.1346435546875,124.22237508614661,122.91620377217826,123.33534735483208,53522400.0,0.009832453190306012,-0.008023041818521759,0.0030770766129455396,0.006671858563238153,123.44842987060547,122.75732917785645,125.35655410766601,1.0112198138070887,0.9902525196095527,0.009258272642502806,0.011191657314384661,57.594855974468146,-0.24813728464987694,71562380.0,0.747912520517065,1
2021-06-14,127.18563842773438,127.24412116871932,123.86173793219395,124.59280194157657,96906500.0,0.024578109588744734,0.009832453190306012,-0.008023041818521759,0.0030770766129455396,124.34130249023437,122.9050048828125,125.50644332885742,1.0348287976474462,1.0133793537155464,0.011337741245157094,0.011651666859688289,61.98579150887779,0.8105783746618238,72311805.0,1.3401200537035411,0
2021-06-15,126.3668212890625,127.30258955054586,126.1231333418934,126.6592498003718,62746300.0,-0.00643796853791101,0.024578109588744734,0.009832453190306012,-0.008023041818521759,124.90665588378906,123.06925010681152,125.58351638793945,1.0267944362981738,1.006237322569495,0.011668100360122531,0.011534391704233886,59.29436053414667,-0.3525067977896219,71736890.0,0.8746727102331868,1
2021-06-16,126.86399841308594,127.58532042701633,125.21667961701894,127.07844509632095,91815000.0,0.00393439606181234,-0.00643796853791101,0.024578109588744734,0.009832453190306012,125.49541625976562,123.32756080627442,125.66449966430665,1.0286751605536626,1.0095452474802635,0.011647336119876716,0.01115295152232712,60.855353101562535,0.46327353166640894,73160495.0,1.2549805738739193,1
2021-06-17,128.46255493164062,129.20337594415264,126.37658632134162,126.52280804022224,96721700.0,0.012600552864096004,0.00393439606181234,-0.00643796853791101,0.024578109588744734,126.60273132324218,123.67359809875488,125.74456344604492,1.038722547952892,1.0216151808961662,0.010380521896207818,0.011358898366123762,71.31628140852906,0.05344115885203937,73365980.0,1.318345369338759,0
2021-06-18,127.16612243652344,128.1895998960208,126.95167585727805,127.40981037898122,108953300.0,-0.010091909629285079,0.012600552864096004,0.00393439606181234,-0.00643796853791101,127.20902709960937,123.82712020874024,125.75082229614257,1.0269650317487358,1.0112547982950588,0.010569711909302974,0.01085722909257119,68.36147948993471,0.12646179709413707,74970790.0,1.4532766694868762,1
2021-06-21,128.9596710205078,129.066894317528,125.94769141357571,127.01016734634604,79663300.0,0.014103981073100957,-0.010091909629285079,0.012600552864096004,0.00393439606181234,127.56383361816407,124.16194686889648,125.74157211303711,1.038640857948831,1.0255929590619222,0.010970265684056821,0.010525799994898465,72.99305714503703,-0.26883077428586377,74989185.0,1.0623305213945184,1
2021-06-22,130.59725952148438,130.69474066397615,128.29684436989922,128.7939773736595,74783600.0,0.012698454392894298,0.014103981073100957,-0.010091909629285079,0.012600552864096004,128.40992126464843,124.49726104736328,125.79932708740235,1.0489970495961387,1.038139571531639,0.011233203512622235,0.010494039911890707,74.31833914169412,-0.06125405299554498,75573720.0,0.9895450429064495,0
2021-06-23,130.3243408203125,130.92869718078555,129.86620618552573,130.3925806003398,60214200.0,-0.002089773569306619,0.012698454392894298,0.014103981073100957,-0.010091909629285079,129.10198974609375,124.82867736816407,125.78953979492188,1.044025648336718,1.036050700501678,0.011479657250813617,0.010505708117235652,79.70764538087751,-0.19482078958488225,74983955.0,0.803027794412818,0
2021-06-24,130.04165649414062,131.240597184488,129.5737648661965,131.05539194095186,68711000.0,-0.0021690831075188433,-0.002089773569306619,0.012698454392894298,0.014103981073100957,129.41781005859374,125.14839668273926,125.82080810546876,1.039099660412,1.033546505162594,0.010868496802407016,0.010540356083424,74.99999999999994,0.14110957216071962,75590710.0,0.9089873610130134,0
2021-06-25,129.7492218017578,130.50952706925113,129.45679326652197,130.09039090512184,70783700.0,-0.0022487770478069047,-0.0021690831075188433,-0.002089773569306619,0.012698454392894298,129.93442993164064,125.53001251220704,125.79815643310548,1.033611159635155,1.031407975130012,0.011027892547841213,0.010014275590712359,73.51591925469322,0.030165475688026744,74398615.0,0.9514115282925629,1
2021-06-28,131.37704467773438,131.83517920756188,129.9831567614525,130.04163948891443,62111300.0,0.012545916294308901,-0.0022487770478069047,-0.0021690831075188433,-0.002089773569306619,130.41790466308595,126.02567329406739,125.814677734375,1.0424625494456208,1.0442107951434956,0.009076006308528001,0.010020709866195552,74.87617732047039,-0.12251973265031357,73938625.0,0.8400386131064785,1
2021-06-29,132.88792419433594,133.0438880631515,130.9579196567259,131.3965550234282,64556100.0,0.01150033112944282,0.012545916294308901,-0.0022487770478069047,-0.0021690831075188433,130.87603759765625,126.61296195983887,125.84818267822266,1.049560188288522,1.0559383645142733,0.008706047782159677,0.010027721801180643,76.55886922499175,0.039361597648092994,73784575.0,0.8749267716185937,1
2021-06-30,133.50201416015625,133.94064949902392,132.43952338561445,132.73195190270366,63261400.0,0.004621111884645535,0.01150033112944282,0.012545916294308901,-0.0022487770478069047,131.511572265625,127.1929386138916,125.92763854980468,1.0496024041508827,1.0601486353399368,0.00869872665819119,0.010020727597744116,82.04352228124438,-0.02005542466165089,73983700.0,0.8550721307531254,1
2021-07-01,133.80416870117188,133.86265142282898,132.33228412965926,133.1510868534501,52485800.0,0.002263295748131222,0.004621111884645535,0.01150033112944282,0.012545916294308901,132.26407470703126,127.862105178833,126.00554718017578,1.0464724361766768,1.061891096824847,0.00832056811315477,0.009239987200870055,80.99981802278825,-0.17033451678274592,72796530.0,0.7209931572287855,1
2021-07-02,136.42626953125,136.46525305919846,134.27206149217562,134.41826831389758,78852600.0,0.01959655558964024,0.002263295748131222,0.004621111884645535,0.01150033112944282,133.5994842529297,128.5478427886963,126.16625915527344,1.0612878953986342,1.0813213488667324,0.007978346813917047,0.009285576792141606,80.46253614192383,0.5023606384965076,72980695.0,1.0804583321657872,1
2021-07-06,138.4342498779297,139.53570925876045,136.53348691022637,136.53348691022637,108181800.0,0.01471842888894459,0.01959655558964024,0.002263295748131222,0.004621111884645535,135.01092529296875,129.33349151611327,126.32081085205078,1.070366602301791,1.095894246911274,0.00804055682856133,0.00942401292460718,86.88908148005795,0.37194968840596254,74836905.0,1.4455675311532459,1
2021-07-07,140.91990661621094,141.2318195282519,139.0581266890823,139.91589835234652,104911600.0,0.017955504078456697,0.01471842888894459,0.01959655558964024,0.002263295748131222,136.61732177734376,130.20248413085938,126.51729095458984,1.082313502364364,1.1138391088913733,0.008596715836057915,0.00979163754444384,88.31023216507742,-0.03022874457625957,76362295.0,1.373866513571914,0
2021-07-08,139.62347412109375,140.42276298269945,137.11835448019005,138.0053823208354,105575500.0,-0.009199782530710632,0.017955504078456697,0.01471842888894459,0.01959655558964024,137.84161376953125,130.9876480102539,126.6942642211914,1.0659285531271148,1.102050475444805,0.009714843392744749,0.010393618223802203,80.92914022434813,0.006328184871835063,78797175.0,1.339838642692457,1
2021-07-09,141.44627380371094,141.972633378387,139.04837716154248,139.14585831818513,99890800.0,0.013055109064513681,-0.009199782530710632,0.017955504078456697,0.01471842888894459,139.37003479003906,131.91366271972657,126.92345825195312,1.072264016383489,1.11442183936502,0.009310009366955653,0.009952469591639939,88.45139957138537,-0.05384487878342992,80232395.0,1.2450182996531514,0
2021-07-12,140.8516387939453,142.62569425576672,140.36426288116348,142.51847096001342,76299700.0,-0.004203963765003982,0.013055109064513681,-0.009199782530710632,0.017955504078456697,140.25510864257814,132.74951248168946,127.14270538330078,1.0610331907122703,1.1078232004684485,0.009577076115767915,0.010239542633524654,84.23098951836482,-0.2361688964349069,81371260.0,0.937673817512473,1
2021-07-13,141.96286010742188,143.7369156295679,140.00361422588887,140.39350901995923,100827100.0,0.007889303404571502,-0.004203963765003982,0.013055109064513681,-0.009199782530710632,140.96083068847656,133.48837356567384,127.4234912109375,1.0634848287935634,1.1141027353615343,0.009459378534692666,0.009317542014881471,83.73820972645478,0.3214612901492404,81567290.0,1.236121734582576,1
2021-07-14,145.3842315673828,145.79364043052715,143.95134516697595,144.3607540301203,127050800.0,0.024100468653364793,0.007889303404571502,-0.004203963765003982,0.013055109064513681,141.85369567871095,134.43924407958986,127.75168487548828,1.0814121468974742,1.1380220285085076,0.010754644498818118,0.009741842995097292,87.66429580533853,0.260085830099249,84782515.0,1.4985495535252757,0
2021-07-15,144.73114013671875,146.21276700697837,143.37623575739534,145.47196100861444,106820300.0,-0.004492175139099386,0.024100468653364793,0.007889303404571502,-0.004203963765003982,142.87522888183594,135.33260116577148,128.15809356689454,1.069447708017042,1.129317205870994,0.011532423978167835,0.010061965643535469,86.06963869289196,-0.15923158295736828,85532780.0,1.2488814230053087,0
2021-07-16,142.69393920898438,145.97884856339024,142.1968210625346,144.7116829108476,93251400.0,-0.014075760930301162,-0.004492175139099386,0.024100468653364793,0.007889303404571502,143.12476196289063,136.04417037963867,128.51889251708985,1.0488794838528483,1.1102954313896658,0.013458591154884599,0.010960686471715777,79.27683866946708,-0.12702548111173628,85359265.0,1.092457860315456,0
2021-07-19,138.85342407226562,140.43253247911716,138.09311867670348,140.12060468938105,121434600.0,-0.026914353601900864,-0.014075760930301162,-0.004492175139099386,0.024100468653364793,142.7251190185547,136.62853546142577,128.7709634399414,1.016284216202171,1.0782976252020253,0.016200387223427166,0.012711584233166017,65.37076401454597,0.3022281703009284,85983330.0,1.4123039896221745,1
2021-07-20,142.4600067138672,143.38603306380864,139.35056015600642,139.83793618290784,96350000.0,0.02597402740118615,-0.026914353601900864,-0.014075760930301162,-0.004492175139099386,142.82454833984374,137.30355224609374,129.08171493530273,1.0375551424811746,1.1036420362502142,0.017527841910985383,0.013440640191259248,68.11807845248465,-0.20656880329000138,86817665.0,1.1097971824052166,0
2021-07-21,141.72894287109375,142.4405225803077,140.97839449756518,141.8556653977963,74993500.0,-0.005131712819877898,0.02597402740118615,-0.026914353601900864,-0.014075760930301162,142.09349060058594,137.86013641357422,129.44334838867186,1.0280632716473839,1.094910975614851,0.01684765379428961,0.013499656598615638,65.50331425180033,-0.22165542293720808,86828160.0,0.863700209701553,1
2021-07-22,143.09356689453125,144.45821346206498,142.1285572602189,142.25527975346566,77338200.0,0.00962840754889882,-0.005131712819877898,0.02597402740118615,-0.026914353601900864,141.76597595214844,138.49859771728515,129.85059951782227,1.0331770086699776,1.1019861858619402,0.016669490664877308,0.013467255019648967,66.83150085928324,0.03126537633261539,87684360.0,0.8820067797723562,1
2021-07-23,144.8091278076172,144.96509166825837,143.210535419876,143.82463382519293,71447400.0,0.011989084836709685,0.00962840754889882,-0.005131712819877898,0.02597402740118615,142.189013671875,139.236971282959,130.35337631225585,1.040019231051316,1.1108966403810916,0.01659833611321885,0.013455375816206308,65.70486194687129,-0.07616934451538826,87821180.0,0.8135554543903873,1
2021-07-26,145.2283172607422,146.04710543551434,143.9708787526298,144.5264945756414,72434100.0,0.0028947723080130494,0.011989084836709685,0.00962840754889882,-0.005131712819877898,143.4639923095703,140.01092605590821,130.82164779663086,1.0372641718172095,1.1101245069662113,0.016431853831344857,0.01334863907511957,63.53402838992067,0.013810159641918451,87903700.0,0.8240165089751625,0
2021-07-27,143.06436157226562,145.44275893789174,141.87516288945258,145.35501995009983,104818600.0,-0.014900370184634193,0.0028947723080130494,0.011989084836709685,0.00962840754889882,143.58486328125,140.59529190063478,131.19829254150392,1.0175615387844983,1.090443776370092,0.0172662824321498,0.01400628075596556,54.327294045633046,0.44708914723866244,90039065.0,1.1641458071560384,0
2021-07-28,141.31954956054688,143.2593115153304,138.94115215326465,141.1538434950934,118931200.0,-0.01219599341543487,-0.014900370184634193,0.0028947723080130494,0.011989084836709685,143.50298461914062,141.01687316894532,131.5630451965332,1.0021463842219713,1.0741583956911234,0.01558184859007277,0.014368358352888074,53.36167746961746,0.13463831800844517,92757820.0,1.282168985860168,1
2021-07-29,141.96286010742188,142.8498878684949,140.92962551695572,141.03684881635502,56699500.0,0.004552169525557259,-0.01219599341543487,-0.014900370184634193,0.0028947723080130494,143.27684326171874,141.4399154663086,131.96834671020508,1.003697291810372,1.075734171461314,0.01572949608539221,0.014368002329992266,51.07411198176595,-0.5232579844481515,92429725.0,0.6134336113193023,1
2021-07-30,142.17730712890625,142.63544169374407,140.47149137109437,140.73467853831747,70440600.0,0.001510585383543983,0.004552169525557259,-0.01219599341543487,-0.014900370184634193,142.75047912597657,141.85857238769532,132.38105667114257,1.002246848645423,1.0740003948004377,0.015141135795673482,0.014371501950192243,52.800674645414645,0.242349579802291,93327465.0,0.7547681703344241,0
2021-08-02,141.8459014892578,143.2397895751834,141.582714310116,142.6646895204393,62880000.0,-0.0023309320336751815,0.001510585383543983,0.004552169525557259,-0.01219599341543487,142.0739959716797,142.1295539855957,132.7360610961914,0.9980042680189749,1.06863123945244,0.012003023401479343,0.013877707355322306,49.74448824645934,-0.10733298694218962,92528835.0,0.679571941006282,1
2021-08-03,143.63943481445312,144.30225894055675,141.51446802349406,142.12856645538005,64786600.0,0.012644237911457301,-0.0023309320336751815,0.001510585383543983,0.004552169525557259,142.1890106201172,142.3898132324219,133.1635870361328,1.0087760602648694,1.0786690116381272,0.009561124864536552,0.01378542592197192,45.8963903796091,0.030321246819338343,90359075.0,0.7169905181078934,0
2021-08-04,143.2397918701172,144.058579914417,142.58670986762564,143.5517196242508,56368300.0,-0.0027822648066819777,0.012644237911457301,-0.0023309320336751815,0.001510585383543983,142.57305908203125,142.50580749511718,133.5505633544922,1.0051505576362223,1.0725510119332573,0.009425268327920082,0.013288133826857403,46.45015868357645,-0.12993890711968215,87931910.0,0.6410448721061558,1
2021-08-05,143.34703063964844,144.10733603044793,142.4795019309908,143.2690486927029,46397700.0,0.0007486660524367306,-0.0027822648066819777,0.012644237911457301,-0.0023309320336751815,142.84989318847656,142.6919853210449,133.9435836791992,1.0045906244638039,1.0702045346417706,0.008938326268251785,0.013074630766452641,51.711824994780656,-0.17688310628491544,84973020.0,0.5460286100223342,0
2021-08-06,142.6636962890625,143.6106236198985,142.16583326910765,142.8687074712915,54126800.0,-0.004766993411281284,0.0007486660524367306,-0.0027822648066819777,0.012644237911457301,142.94717102050782,142.7528564453125,134.32391220092774,0.9993754229619626,1.0620871142858,0.008007569224033149,0.012843613549469163,61.967911752526724,0.16658368841558957,82684820.0,0.6546159258736972,0
2021-08-09,142.6148681640625,143.21035833317768,142.05843483321482,142.72225212556916,48908700.0,-0.0003422603386152856,-0.004766993411281284,0.0007486660524367306,-0.0027822648066819777,143.10096435546876,142.84101791381835,134.73387145996094,0.9984167730455947,1.0584930620541366,0.007876202087949868,0.012798012339841803,50.6264141999563,-0.09640510800564606,81315270.0,0.6014700559931733,0
2021-08-10,142.1365509033203,144.19635994581478,141.84368416396723,142.95656585685202,69023100.0,-0.003353908795764138,-0.0003422603386152856,-0.004766993411281284,0.0007486660524367306,142.80038757324218,142.84970245361328,135.1473258972168,0.9950076791337767,1.0517155996961347,0.006458911811629959,0.012712239542632335,51.683190027258185,0.41126425359905294,79725070.0,0.8657640564003267,1
2021-08-11,142.3903350830078,143.2298783064216,142.06818321748432,142.57581781429272,48493500.0,0.001785495553920713,-0.003353908795764138,-0.0003422603386152856,-0.004766993411281284,142.6304962158203,142.70000762939452,135.57228958129883,0.9978299051868942,1.050290848688665,0.005033430120638305,0.011411043767713963,46.802724486383816,-0.29743086010335673,75797205.0,0.6397795274904926,1
2021-08-12,145.3482666015625,145.50446416374155,142.37081574173467,142.71249604702388,72282600.0,0.020773400925212515,0.001785495553920713,-0.003353908795764138,-0.0003422603386152856,143.03074340820314,142.73086395263672,136.04120529174804,1.0183380284855161,1.0684135463946747,0.008080507341156553,0.012360551010441128,52.2024127867475,0.490562652726654,74070320.0,0.9758645568157395,1
2021-08-13,145.55323791503906,145.88514647193662,144.74298004086066,145.4263255685366,59375000.0,0.001410208172887506,0.020773400925212515,0.001785495553920713,-0.003353908795764138,143.60865173339843,142.87382888793945,136.54385330200196,1.0187536727191735,1.0659816197885563,0.008081781458505424,0.011889657889043222,51.35096383218458,-0.17857132975294188,72376500.0,0.8203629631164812,1
2021-08-16,147.5251922607422,147.59353426907154,142.9858112009547,145.0065628373872,103296000.0,0.013547993668503455,0.001410208172887506,0.020773400925212515,0.001785495553920713,144.59071655273436,143.3074172973633,137.0401268005371,1.0294316584788281,1.0765109147590484,0.00859715374513967,0.010201836964260982,68.84829682239423,0.739722105263158,71469570.0,1.4453144184301094,0
2021-08-17,146.6173553466797,148.07190241442922,145.54351565601462,146.65639729187643,92229700.0,-0.006153775502003467,0.013547993668503455,0.001410208172887506,0.020773400925212515,145.48687744140625,143.5152847290039,137.5180484008789,1.0216149145614235,1.0661680924912154,0.008543861894943808,0.008847134136000792,74.08852052745435,-0.10713193153655509,71263555.0,1.2942057128640299,0
2021-08-18,142.87844848632812,147.13473517673972,142.67343732669485,146.2366215497856,86326000.0,-0.02550112059729115,-0.006153775502003467,0.013547993668503455,0.001410208172887506,145.58450012207032,143.57276000976563,137.90481628417967,0.995164044186444,1.0360656889016793,0.012214484018464618,0.010638894053831912,53.24857992381504,-0.064010833820342,71830180.0,1.2018068171345249,1
2021-08-19,143.2104034423828,144.47948296107052,141.06273843158576,141.5801299829561,86960300.0,0.00232333819110897,-0.02550112059729115,-0.006153775502003467,0.013547993668503455,145.15692749023438,143.5786018371582,138.29062042236328,0.9974355621933623,1.03557568116329,0.01223798898707653,0.010430845653388383,53.635195110191425,0.007347728378472196,72311285.0,1.202582695080028,1
2021-08-20,144.66488647460938,144.9675098694575,143.28842371499448,143.93272733385453,60549600.0,0.010156266564891991,0.00232333819110897,-0.02550112059729115,-0.006153775502003467,144.97925720214843,143.5713897705078,138.72539855957032,1.007616397012312,1.0428147114855004,0.01250288469383809,0.010328375357757769,59.192711313685194,-0.3037098538068521,71766395.0,0.843704076260205,1
2021-08-23,146.1487579345703,146.61733569322215,144.37204430196212,144.7820517027598,60131800.0,0.010257302211489794,0.010156266564891991,0.00232333819110897,-0.02550112059729115,144.70397033691407,143.6174118041992,139.16568084716798,1.0176256214241084,1.0501781548790838,0.01277893967962516,0.010565433322604878,58.35157345835818,-0.006900128159393337,71151280.0,0.8451260469242436,0
2021-08-24,146.06085205078125,147.2713604372929,145.60203116452846,145.89489777853456,48606400.0,-0.000601482250218055,0.010257302211489794,0.010156266564891991,0.00232333819110897,144.59266967773436,143.767236328125,139.5431851196289,1.0159536747122373,1.0467071675737143,0.012667412581439939,0.009943264264705454,59.58806000491639,-0.1916689671687859,68340670.0,0.7112368081846432,0
2021-08-25,144.8308563232422,146.74423897086186,144.28417982272728,146.24636116832204,58991300.0,-0.008421118391883864,-0.000601482250218055,0.010257302211489794,0.010156266564891991,144.9831512451172,143.94280166625975,139.9124658203125,1.0061694968188923,1.0351533401551676,0.013159837939144745,0.009711029526361775,54.685545561249754,0.2136529345929754,65343675.0,0.9027851586247636,0
2021-08-26,144.03036499023438,145.57278230599707,144.00107981111,144.82110951404735,48597200.0,-0.005527077263295488,-0.008421118391883864,-0.000601482250218055,0.010257302211489794,145.1471435546875,144.0461769104004,140.25579315185547,0.9998902301990573,1.0269120565614867,0.011460353508579827,0.009793075176414085,54.2838967648128,-0.1761971680569847,64938560.0,0.7483566004543372,1
2021-08-27,145.06512451171875,145.21155036889095,143.3372249180138,143.97175682684613,55802400.0,0.007184315068246461,-0.005527077263295488,-0.008421118391883864,-0.000601482250218055,145.22719116210936,144.19056777954103,140.58784454345704,1.006065283920061,1.0318468497955935,0.011729241237523525,0.009897317063306828,57.233372432643776,0.14826368597367745,64206650.0,0.8691062374380224,1
2021-08-30,149.47763061523438,149.83883931473636,145.07491826892314,145.45564049048158,90956700.0,0.03041741506353013,0.007184315068246461,-0.005527077263295488,-0.008421118391883864,145.8929656982422,144.57215423583983,141.03407470703124,1.033930990413218,1.0598689070406768,0.014759621913723124,0.01182861778577457,67.58649681063002,0.6299782805040643,65610485.0,1.3863134832793875,0
2021-08-31,148.21829223632812,149.1652192116683,147.69112933468762,149.0285501067643,86453100.0,-0.008424928691490141,0.03041741506353013,0.007184315068246461,-0.005527077263295488,146.32445373535157,144.80109710693358,141.41924713134765,1.0235992350725838,1.0480772259992703,0.014905751062618069,0.011833636724684975,63.319883520200875,-0.04951366969118276,66693810.0,1.2962687241889466,1
2021-09-01,148.88217163085938,151.29341783710504,148.71621728375123,149.19456679893693,80313700.0,0.0044790651984623064,-0.008424928691490141,0.03041741506353013,0.007184315068246461,147.134716796875,145.0832160949707,141.78494537353515,1.026184665863775,1.0500562752880882,0.01158723437120825,0.01180228108446948,59.02295653203801,-0.07101422621051179,67891080.0,1.1829786770220772,1
2021-09-02,149.9950408935547,151.03959539227287,148.7747752992504,150.20980882981786,71115500.0,0.007474832281830102,0.0044790651984623064,-0.008424928691490141,0.03041741506353013,148.32765197753906,145.415616607666,142.178359375,1.0314919703448637,1.0549779977270515,0.011609797296853616,0.011860449557713216,60.83855469058339,-0.11452840548997245,69126970.0,1.0287663411256127,1
2021-09-03,150.62960815429688,150.95176010192384,149.4483843463314,150.10244500515378,57808700.0,0.004230588271198377,0.007474832281830102,0.0044790651984623064,-0.008424928691490141,149.4405487060547,145.81391220092775,142.59011840820312,1.0330263133378743,1.0563818154851272,0.01145046463809933,0.01174695226855485,58.104100029078225,-0.1871153264759441,69311065.0,0.8340472044398684,1
2021-09-07,152.96270751953125,153.51914078415754,150.71741625258127,151.2836211735212,82278300.0,0.01548898250365549,0.004230588271198377,0.007474832281830102,0.0044790651984623064,150.13756408691407,146.33130416870117,143.0543881225586,1.0453177355898156,1.06926260373421,0.011874368583668018,0.012054446291963807,65.41733493197967,0.4232857684051017,70979545.0,1.1591832548377141,0
2021-09-08,151.42030334472656,153.3043860941943,150.31717858511598,153.24581573453693,74420200.0,-0.010083530814906316,0.01548898250365549,0.004230588271198377,0.007474832281830102,150.77796630859376,146.79549179077148,143.45525329589844,1.0315051334174952,1.0555228886069372,0.012689170551791746,0.012348441080845105,73.23413223805939,-0.09550634857550533,71249400.0,1.0445028309010322,0
2021-09-09,150.40505981445312,152.3965266648195,150.28790419091163,151.79127971049815,57305700.0,-0.0067048044935038575,-0.010083530814906316,0.01548898250365549,0.004230588271198377,151.0825439453125,147.19622802734375,143.80559600830077,1.0217996876014601,1.0458915646493439,0.01251772788722362,0.012545473010014057,68.8683450836394,-0.22997116374317728,71690010.0,0.7993540522591641,0
2021-09-10,145.42636108398438,151.7814983871202,145.1627795675759,151.31292061025323,140893200.0,-0.03310193644157122,-0.0067048044935038575,-0.010083530814906316,0.01548898250365549,150.16880798339844,147.20013275146485,144.04408294677734,0.9879499316045092,1.0095962160258798,0.017035624705933616,0.014166162249525592,51.68545169862351,1.458624534732147,75120540.0,1.8755615974006576,1
2021-09-13,145.99256896972656,147.818081410703,145.21159606216116,147.04688016056696,102404300.0,0.0038934336355649357,-0.03310193644157122,-0.0067048044935038575,-0.010083530814906316,149.24140014648438,147.22209930419922,144.28785095214843,0.9916484662269887,1.0118147023905948,0.01693644212032229,0.014188906341398213,49.63965207203578,-0.2731778396686284,77272005.0,1.3252445047854007,0
2021-09-14,144.5965576171875,147.4763957492906,143.4153491043727,146.7735217186003,109296300.0,-0.009562208284919937,0.0038934336355649357,-0.03310193644157122,-0.0067048044935038575,147.56817016601562,147.07566757202147,144.4512567138672,0.9831439829867168,1.001005881891413,0.013537146355299368,0.013988269217131494,46.81399076507514,0.06730186134761929,77572020.0,1.4089655007050224,1
2021-09-15,145.4849090576172,145.88515965134906,142.88818092204215,145.02608811276684,83281300.0,0.006143655527274472,-0.009562208284919937,0.0038934336355649357,-0.03310193644157122,146.38109130859374,147.01904525756837,144.59226989746094,0.989565051267586,1.0061734915759277,0.013699040380696836,0.014015833911137341,51.44456307224432,-0.2380226961022468,77124600.0,1.079827966692858,0
2021-09-16,145.25062561035156,145.42635157507343,143.71798000246844,144.90896023332135,68034100.0,-0.0016103625371400865,0.006143655527274472,-0.009562208284919937,0.0038934336355649357,145.35020446777344,147.13765411376954,144.67888427734374,0.9871750809486273,1.0039517952869461,0.013524417689122421,0.012711829366566292,52.764245346606515,-0.1830807155988199,76210005.0,0.8927187447369935,0
2021-09-17,142.5855712890625,145.27992686740734,142.29270460935308,145.27992686740734,129868800.0,-0.018347971377681516,-0.0016103625371400865,0.006143655527274472,-0.009562208284919937,144.78204650878905,147.1064125061035,144.73812622070312,0.9692682246815485,0.9851279342364961,0.013893258258757365,0.013411187687912116,44.76943003847124,0.9088780479200871,78355430.0,1.657432037575443,0
2021-09-20,139.53981018066406,141.39460787991925,137.909537174392,140.37935348466607,123478900.0,-0.021360934916926477,-0.018347971377681516,-0.0016103625371400865,0.006143655527274472,143.49149475097656,146.85015869140625,144.6999969482422,0.9502189948183557,0.9643387223468715,0.014360275438938357,0.01397823503126129,27.753575120047373,-0.049202733835994494,81501895.0,1.5150433005269386,1
2021-09-21,140.01815795898438,141.16033974315945,139.38362576406158,140.50626423071614,75834000.0,0.0034280380466404914,-0.021360934916926477,-0.018347971377681516,-0.0016103625371400865,142.57581481933593,146.54362869262695,144.68332733154296,0.955470798752161,0.9677559988521116,0.012612811111469278,0.013752123424184423,30.97838475337211,-0.3858545873019601,82287005.0,0.9215792943247844,1
2021-09-22,142.38059997558594,142.94679012081193,140.28173414994058,141.01389352952881,76404300.0,0.016872397487857294,0.0034280380466404914,-0.021360934916926477,-0.018347971377681516,141.9549530029297,146.3596160888672,144.69168212890625,0.9728134288705345,0.984027539666991,0.014954639711766063,0.014389322998385313,36.02013476988131,0.007520373447266415,83676900.0,0.9130871244035093,1
2021-09-23,143.33726501464844,143.581318108749,142.1755699033987,143.16153904107028,64838200.0,0.00671906874410233,0.016872397487857294,0.0034280380466404914,-0.021360934916926477,141.57228088378906,146.2849365234375,144.65074279785156,0.9798497946620992,0.9909196609861955,0.015481066198850573,0.01438639198549169,35.5874436973391,-0.15138022336439183,83969245.0,0.7721660472235995,1
2021-09-24,143.4251251220703,143.96204492535793,142.09747565204063,142.19510285111807,53477900.0,0.0006129606799243348,0.00671906874410233,0.016872397487857294,0.0034280380466404914,141.7401916503906,146.2546745300293,144.6246224975586,0.9806532719924927,0.9917061330583005,0.0118526385913579,0.0143370922038775,34.0258413319214,-0.17520998423768708,84213280.0,0.6350292970419867,0
2021-09-27,141.9119873046875,142.48796392317834,140.39887004950094,142.00961449990794,74150700.0,-0.010550019155255885,0.0006129606799243348,0.00671906874410233,0.016872397487857294,142.21462707519532,146.09701766967774,144.60898345947265,0.971354443562616,0.9813497329815544,0.012025357295842459,0.014410269722261249,24.573212520222896,0.3865671613881623,85130695.0,0.8710219034391766,0
2021-09-28,138.53431701660156,141.3067568929059,138.31954907870838,139.8424381686271,108972300.0,-0.023801162623662053,-0.010550019155255885,0.0006129606799243348,0.00671906874410233,141.91785888671876,145.5498519897461,144.60260131835938,0.951799779407273,0.9580347500914055,0.013652476247161998,0.01324146683629841,22.659485471418108,0.4696058162633663,86031475.0,1.2666561860063426,1
2021-09-29,139.43240356445312,141.0138627120859,138.6514307510702,139.08096654322168,74602000.0,0.0064827731293750634,-0.023801162623662053,-0.010550019155255885,0.0006129606799243348,141.32821960449218,145.11055755615234,144.5420492553711,0.9608701524732135,0.9646494171264276,0.01368138530267777,0.01338095610457296,26.60272553467567,-0.3154040063392256,85438920.0,0.8731617862210805,0
2021-09-30,138.13404846191406,140.9455448156453,137.9192805517919,140.2426707272125,89056700.0,-0.009311717142843956,0.0064827731293750634,-0.023801162623662053,-0.010550019155255885,140.2875762939453,144.5731513977051,144.4701513671875,0.95546128120236,0.9561424775615449,0.01373883454180292,0.013332412262439341,31.555478024068904,0.19375754001233214,85876070.0,1.0370374424446764,1
2021-10-01,139.2566680908203,139.5202495626883,135.80088336468526,138.52450892126643,94639600.0,0.00812703052872421,-0.009311717142843956,0.0064827731293750634,-0.023801162623662053,139.45388488769532,144.03623275756837,144.39341339111328,0.9668169281073,0.9644253489154713,0.013411942074026422,0.013361831222174962,33.429229517205755,0.06268927548404557,87052275.0,1.0871582620902212,0
2021-10-04,135.83018493652344,138.82716398233575,134.98088496397907,138.38785651091933,98322000.0,-0.02460552303364172,0.00812703052872421,-0.009311717142843956,0.0064827731293750634,138.2375244140625,143.2962615966797,144.2138345336914,0.9478976173072107,0.9418665371163862,0.013953206882062058,0.014009984246655685,30.392917720374186,0.03890971644005248,89077940.0,1.1037749638125893,1
2021-10-05,137.75332641601562,138.8564511470798,136.0449547897289,136.17186716291496,80861100.0,0.014158424950911463,-0.02460552303364172,0.00812703052872421,-0.009311717142843956,138.08132629394532,142.5357925415039,144.06433471679688,0.9664472618405956,0.9561931250146853,0.014852150654454267,0.013910054319506635,33.47239609597874,-0.1775889424543846,89007080.0,0.908479415345386,1
2021-10-06,138.6221160888672,138.7685419433114,135.0784614531743,136.15230070514616,83221100.0,0.0063068507705419385,0.014158424950911463,-0.02460552303364172,0.00812703052872421,137.9192687988281,141.89588317871093,143.9754898071289,0.9769283856831802,0.9628174647960348,0.013731113398674485,0.01408459102786456,36.20463853095403,0.029185850798467916,89447125.0,0.9303943530884866,1
2021-10-07,139.88143920898438,140.78932429837576,139.32500600229986,139.65691457441454,61732700.0,0.009084575792436045,0.0063068507705419385,0.014158424950911463,-0.02460552303364172,138.26874694824218,141.3697021484375,143.94672760009766,0.9894725466854951,0.9717583827094203,0.013928190320330975,0.014382686388332983,44.022348479226736,-0.25820855528225417,89668475.0,0.6884548889673879,0
2021-10-08,139.50076293945312,140.75031377150447,139.16885425815033,140.6038878520535,58773200.0,-0.0027214208810256713,0.009084575792436045,0.0063068507705419385,0.014158424950911463,138.31756591796875,141.07342224121095,143.89748565673827,0.988852192873943,0.9694454514113378,0.013889245138456251,0.012586204656542926,49.90215488663503,-0.04794055662558094,85562475.0,0.6869039260493575,0
2021-10-11,139.4128875732422,141.36531233280488,138.43667519346084,138.88573944232053,64452200.0,-0.0006299274954437717,-0.0027214208810256713,0.009084575792436045,0.0063068507705419385,139.0341064453125,140.74443817138672,143.842197265625,0.9905392311380498,0.96920716050935,0.013616513020107282,0.012515129488477834,48.453032511783505,0.0966256729257553,83664870.0,0.7703615627443156,0
2021-10-12,138.14381408691406,139.84242905892054,137.68499305819657,139.82290063970592,73035900.0,-0.009102985444307654,-0.0006299274954437717,-0.0027214208810256713,0.009084575792436045,139.1122039794922,140.42180099487305,143.76815551757812,0.9837775410098738,0.9608790875113065,0.011610147474427726,0.012501379664583338,38.53047749815355,0.1331793173855973,81851850.0,0.8922938210926203,0
2021-10-13,137.55809020996094,138.03642474342516,135.88876048394778,137.88024208325538,78762700.0,-0.004239957328705413,-0.009102985444307654,-0.0006299274954437717,-0.0027214208810256713,138.89939880371094,140.02546005249025,143.6465286254883,0.9823791341831379,0.957615137144031,0.011415726741768528,0.01235111100818702,34.03438426336538,0.0784107541633634,81625920.0,0.964922661821147,1
2021-10-14,140.3402862548828,140.45744186952987,138.1438084019397,138.72954178771872,69907100.0,0.02022560825521258,-0.004239957328705413,-0.009102985444307654,-0.0006299274954437717,138.9911682128906,139.7799430847168,143.5885385131836,1.0040087523131012,0.9773780533464894,0.012842646561450037,0.013377267251912,42.58207969472372,-0.11243393128981105,81719570.0,0.8554511483601785,1
2021-10-15,141.39459228515625,141.45316264244676,140.0962280805495,140.35005282323274,67940300.0,0.007512497362009318,0.02022560825521258,-0.004239957328705413,-0.009102985444307654,139.36993408203125,139.72039413452148,143.54948974609374,1.0119824894640854,0.9849884700757278,0.012809692257751743,0.012918510112477941,48.72777890337152,-0.028134481333083494,78623145.0,0.8641259517156176,1
2021-10-18,143.06393432617188,143.347029376178,139.75457479053856,140.03766984054468,85589200.0,0.011806265105591907,0.007512497362009318,0.02022560825521258,-0.004239957328705413,140.1001434326172,139.89660034179687,143.55749450683595,1.022640535771681,0.9965619337230731,0.009199860308886141,0.012186051655132384,62.15939895451116,0.2597707104619791,76728660.0,1.1154788836400897,1
2021-10-19,145.22134399414062,145.62159463310732,143.06392303976392,143.51297237963328,76378900.0,0.015080038712272925,0.011806265105591907,0.007512497362009318,0.02022560825521258,141.5156494140625,140.1567596435547,143.6096240234375,1.0361351415619635,1.0112229245195996,0.009303165537068179,0.012564851106078192,64.55581781516938,-0.10761053964752565,76755905.0,0.9950882606361034,1
2021-10-20,145.70944213867188,146.18779152686344,144.59656071553547,145.16276563549152,58418800.0,0.0033610634022980257,0.015080038712272925,0.011806265105591907,0.007512497362009318,143.1459197998047,140.32320175170898,143.68108184814454,1.038384531707689,1.0141171006261707,0.009315503218800663,0.01207106855560763,69.85680379936693,-0.23514478475076228,75856630.0,0.7701212141905065,1
2021-10-21,145.92422485351562,146.0804224119474,144.35252229936606,145.27016433537898,61421000.0,0.0014740480211250517,0.0033610634022980257,0.015080038712272925,0.011806265105591907,144.26270751953126,140.45254974365236,143.7517596435547,1.0389574637117656,1.01511261646708,0.00925884507544984,0.01200222023961077,68.35051364556062,0.051390990571528405,75685770.0,0.8115263939311181,0
2021-10-22,145.15301513671875,146.6075619891813,145.1042015405824,146.12922747617256,58883400.0,-0.005285001291396529,0.0014740480211250517,0.0033610634022980257,0.015080038712272925,145.01439208984374,140.53894424438477,143.74785461425782,1.032831261947653,1.0097751756103186,0.009506315110332283,0.012083467992457103,80.05048244574269,-0.04131485973852589,75956045.0,0.7752299372617413,0
2021-10-25,145.10421752929688,145.8168484447923,144.1084766625064,145.14325947301697,50720600.0,-0.0003361804601572649,-0.005285001291396529,0.0014740480211250517,0.0033610634022980257,145.42244873046874,140.69855575561525,143.73887420654296,1.0313127718335218,1.0094987756811842,0.009490790856015032,0.011796811274385845,76.95081644389843,-0.138626505942252,74784540.0,0.6782230658903565,1
2021-10-26,145.7680206298828,147.25185252804923,145.4653823192533,145.77777738990952,60893400.0,0.0045746644162973915,-0.0003361804601572649,-0.005285001291396529,0.0014740480211250517,145.5317840576172,141.06024093627929,143.70373077392577,1.0333742496280731,1.0143649009308227,0.008294945108656882,0.010237644575463164,76.5990776081425,0.20056545072416343,72380595.0,0.8412945486286759,0
2021-10-27,145.30923461914062,146.1682914783705,144.95779752805828,145.80709762491546,56094900.0,-0.003147370793399773,0.0045746644162973915,-0.0003361804601572649,-0.005285001291396529,145.45174255371094,141.35408248901368,143.677568359375,1.0279804591454538,1.011356444004428,0.008159701868594736,0.010271728927338688,71.48417116020177,-0.07880164352787,71455240.0,0.7850354991460389,1
2021-10-28,148.94068908691406,149.52640741666096,146.15847860921852,146.25610577875034,100077900.0,0.024991215990446625,-0.003147370793399773,0.0045746644162973915,-0.0003361804601572649,146.05503540039064,141.89441452026367,143.7988131713867,1.0496585759945056,1.0357574294399705,0.009187952810140732,0.011094025034770326,79.71734049124844,0.7840819753667445,72006300.0,1.3898492215264497,0
2021-10-29,146.23658752441406,146.3732566337639,142.927228830471,143.7179583128391,124953200.0,-0.018155559633016294,0.024991215990446625,-0.003147370793399773,0.0045746644162973915,146.2717498779297,142.24341049194337,143.85933685302734,1.0280728437166997,1.016524827122034,0.01190352499567611,0.01207197976450634,68.44334502406883,0.24855937224901803,73521980.0,1.6995352954313798,0
2021-11-01,145.4166259765625,146.13901372017423,144.2842158593394,145.44591116098886,74588300.0,-0.005607088907997548,-0.018155559633016294,0.024991215990446625,-0.003147370793399773,146.3342315673828,142.7227325439453,143.8743716430664,1.0188750130031858,1.0107194513927902,0.01181641928345756,0.010466040911219141,70.14632397882195,-0.4030701094489777,72335295.0,1.0311466898697241,1
2021-11-02,146.4513702392578,147.96450225059075,145.11394928812004,145.12372094423125,69122000.0,0.00711572184917908,-0.005607088907997548,-0.018155559633016294,0.024991215990446625,146.4709014892578,143.15763473510742,143.88042388916017,1.0230077530286454,1.0178686320251475,0.011058086735342488,0.01020256863713825,74.0372004784097,-0.07328629289043997,71748340.0,0.9633951113015298,1
2021-11-03,147.8864288330078,148.35500663634056,146.25615583539988,146.8125891838913,54511500.0,0.009798874475571928,0.00711572184917908,-0.005607088907997548,-0.018155559633016294,146.98634033203126,143.62085037231446,143.91693542480468,1.0297002729731477,1.0275818366788192,0.011399506745541958,0.01028957014043917,71.99803569903493,-0.2113726454674344,70312860.0,0.7752706972806966,0
2021-11-04,147.3690185546875,148.80403696262286,147.0566234619275,147.97426542713765,60394600.0,-0.0034987002012508706,0.009798874475571928,0.00711572184917908,-0.005607088907997548,146.67200622558593,143.9952293395996,143.9676986694336,1.023429867993273,1.0236255765473041,0.011510735619342205,0.010301305649690956,67.97905734159383,0.10792401603331414,70245955.0,0.8597591135318753,1
2021-11-05,147.89695739746094,148.7963818494452,146.70423879606528,148.49331669815876,65463900.0,0.00358242762251626,-0.0034987002012508706,0.009798874475571928,0.00711572184917908,147.00408020019532,144.4150390625,144.0450305175781,1.0241104967845769,1.0267411299511147,0.01130869273798501,0.0102241081378429,65.6170401597515,0.08393631218685105,70580490.0,0.9275070207078472,0
2021-11-08,147.0757598876953,148.18049482600526,146.8020226332124,148.02406927556885,55020900.0,-0.005552497659290778,0.00358242762251626,-0.0034987002012508706,0.009798874475571928,147.33590698242188,144.79818267822264,144.08524322509766,1.015729321786683,1.0207551904390773,0.01154281290144144,0.010373641092878234,56.558572268903035,-0.1595230348329385,70108925.0,0.7847916652551725,1
2021-11-09,147.43743896484375,148.0435691533501,146.70421118808,146.84107977637362,56787900.0,0.0024591345128837094,-0.005552497659290778,0.00358242762251626,-0.0034987002012508706,147.53312072753906,145.26286392211915,144.04443939208986,1.0149699309514542,1.0235552277274524,0.011497668926194245,0.009994759747369873,56.16660495306136,0.03211506900105232,69296525.0,0.8194913092683941,0
2021-11-10,144.61207580566406,146.7726603269792,144.54364896685252,146.66511965093986,65187100.0,-0.019163132370017544,0.0024591345128837094,-0.005552497659290778,0.00358242762251626,146.8782501220703,145.6155632019043,143.97231506347657,0.9931086528515578,1.0044436372500187,0.013164895414296812,0.011085441162384878,46.05285745891654,0.14790474731412862,68617745.0,0.9500035304278799,0
2021-11-11,144.56320190429688,146.0883134852804,144.37744845730748,145.62883774477925,41000000.0,-0.0003379655612776311,-0.019163132370017544,0.0024591345128837094,-0.005552497659290778,146.31708679199218,145.826708984375,143.8859356689453,0.9913355578763455,1.0047069661965422,0.00972290266312982,0.010285679001142144,48.14514457257805,-0.37104120293739096,67172390.0,0.6103698260550205,1
2021-11-12,146.63575744628906,147.0365772200293,144.18187938974896,145.11063141972008,63804000.0,0.014336674303632613,-0.0003379655612776311,-0.019163132370017544,0.0024591345128837094,146.06484680175782,146.08876724243163,143.81875,1.0037442317721095,1.0195872057453501,0.009498195099805123,0.010602758767034644,54.27257178419492,0.5561951219512196,66965575.0,0.9527880556539685,1
2021-11-15,146.64553833007812,148.48350051743287,146.08827812399716,147.00725921767452,59222800.0,6.670190108737373e-05,0.014336674303632613,-0.0003379655612776311,-0.019163132370017544,145.9788024902344,146.26784744262696,143.73906860351562,1.002582186680496,1.0202204574914813,0.009272009841616843,0.010345852130303715,52.54074496238077,-0.07180114099429502,65647255.0,0.9021367306218668,1
2021-11-16,147.6232147216797,148.1022623119589,146.0003334167105,146.5869216938867,59256200.0,0.006666935814991781,6.670190108737373e-05,0.014336674303632613,-0.0003379655612776311,146.01595764160157,146.3879409790039,143.6322787475586,1.0084383572472884,1.0277857874909537,0.009239507000583225,0.009917734267299293,56.50440363682842,0.0005639719837629009,64791120.0,0.9145728612192535,1
2021-11-17,150.05752563476562,151.53375230300938,147.61343285568483,147.6232038564801,88807000.0,0.016490027789161976,0.006666935814991781,6.670190108737373e-05,0.014336674303632613,147.10504760742188,146.6053451538086,143.6050231933594,1.02354743940158,1.044932289260649,0.010157409943677862,0.010508399048002937,53.3658608368551,0.4986954951549374,66310530.0,1.3392593906277028,1
2021-11-18,154.33953857421875,155.12165110785514,149.62733629184328,150.27258025090998,137827700.0,0.02853580932605393,0.016490027789161976,0.006666935814991781,6.670190108737373e-05,149.06031494140626,147.02611083984374,143.6837127685547,1.0497423736001665,1.0741616819355748,0.013045075576928654,0.012120318076564404,72.29937137554117,0.5519913970745549,70130865.0,1.9652930275421527,1
2021-11-19,156.95960998535156,157.41910052968012,153.02950540265965,154.12445397592487,117305600.0,0.016976022057192175,0.02853580932605393,0.016490027789161976,0.006666935814991781,151.12508544921874,147.6164405822754,143.91437774658203,1.0632935556921836,1.0906457884405463,0.013592700497577975,0.012351301685563166,78.90273079400642,-0.14889677474121676,73051975.0,1.6057827320890365,1
2021-11-22,157.41912841796875,161.99446283900974,157.39957149925132,158.0643575600625,117467900.0,0.002927622161268628,0.016976022057192175,0.02853580932605393,0.016490027789161976,153.27980346679686,148.232186126709,144.14290893554687,1.0619767037869006,1.0921045619272074,0.013041946913916146,0.012312637925191609,78.27696820300102,0.0013835656609744174,76389340.0,1.5377525188723977,1
2021-11-23,157.80043029785156,158.18170822428823,155.50297681960475,157.5169071447605,96041900.0,0.002422208048760144,0.002927622161268628,0.016976022057192175,0.02853580932605393,155.31524658203125,148.83380661010742,144.40698638916015,1.0602458802336057,1.0927478942923,0.013043347816832985,0.012318163916913111,77.02881247347972,-0.18239876596074334,78146765.0,1.228993932122462,1
2021-11-24,158.31857299804688,158.5140974575523,156.07000441983408,157.1551823252834,69463600.0,0.003283531605188239,0.002422208048760144,0.002927622161268628,0.016976022057192175,156.9674560546875,149.48427352905273,144.66365966796874,1.0590985209375698,1.0943907637994146,0.009515613446869797,0.012203932398840928,79.85087665292798,-0.2767365077117383,78815200.0,0.8813477603304947,0
2021-11-26,153.3032684326172,156.8618668141861,152.8633347292546,156.00155632601601,76959800.0,-0.03167856095754196,0.003283531605188239,0.002422208048760144,0.002927622161268628,156.76020202636718,149.7024024963379,144.82471252441405,1.0240534946415931,1.058543571469364,0.015961128468204203,0.013655773426314539,61.841512470906565,0.10791551258500864,77659295.0,0.9909927716959058,1
2021-11-29,156.65658569335938,157.5853380225465,155.23899986098183,155.80603121042097,88748200.0,0.02187374930115138,-0.03167856095754196,0.003283531605188239,0.002422208048760144,156.69959716796876,150.22340240478516,145.1061328125,1.0428241085316365,1.0796000324520012,0.01656493273358369,0.013551227297043954,68.88970852359255,0.15317607374239528,75849045.0,1.1700635123355871,1
2021-11-30,161.6033935546875,161.81847488073362,156.3437019010155,156.41214364910118,174048100.0,0.03157740122723629,0.02187374930115138,-0.03167856095754196,0.003283531605188239,157.5364501953125,151.0327407836914,145.54740447998046,1.0699891474930947,1.1103144994723384,0.01807887132594349,0.014730478499793326,73.65325878812399,0.9611451274504723,80822035.0,2.153473368989039,0
2021-12-01,161.0852813720703,166.49161375206606,160.8506430799377,163.73466976035556,152052500.0,-0.003206072417296424,0.03157740122723629,0.02187374930115138,-0.03167856095754196,158.19342041015625,151.76443634033203,145.9687469482422,1.0614165298307192,1.103560075289186,0.018539227753064144,0.014847337058008284,79.80196215914799,-0.12637655912359858,84968560.0,1.7895148511402335,0
2021-12-02,160.09788513183594,160.5280479474499,154.27117495005226,155.1901564347617,136739200.0,-0.006129649039465668,-0.003206072417296424,0.03157740122723629,0.02187374930115138,158.54928283691407,152.37500915527343,146.32309265136718,1.0506833503694344,1.0941395662903934,0.018889609700860045,0.014995951522914181,77.18105252253739,-0.10071060982226532,89079945.0,1.5350166639640381,0
2021-12-03,158.22079467773438,161.271032766341,156.14820866843903,160.3520514474846,118023100.0,-0.011724642412083264,-0.006129649039465668,-0.003206072417296424,0.03157740122723629,159.5327880859375,152.91759796142577,146.6207632446289,1.0346800942926553,1.0791158849292815,0.017977039038914046,0.015324018724862038,70.40995888636733,-0.13687442957103746,91961370.0,1.2833986705504714,1
2021-12-06,161.6229705810547,164.12571914002814,160.6062196554979,160.61599065605895,107497000.0,0.02150271024899042,-0.011724642412083264,-0.006129649039465668,-0.003206072417296424,160.52606506347655,153.60389862060546,146.98472015380858,1.0522061746639384,1.099590286744964,0.01842964876429349,0.015834034375247368,73.5692561702471,-0.08918677784264262,94063025.0,1.142818870645506,1
2021-12-07,167.3519287109375,167.74299254141582,164.57544264356054,165.2988995417756,120405400.0,0.0354464350536714,0.02150271024899042,-0.011724642412083264,-0.006129649039465668,161.67577209472657,154.6177070617676,147.4935189819336,1.0823594004280686,1.1346392022244474,0.021077552685412924,0.017061442009932166,77.00749183993958,0.12008149064625062,97332250.0,1.2370555494196425,1
2021-12-08,171.16468811035156,172.02501344578044,166.8826332677211,168.280661937793,116998900.0,0.022782882926910997,0.0354464350536714,0.02150271024899042,-0.011724642412083264,163.6916534423828,155.80406951904297,148.14612640380858,1.098589328499094,1.1553774119196356,0.021633478612044652,0.01740264508023483,77.84367931034066,-0.0282919204620391,100342800.0,1.1659919794942935,0
2021-12-09,170.6563720703125,172.79740023657416,170.03068476799712,170.9985511071127,108923700.0,-0.002969748291255847,0.022782882926910997,0.0354464350536714,0.02150271024899042,165.80335083007813,157.10628433227538,148.77060577392578,1.086247904058243,1.1471108232875296,0.02188583687506888,0.016440453402072012,73.90445550043457,-0.06901945231963724,102529630.0,1.06236314322016,1
2021-12-10,175.43699645996094,175.61297891700764,170.78344865474102,171.29182418696914,115402700.0,0.028013160784167823,-0.002969748291255847,0.022782882926910997,0.0354464350536714,169.24659118652343,158.64997406005858,149.51666473388673,1.105811693316429,1.1733608208302921,0.017672600145980596,0.016860462934183754,75.4580812264274,0.059482004375539965,106249765.0,1.0861454611217258,0
2021-12-13,171.80996704101562,178.05706815750167,171.6046566651188,177.0696450374433,153237000.0,-0.02067425624088981,0.028013160784167823,-0.002969748291255847,0.022782882926910997,171.28399047851562,159.90868453979493,150.16773071289063,1.0744254918703864,1.144120419382932,0.020401654968020738,0.018140122897231416,68.23594789541339,0.32784588228871603,110721415.0,1.3839870091978141,0
2021-12-14,170.4314422607422,173.76518766396276,168.3588568100855,171.33086641701877,139380400.0,-0.008023543709454017,-0.02067425624088981,0.028013160784167823,-0.002969748291255847,171.89989318847657,161.0979797363281,150.859755859375,1.0579365584825478,1.1297343104519608,0.019453258592870563,0.018416992661978184,65.61135774715888,-0.09042594151543037,114729295.0,1.2148632134451798,1
2021-12-15,175.2903289794922,175.48585340924998,168.4566405154073,171.19402728468987,131063300.0,0.028509332868969173,-0.008023543709454017,-0.02067425624088981,0.028013160784167823,172.7250213623047,162.48133544921876,151.61049591064454,1.0788336303050432,1.1561886129757397,0.02043635336307558,0.018990901356077318,68.9436779240421,-0.05967194813617982,118319650.0,1.107705271271509,0
2021-12-16,168.40773010253906,177.08915070687198,166.93150372687032,175.27074544292535,150185800.0,-0.03926399657655011,0.028509332868969173,-0.008023543709454017,-0.02067425624088981,172.27529296875,163.39884567260742,152.20620819091798,1.0306543440335414,1.1064445537681282,0.025227558447654435,0.021700900292778345,66.18476298854182,0.1459027813278011,121388590.0,1.23723160471672,0
2021-12-17,167.31280517578125,169.59070130648584,165.89523442801953,166.12985777423478,195432700.0,-0.006501631047999612,-0.03926399657655011,0.028509332868969173,-0.008023543709454017,170.65045471191405,164.04750900268556,152.7548355102539,1.0199045763812375,1.095302840115658,0.024886306780801216,0.02119499869456998,61.99911067553609,0.30127282339608663,124268840.0,1.5726605317954203,0
2021-12-20,165.95391845703125,166.76535914150864,163.71513578207376,164.51679054709132,107499100.0,-0.008121833336798945,-0.006501631047999612,-0.03926399657655011,0.028509332868969173,169.4792449951172,164.49722442626953,153.28389862060547,1.0088554322776104,1.0826572128608594,0.024581614093314896,0.021145244229418207,55.32939853514252,-0.44994312620150057,123778515.0,0.8684794772339933,1
2021-12-21,169.12144470214844,169.3267401361631,165.3379790393109,167.72341591348743,91185900.0,0.01908678188841506,-0.008121833336798945,-0.006501631047999612,-0.03926399657655011,169.21724548339844,165.08234024047852,153.8780697631836,1.0244672110644064,1.099061386475826,0.02264440901028905,0.02144878383204732,59.2442588697198,-0.15175196815601244,122464415.0,0.7445909899622678,1
2021-12-22,171.712158203125,171.92723953166936,168.30019977990446,169.17029609354066,92135300.0,0.015318657580883688,0.01908678188841506,-0.008121833336798945,-0.006501631047999612,168.501611328125,165.77792663574218,154.54943664550783,1.0357962708776174,1.1110500428221135,0.02196997258742138,0.021598194427582817,62.88498643878086,0.010411697422518129,122269085.0,0.7535453463154648,1
2021-12-23,172.33787536621094,172.8951357013555,171.35046721642092,171.9174985527305,68356600.0,0.003643988693833533,0.015318657580883688,0.01908678188841506,-0.008121833336798945,169.2876403808594,166.4788917541504,155.2450323486328,1.0351935524697802,1.1101023508384658,0.02195220903917346,0.021597315777663224,66.10890040614521,-0.2580845777894032,122213735.0,0.5593201124243523,1
2021-12-27,176.2972869873047,176.38527073958,173.11019564746687,173.12973764737882,74919600.0,0.02297470368994725,0.003643988693833533,0.015318657580883688,0.01908678188841506,171.08453674316405,167.62859268188475,155.96417236328125,1.0517136973277037,1.130370419795274,0.0213170130755342,0.020194396388713932,66.53448650551965,0.09601121179227756,122111725.0,0.6135332213184279,0
2021-12-28,175.28057861328125,177.27496698697752,174.537579662478,176.13113317745794,79144300.0,-0.00576701089051157,0.02297470368994725,0.003643988693833533,0.015318657580883688,172.94986877441406,168.55979232788087,156.64189208984374,1.039871823479274,1.1189891559324825,0.020145665785520586,0.02008324705449166,59.99511412556313,0.056389783180903263,121631530.0,0.6506890113114585,1
2021-12-29,175.36856079101562,176.5906072567406,174.15628532669507,175.31967594887476,62348900.0,0.0005019505208758712,-0.00576701089051157,0.02297470368994725,0.003643988693833533,174.1992919921875,169.24805068969727,157.28798461914062,1.0361629577202034,1.1149520493612757,0.019843754247771597,0.019167107404956675,55.84880922103767,-0.21221237663356673,116046570.0,0.5372748199278962,0
2021-12-30,174.21495056152344,176.53196092937984,174.10740987004013,175.4565540145469,59773000.0,-0.006578204350248029,0.0005019505208758712,-0.00576701089051157,0.02297470368994725,174.6998504638672,169.90453414916993,157.86785675048827,1.0253696373315684,1.1035492224162637,0.01784048742869339,0.019250980609605797,54.863685827772365,-0.04131428140672888,111432595.0,0.5364049899403311,0
2021-12-31,173.59901428222656,175.22188041192248,173.29593427269404,174.1073747963206,64062300.0,-0.003535496105883107,-0.006578204350248029,0.0005019505208758712,-0.00576701089051157,174.95207824707032,170.57959060668946,158.42564819335936,1.0177009668319528,1.0957759445007795,0.011744334634974296,0.019187052468728677,47.16522261382977,0.07175982467000153,107798750.0,0.5942768353065319,1
2022-01-03,177.93971252441406,178.79026689432098,173.73588518068755,173.85319685203027,104487900.0,0.025004164108505034,-0.003535496105883107,-0.006578204350248029,0.0005019505208758712,175.2805633544922,171.56553649902344,159.06595794677733,1.03715300960474,1.118653637907564,0.013036555870116562,0.019336640078447154,59.25045605331621,0.6310357261603159,107121990.0,0.9754103709238411,0
2022-01-04,175.68138122558594,178.84893075193062,175.1143499260673,178.54586564233023,99310400.0,-0.012691553036640268,0.025004164108505034,-0.003535496105883107,-0.006578204350248029,175.36072387695313,172.26845703125,159.67652526855468,1.019811660550932,1.10023299248348,0.013661527581126796,0.019411605397882444,57.71778990276383,-0.049551192051902615,106712660.0,0.9306337223718348,0
2022-01-05,171.00830078125,176.1408961877194,170.73456355297643,175.59342173117227,94537600.0,-0.0265997478602209,-0.012691553036640268,0.025004164108505034,-0.003535496105883107,174.488671875,172.45127563476564,160.19460693359375,0.9916325649189647,1.0675034825119856,0.016137710427725514,0.019137687557772457,43.67053119568537,-0.04805941774476796,105419270.0,0.8967772210906033,0
2022-01-06,168.15359497070312,171.37980064842037,167.80164498917833,168.83793801323478,96904000.0,-0.01669337568705831,-0.0265997478602209,-0.012691553036640268,0.025004164108505034,173.27640075683593,172.30072097778321,160.64231842041016,0.975930884191629,1.0467577698339456,0.016206749633595766,0.01883387243751981,49.573573487459655,0.0250313102934705,104414525.0,0.9280701128506785,1
2022-01-07,168.3197784423828,170.24572473108867,167.2052727402814,169.02367835082143,86709100.0,0.0009882837872638994,-0.01669337568705831,-0.0265997478602209,-0.012691553036640268,172.22055358886718,172.18389129638672,161.102529296875,0.9775582208944711,1.0447991051227266,0.016126018817229082,0.018829765116663608,51.74400935311004,-0.10520618343928012,103303795.0,0.8393602577717498,1
2022-01-10,168.33932495117188,168.64239004792708,164.40921985835627,165.2988731483881,106765600.0,0.00011612722503517858,0.0009882837872638994,-0.01669337568705831,-0.0265997478602209,170.30047607421875,171.82900772094726,161.49050201416014,0.9796909566314748,1.042410066546274,0.01357273381013274,0.017597794944697907,54.33235266730813,0.2313079019387816,102871940.0,1.0378495826947562,1
2022-01-11,171.16468811035156,171.26244286002324,166.99995985190662,168.46641535499305,76138300.0,0.016783738202581056,0.00011612722503517858,0.0009882837872638994,-0.01669337568705831,169.3971374511719,171.79674377441407,161.98906402587892,0.9963209101047197,1.056643478617833,0.015127825582334583,0.017489197178458746,53.75762154056141,-0.2868648703327663,99017005.0,0.768941658051564,1
2022-01-12,171.60464477539062,173.21774007794218,170.91053076473975,172.18144710369126,74805200.0,0.0025703705004587185,0.016783738202581056,0.00011612722503517858,0.0009882837872638994,169.51640625,171.85540390014648,162.51282440185548,0.9985408714589996,1.0559452486719032,0.015183980242272275,0.017394925769994837,49.785292898759174,-0.017508927832641352,95788245.0,0.7809434236946298,0
2022-01-13,168.33932495117188,172.6702498945838,167.94826118313497,171.8490383580425,84505800.0,-0.019028155260556345,0.0025703705004587185,0.016783738202581056,0.00011612722503517858,169.55355224609374,171.50785369873046,162.95058349609374,0.9815254597429434,1.0330697892542822,0.01607929801829514,0.016593768444941752,42.77635874164544,0.129678150716795,93460370.0,0.9041885881684397,1
2022-01-14,169.19967651367188,169.8937905683483,167.2639441267619,167.508353425533,80440800.0,0.005110817467929962,-0.019028155260556345,0.0025703705004587185,0.016783738202581056,169.72953186035156,171.5474510192871,163.37684844970704,0.9863141393727193,1.0356404724366886,0.016296738058977564,0.01411496974658262,35.560916827101266,-0.048103207117144664,89973120.0,0.8940536907022898,0
2022-01-18,166.0027618408203,168.68147761318977,165.62148401611884,167.6745127192973,90956700.0,-0.018894330880078525,0.005110817467929962,-0.019028155260556345,0.0025703705004587185,169.26221923828126,171.48194885253906,163.74952331542968,0.9680480245974437,1.0137602753264217,0.013803231532758684,0.0146908819190275,32.66345842949205,0.13072843631589937,84749320.0,1.0732440095094569,0
2022-01-19,162.51260375976562,167.25414945182573,162.22909557704548,166.19829964047344,94815000.0,-0.021024698880620973,-0.018894330880078525,0.005110817467929962,-0.019028155260556345,167.53180236816405,171.30988311767578,164.04183624267577,0.9486469828955102,0.9906777897764576,0.014433322963493238,0.015322620162741472,28.687184302551486,0.04241908512512005,84115115.0,1.1272052591261392,0
2022-01-20,160.8310546875,165.8854360990158,160.50843269303434,163.24581922868165,91420500.0,-0.010347191746132967,-0.021024698880620973,-0.018894330880078525,0.005110817467929962,165.37708435058593,170.89536361694337,164.31694213867186,0.9411083559177053,0.9787855871354396,0.012897934337837043,0.014699145186448761,28.19366788071649,-0.035801297263091336,84126845.0,1.0866983065869165,0
2022-01-21,158.7780303955078,162.61036568511253,158.67048972769118,160.74307541554964,122848900.0,-0.012765098730349589,-0.010347191746132967,-0.021024698880620973,-0.018894330880078525,163.46482543945314,170.2486572265625,164.54375396728517,0.9326242742943348,0.9649593288547209,0.012593712113255263,0.014251259159036755,26.932452278854498,0.3437784741934249,85662525.0,1.434103185727948,0
2022-01-24,158.00572204589844,158.67052310978175,151.24047430258736,156.44151145113545,162294600.0,-0.004864075638711496,-0.012765098730349589,-0.010347191746132967,-0.021024698880620973,161.22603454589844,169.53204956054688,164.81162689208983,0.932010923335579,0.9587049471294428,0.012385258532832762,0.014143573952212626,15.09763836242412,0.32109119414174647,90359425.0,1.7961004067920971,0
2022-01-25,156.2068634033203,159.1202179477596,153.50859022634555,155.42475069595457,115798400.0,-0.011384768977262594,-0.004864075638711496,-0.012765098730349589,-0.010347191746132967,159.26685485839843,168.52752838134765,165.0445001220703,0.9268922703823919,0.9464530068423153,0.0122634287348497,0.012674803629425288,15.34452852362297,-0.2864925881699083,92403365.0,1.253183799096494,0
2022-01-26,156.11883544921875,160.7137257927372,154.29065926080548,159.84362956793808,108275300.0,-0.000563534483592254,-0.011384768977262594,-0.004864075638711496,-0.012765098730349589,157.98810119628905,167.56944122314454,165.2341616821289,0.9316665038067559,0.9448338882219413,0.009344396876974838,0.012732139479230579,18.33681614640794,-0.06496721889076185,93859915.0,1.1535840406418438,0
2022-01-27,155.65936279296875,160.17604091465265,154.7403816352541,158.817126094803,121954600.0,-0.0029430955907908674,-0.000563534483592254,-0.011384768977262594,-0.004864075638711496,156.95376281738282,166.5839813232422,165.4144381713867,0.93441975366722,0.9410264576281384,0.00871983450150879,0.012667029938950674,20.41669858070445,0.12633813990817844,96840200.0,1.2593385804655504,1
2022-01-28,166.5209503173828,166.54050723879885,159.15934320684596,162.00427111169125,179935700.0,0.0697779261685676,-0.0029430955907908674,-0.000563534483592254,-0.011384768977262594,158.50234680175782,166.19928131103515,165.79239288330078,1.0019354416205066,1.00439439603598,0.026077105579130153,0.02112463526058041,47.172759801617374,0.47543184102936675,102848335.0,1.749524676310997,1
2022-01-31,170.8713836669922,171.0864649878099,165.7192328015865,166.35470576493188,115541600.0,0.026125441521427817,0.0697779261685676,-0.0029430955907908674,-0.000563534483592254,161.07547912597656,166.06289978027343,166.20867004394532,1.0289557986346205,1.0280533718356213,0.027417736820616417,0.02203629299138193,53.50280260515415,-0.35787284013122467,105422300.0,1.095988230194181,0
2022-02-01,170.7052001953125,170.93005253238587,168.4566320719076,170.1186120178827,86213900.0,-0.0009725646747471561,0.026125441521427817,0.0697779261685676,-0.0029430955907908674,163.975146484375,165.70117416381837,166.53598327636718,1.0301990982064313,1.025034931411949,0.026521285735208774,0.021199492650069363,49.31387243172105,-0.25382805846552237,104508600.0,0.824945506876946,1
2022-02-02,171.90768432617188,171.94679815950911,169.45382085751916,170.8420635898593,84914300.0,0.00704421499452601,-0.0009725646747471561,0.026125441521427817,0.0697779261685676,167.13291625976564,165.51248931884766,166.8349447631836,1.0386387458350912,1.03040573765999,0.025132894536465077,0.021128223957882577,50.44243647494419,-0.015074135377242004,103788795.0,0.8181451571915832,0
2022-02-03,169.033447265625,172.29876649074853,168.27089152715305,170.57811566132818,89418100.0,-0.01671965434129985,0.00704421499452601,-0.0009725646747471561,0.026125441521427817,169.80773315429687,165.41374664306642,167.06723114013673,1.0218827074292034,1.011769011266123,0.025666049511860006,0.02060417390713825,51.025122140294584,0.05303935850616437,103532820.0,0.8636691244380285,0
2022-02-04,168.74957275390625,170.42346859121156,167.0756769166009,168.05455952783922,82465400.0,-0.001679398464096038,-0.01671965434129985,0.00704421499452601,-0.0009725646747471561,170.25345764160156,165.44354553222655,167.28621398925782,1.0199828117261651,1.0087476351442948,0.02503193032201396,0.020249138323960487,49.32374437179616,-0.07775495117878817,102810890.0,0.8021076366521095,0
2022-02-07,168.03501892089844,170.27665387927516,167.3400055860888,169.20967525085985,77251200.0,-0.004234403805275844,-0.001679398464096038,-0.01671965434129985,0.00704421499452601,169.68618469238282,165.42930755615234,167.48054290771483,1.0157512075897532,1.0033106891317467,0.02500127090739846,0.020274358339902203,53.299466480635154,-0.06322894207752583,102337995.0,0.754863333017224,1
2022-02-08,171.13804626464844,171.64706939744136,167.80983647215697,168.1035042386361,74829200.0,0.018466551577625223,-0.004234403805275844,-0.001679398464096038,-0.01671965434129985,169.77275390625,165.56924362182616,167.83723846435547,1.0336342820744044,1.0196667189623356,0.024411012679328076,0.020685919441606457,64.18209415808423,-0.03135226378360467,100741175.0,0.7427866510391605,1
2022-02-09,172.5574493408203,172.91963117728815,171.20658637108463,172.33231049138615,71285000.0,0.008293907212058027,0.018466551577625223,-0.004234403805275844,-0.001679398464096038,169.9027069091797,165.6388816833496,168.15525573730469,1.0417689831467039,1.0261793399451802,0.024167585686749732,0.020431010664635683,69.44838529263644,-0.047363863304699216,100498510.0,0.7093139987846586,0
2022-02-10,168.48526000976562,171.77430598076174,167.92730472233933,170.46260694632986,90865900.0,-0.023599035258174528,0.008293907212058027,0.018466551577625223,-0.004234403805275844,169.7930694580078,165.48291244506837,168.29289306640624,1.0181429461225726,1.001143048526021,0.026222137710493903,0.02112429846784242,65.08896987912658,0.27468471627972235,101301545.0,0.8969843451054966,0
2022-02-11,165.0787811279297,169.4250227899619,164.4914455219278,168.690860750742,98670700.0,-0.020218260526995047,-0.023599035258174528,0.008293907212058027,0.018466551577625223,169.0589111328125,165.31988525390625,168.37276306152344,0.9985415902895997,0.9804363729994136,0.016341097060619803,0.021180216926383114,60.16220415958918,0.08589360805318602,102009790.0,0.9672669652589228,1
2022-02-14,165.31373596191406,165.99895095084156,163.04272064253541,163.83561333947773,86185500.0,0.0014232891252226043,-0.020218260526995047,-0.023599035258174528,0.008293907212058027,168.51465454101563,165.12558822631837,168.477080078125,1.001139422046072,0.9812238904262582,0.013435983443551883,0.021142349651844902,63.699939491712016,-0.1265340166837775,102297025.0,0.8425025067933305,1
2022-02-15,169.14112854003906,169.29775335068365,166.65477315145358,167.35956986279012,62527400.0,0.023152296183099885,0.0014232891252226043,-0.020218260526995047,-0.023599035258174528,168.11527099609376,165.2825065612793,168.6954867553711,1.0233456162968413,1.002641693581964,0.015835805396850842,0.021353955635801947,67.60898568343612,-0.2745020914190902,100875560.0,0.6198468687559207,0
2022-02-16,168.9061737060547,169.67948428764964,166.45896752351715,168.22095896225642,61177400.0,-0.00138910527565006,0.023152296183099885,0.0014232891252226043,-0.020218260526995047,167.38501586914063,165.60218505859376,168.8411508178711,1.0199513590131186,1.000385112799034,0.015593940923210262,0.02072292412295632,68.02201146492743,-0.021590534709583276,99193680.0,0.6167469540398138,0
2022-02-17,165.31373596191406,168.27974972128825,164.9123904196256,167.41832805716996,69589300.0,-0.021268836214314413,-0.00138910527565006,0.023152296183099885,0.0014232891252226043,166.7507110595703,165.82631912231446,168.80038696289063,0.9969089155261155,0.9793445319426721,0.01613922144200867,0.021207269064835423,47.95266673981405,0.13750012259429134,98102120.0,0.7093557203452892,0
2022-02-18,163.76707458496094,166.93864489391834,162.68051421778296,166.23386310925557,82772700.0,-0.009355915695411166,-0.021268836214314413,-0.00138910527565006,0.023152296183099885,166.48836975097657,166.0757713317871,168.65243469238283,0.9860985336493555,0.9710329701653424,0.016298491306943875,0.021099289518218725,36.685495051543555,0.18944579123514682,96098310.0,0.8613335655954824,0
2022-02-22,160.85000610351562,163.16995323151656,158.72581758393332,161.49605730830203,91162800.0,-0.017812301336139202,-0.009355915695411166,-0.021268836214314413,-0.00138910527565006,165.5956237792969,166.21798553466797,168.45630737304688,0.9677051829626899,0.9548470378571988,0.016976002890550967,0.02150776231360263,33.256390554081335,0.1013631305974072,92541720.0,0.9850994772952134,0
2022-02-23,156.68975830078125,162.6413518716535,156.37650867254357,162.04423283731927,90009200.0,-0.025864144512727116,-0.017812301336139202,-0.009355915695411166,-0.021268836214314413,163.1053497314453,166.24213027954102,168.08136260986328,0.9425394034430552,0.932225654693654,0.0161588574300922,0.02218346072890369,26.50646911774821,-0.01265428442303218,91252260.0,0.9863777620411812,1
2022-02-24,159.30337524414062,159.4110529381091,148.7901697172211,149.3579234730035,141147500.0,0.01668020278863591,-0.025864144512727116,-0.017812301336139202,-0.009355915695411166,161.1847900390625,166.4013572692871,167.83123077392577,0.9573442059510379,0.9491879104356182,0.017313128889231106,0.022477874985286268,34.856796547652635,0.5681452562626932,92895870.0,1.5194163098962312,1
2022-02-25,161.36883544921875,161.63312305071847,157.472871153436,160.3801542624622,91974200.0,0.012965577169427256,0.01668020278863591,-0.025864144512727116,-0.017812301336139202,160.39580993652345,166.68683090209962,167.6499786376953,0.9680958872149636,0.9625341843791665,0.01747202192587021,0.022602990704602404,39.11666870666503,-0.3483823659646823,91396850.0,1.0063169573130804,1
2022-02-28,161.6331024169922,161.9267702066246,158.99990563300975,159.6166064975814,95056600.0,0.0016376580213754988,0.012965577169427256,0.01668020278863591,-0.025864144512727116,159.9690155029297,166.44243850708008,167.3768341064453,0.9711051091703194,0.9656838312176443,0.016585810874189495,0.01603728646804522,40.43295204025696,0.033513746246229825,87152895.0,1.09068780790357,0
2022-03-01,159.75364685058594,163.0818568508139,158.5496253630897,161.22197083806662,83474400.0,-0.011627912465340784,0.0016376580213754988,0.012965577169427256,0.01668020278863591,159.74974365234374,165.88655166625978,167.20375244140624,0.9630295237674699,0.9554429521943231,0.01680008897234147,0.014805655698083663,32.34132976351533,-0.12184530058933307,85549535.0,0.9757434683893957,1
2022-03-02,163.04270935058594,163.82581854222389,159.5089420061074,160.9185355637426,79724800.0,0.020588340640988134,-0.011627912465340784,0.0016376580213754988,0.012965577169427256,161.02033386230468,165.50342712402343,167.11835052490235,0.9851319225456673,0.9756122462822591,0.016365677588077072,0.01573622260178861,36.05050611707268,-0.04491916084452241,85225080.0,0.9354617208924885,0
2022-03-03,162.7196807861328,165.34309441078548,162.05404766344782,164.91238359654656,76678400.0,-0.00198125120552628,0.020588340640988134,-0.011627912465340784,0.0016376580213754988,161.70359497070314,165.04402694702148,167.05366577148436,0.985916811387335,0.97405633114762,0.016358081294641856,0.01558660138992952,40.50310880282062,-0.03821144737898374,84813285.0,0.9040847786994691,0
2022-03-04,159.7242889404297,162.0540345545001,158.67689221468046,161.01642127862274,83737200.0,-0.018408294751020682,-0.00198125120552628,0.020588340640988134,-0.011627912465340784,161.37468566894532,164.5785690307617,166.86572265625,0.9705047861400187,0.9572025122826936,0.01603670455494216,0.015671301448210887,41.05915685305313,0.09205721559135305,84529240.0,0.9906299879189734,0
2022-03-07,155.93601989746094,161.5352302369313,155.68150083148916,159.91028134097652,96418800.0,-0.02371755146383281,-0.018408294751020682,-0.00198125120552628,0.020588340640988134,160.23526916503906,163.93789138793946,166.55019989013672,0.951189615635942,0.9362703857474963,0.01723577764265861,0.016354794505094354,36.00228672424473,0.15144523580917446,85226910.0,1.1313187348925358,0
2022-03-08,154.11529541015625,159.44041971330986,152.50992837199067,155.4661583222758,131148300.0,-0.011676099521470085,-0.02371755146383281,-0.018408294751020682,-0.00198125120552628,159.10759887695312,163.24190521240234,166.1857482910156,0.9440915015640684,0.9273677014726784,0.01682352457785323,0.016449254878614265,26.1423869218048,0.3601942774645608,87921765.0,1.491647716580758,1
2022-03-09,159.50894165039062,159.95923428896205,156.04370327606966,158.06998280822745,91454900.0,0.03499747527252195,-0.011676099521470085,-0.02371755146383281,-0.018408294751020682,158.40084533691407,162.66044998168945,165.84998138427736,0.9806252329213795,0.961766412748673,0.01896403307748331,0.017990508810011366,37.179533618030426,-0.30266042335279986,88753050.0,1.030442334094434,0
2022-03-10,155.1724395751953,157.00294485217566,152.68606995726412,156.8169548095084,105342000.0,-0.027186576691731745,0.03499747527252195,-0.011676099521470085,-0.02371755146383281,156.89139709472656,161.79119949340821,165.44781860351563,0.9590907296630645,0.93789353576825,0.020209666374378543,0.01852243277290989,36.43972490159609,0.1518464292235846,90455900.0,1.1645674853713246,0
2022-03-11,151.46249389648438,155.91641251914996,151.23735509056115,155.57379764949783,96970100.0,-0.023908534845926255,-0.027186576691731745,0.03499747527252195,-0.011676099521470085,155.2390380859375,160.94006118774413,164.969697265625,0.9411111986579667,0.9181231244705985,0.020448873970457724,0.01853879466929047,34.446901639299995,-0.07947352433027666,90761110.0,1.0684102475168054,0
2022-03-14,147.43930053710938,150.86538982544317,146.9302923114544,148.25177493215907,108732100.0,-0.02656230764379608,-0.023908534845926255,-0.027186576691731745,0.03499747527252195,153.5396942138672,160.05808715820314,164.4341842651367,0.9211612056276718,0.8966462855398457,0.021189945741748758,0.01886167432915716,33.50986424143994,0.121295120867154,91264180.0,1.1913995173133642,1
2022-03-15,151.81491088867188,152.28478532825997,147.20438184151632,147.713390079557,92964300.0,0.02967736780914243,-0.02656230764379608,-0.023908534845926255,-0.027186576691731745,153.07961730957032,159.383145904541,163.99850219726562,0.9525154622032498,0.9257091305996276,0.02439323928222722,0.020400148071997703,44.03734688270813,-0.14501513352542628,91603120.0,1.0148595375354028,1
2022-03-16,156.21986389160156,156.62120932527256,151.19820652447248,153.73350876565036,102300200.0,0.029015285633964494,0.02967736780914243,-0.02656230764379608,-0.023908534845926255,152.4218017578125,158.73708267211913,163.56410522460936,0.9841422134126212,0.9550986977067949,0.025489375801058502,0.02084885378314462,46.38675091341011,0.1004245715828549,93591760.0,1.0930470802130443,1
2022-03-17,157.22811889648438,157.60009906528276,154.30126947324382,155.2605702418383,75615400.0,0.0064540768361085465,0.029015285633964494,0.02967736780914243,-0.02656230764379608,152.83293762207032,158.15317993164064,163.19503997802735,0.9941508540292638,0.9634368723317427,0.025701384451075778,0.020969209775473115,45.02464885827603,-0.2608479748817696,94313660.0,0.8017438831236111,1
2022-03-18,160.5171661376953,161.0066074424884,156.3862803303168,157.1204422875064,123511700.0,0.02091895053057513,0.0064540768361085465,0.029015285633964494,0.02967736780914243,154.6438720703125,157.9133514404297,162.98521728515624,1.01648888250116,0.984857208594919,0.026109666597553094,0.021194396695640143,48.74998974476778,0.633419911816905,97009780.0,1.2731881259807,1
2022-03-21,161.88763427734375,162.8371517415441,159.5676719986422,160.0571133745572,95811400.0,0.008537829147025944,0.02091895053057513,0.0064540768361085465,0.029015285633964494,157.53353881835938,157.81937942504882,162.85989807128905,1.0257779169270338,0.9940300601593174,0.024698351167748697,0.021212248144942002,52.41794632671953,-0.22427268024000968,97661715.0,0.9810538346577264,1
2022-03-22,165.2549285888672,165.8422490479218,161.42749494397242,162.01481540302703,81532000.0,0.02080019469402239,0.008537829147025944,0.02091895053057513,0.0064540768361085465,160.22154235839844,158.0396255493164,162.79860107421874,1.045655024899431,1.015088136497737,0.02453880185040481,0.021297557994521522,52.50215214769497,-0.1490365447117984,97180175.0,0.838977703014015,1
2022-03-23,166.61563110351562,168.99430889731204,164.1096788423283,164.44251031244588,98062700.0,0.00823396025926515,0.02080019469402239,0.008537829147025944,0.02091895053057513,162.30069580078126,158.53591918945312,162.76412719726562,1.050964550843567,1.0236631005404655,0.02255880504454998,0.020328848069902015,54.30548805761403,0.20275106706569201,97582850.0,1.0049173599664285,1
2022-03-24,170.39414978027344,170.4626638147334,166.61566127290448,167.44770275744602,90131400.0,0.022678056384819456,0.00823396025926515,0.02080019469402239,0.008537829147025944,164.93390197753905,159.09045791625977,162.74871643066408,1.0710519789311537,1.0469769194945788,0.02013310064691172,0.020579750636131055,61.59083871883157,-0.08087988603209983,95032045.0,0.9484316579738972,1
2022-03-25,171.0303955078125,171.57856745870845,169.10199529276142,170.20813758146855,80546200.0,0.003733964624721642,0.022678056384819456,0.00823396025926515,0.02080019469402239,167.0365478515625,159.57353591918945,162.7372314453125,1.071796739494605,1.0509604593174298,0.016613618738325637,0.020461155660223163,67.60272653862484,-0.10634695566694852,94460645.0,0.8526958502135995,1
2022-03-28,171.89181518554688,172.01905978493204,168.3678313455488,168.53423961902578,90371900.0,0.005036646703509673,0.003733964624721642,0.022678056384819456,0.00823396025926515,169.03738403320312,160.0864715576172,162.80828125,1.0737435431805415,1.05579282494604,0.01013058500882129,0.020462396672843056,71.20503357488222,0.12198837437396182,94226410.0,0.9590931035152459,1
2022-03-29,175.1808624267578,175.22979461470234,172.61617948078282,172.95879441578631,100589400.0,0.019134402866480826,0.005036646703509673,0.003733964624721642,0.022678056384819456,171.02257080078124,160.8578323364258,162.9279049682617,1.0890415460801197,1.0752047812858267,0.008974881795411102,0.02043896301377429,69.68280231975645,0.11306058631056781,95082160.0,1.0579208549742665,0
2022-03-30,174.0159912109375,175.81713189197046,172.9685794955082,174.77951856347462,92633200.0,-0.006649534656260392,0.019134402866480826,0.005036646703509673,0.003733964624721642,172.5026428222656,161.40649642944337,163.08816955566405,1.0781225976675988,1.0670056061395896,0.009609548178527733,0.020239350355649374,75.71475393041261,-0.07909580929998583,95727580.0,0.9676751464938318,0
2022-03-31,170.9226837158203,174.2704602652505,170.71711180695456,174.08447018974397,103049300.0,-0.01777599560587262,-0.006649534656260392,0.019134402866480826,0.005036646703509673,172.608349609375,161.81664657592773,163.25637115478514,1.0562737971190117,1.0469587343318238,0.013225980471141015,0.020764047525640945,77.01083404389784,0.11244456631099875,97046125.0,1.0618589871568802,0
2022-04-01,170.6290283203125,171.18699858724577,168.30908127405286,170.35494237968112,78751300.0,-0.0017180598216913756,-0.01777599560587262,-0.006649534656260392,0.019134402866480826,172.528076171875,162.36188354492188,163.4523306274414,1.0509180147143544,1.043906976825121,0.012787504882284372,0.020200197215611417,85.90475245466315,-0.23579005388682894,96796830.0,0.8135731304423915,1
2022-04-04,174.6718292236328,174.72077634534207,170.75629847192283,170.88355800105404,76468400.0,0.02369351184331303,-0.0017180598216913756,-0.01777599560587262,-0.006649534656260392,173.08407897949218,163.29867401123047,163.7702066040039,1.0696463414737842,1.0665665803670201,0.013941288873010388,0.0196112106696342,85.75797693940854,-0.02898872780512829,95799310.0,0.7982145174114511,0
2022-04-05,171.36318969726562,174.53477477488693,170.73670541562527,173.7516656886956,73401800.0,-0.01894203284566931,0.02369351184331303,-0.0017180598216913756,-0.01777599560587262,172.32054443359374,164.16106872558595,164.03735595703125,1.043872283651606,1.0446595453669305,0.01538687293426873,0.020016504927815863,74.53212776255351,-0.04010283986587926,92911985.0,0.790014334533914,0
2022-04-06,168.2013702392578,169.96336160580736,166.53727309062347,168.7201767337751,89058800.0,-0.01845098392247224,-0.01894203284566931,0.02369351184331303,-0.0017180598216913756,171.15762023925782,164.5956901550293,164.27724609375,1.0219062849144616,1.0238872043378935,0.016772898738198753,0.0194316104191065,66.61715630931249,0.2133053957804849,92792180.0,0.9597662216794561,1
2022-04-07,168.50486755371094,169.69910564386342,166.26323274049562,167.54556668896316,77594700.0,0.0018043688587163764,-0.01845098392247224,-0.01894203284566931,0.02369351184331303,170.67405700683594,165.26231155395507,164.52496673583985,1.0196206622627157,1.024190254505635,0.014989619334167524,0.018110547886094154,63.29852311456786,-0.12872506703436382,91404815.0,0.848912609253681,0
2022-04-08,166.49815368652344,168.15246782773184,165.62694868711696,168.15246782773184,76575500.0,-0.01190893709078078,0.0018043688587163764,-0.01845098392247224,-0.01894203284566931,169.84788208007814,166.01409454345702,164.74174255371094,1.0029157713650614,1.0106616034624003,0.015253066400013171,0.017308352447152776,57.5166936747379,-0.013134917719895833,90385085.0,0.8472138959652469,0
2022-04-11,162.2498016357422,165.4605355802755,162.00508096962494,165.14730089465874,72246700.0,-0.02551591087778604,-0.01190893709078078,0.0018043688587163764,-0.01845098392247224,167.3634765625,166.75461959838867,164.65631958007813,0.9729853483310035,0.9853846001752422,0.016562152427128895,0.01720958817009847,45.2374549847797,-0.05652983003702228,88560815.0,0.8157863045862891,1
2022-04-12,164.1194610595703,166.28278325109693,163.1209966207163,164.47185939466212,79265200.0,0.011523338734340083,-0.02551591087778604,-0.01190893709078078,0.0018043688587163764,165.91473083496095,167.3698471069336,164.52128112792968,0.980579619904375,0.9975576407768979,0.015433974727494191,0.016290254350888028,46.10685729435042,0.09714630564440996,87875860.0,0.902013362941768,1
2022-04-13,166.8015899658203,167.42807423573976,163.24825626550125,163.8551587010773,70618900.0,0.01634254029920612,0.011523338734340083,-0.02551591087778604,-0.01190893709078078,165.63477478027343,167.89893341064453,164.44320892333985,0.9934642619668086,1.014341614092315,0.0170225036712371,0.015494283403697925,44.19846673658148,-0.10908065582374105,86291795.0,0.8183732879817832,0
2022-04-14,161.7995147705078,167.6532440657547,161.55479409572018,167.01696134936807,75329400.0,-0.029988174551198732,0.01634254029920612,0.011523338734340083,-0.02551591087778604,164.2937042236328,168.12750320434571,164.24104553222656,0.9623619674756798,0.9851344665165341,0.0184880390471545,0.01716816329926616,36.9354563536198,0.06670310639219812,86277495.0,0.8731060168123796,0
2022-04-18,161.5841827392578,163.08187215208477,160.1158586140106,160.45845861462905,69023900.0,-0.0013308570891292781,-0.029988174551198732,0.01634254029920612,0.011523338734340083,163.3109100341797,168.18085403442382,164.09206024169922,0.9607763241955248,0.9847166432138921,0.018496815084588242,0.0165587427671648,35.13975237943555,-0.08370569790812088,83553105.0,0.8261081380518414,1
2022-04-19,163.8649444580078,164.2760883021938,160.44865367684753,161.53521398147984,67723800.0,0.014115006061146351,-0.0013308570891292781,-0.029988174551198732,0.01634254029920612,163.63393859863282,168.27971954345702,163.99436767578126,0.9737652576470505,0.9992108069343618,0.01701883946592874,0.0167477862230081,33.19764875835699,-0.018835504803408676,82148725.0,0.8244047609990295,0
2022-04-20,163.69850158691406,165.31366652875272,162.59237461814482,165.1961904824443,67929800.0,-0.0010157320203186826,0.014115006061146351,-0.0013308570891292781,-0.029988174551198732,163.54974670410155,168.20189819335937,163.90763732910156,0.9732262438485186,0.9987240634689426,0.01646683808208418,0.016069236382166154,34.21204155597199,0.003041766705353277,81468615.0,0.8338155742551902,0
2022-04-21,162.90562438964844,167.9077145784473,162.4063996901802,165.343047199771,87227800.0,-0.004843521410271778,-0.0010157320203186826,0.014115006061146351,-0.0013308570891292781,162.7705535888672,168.01639785766602,163.74298889160156,0.9695816983747793,0.9948861046960157,0.01572619410839617,0.015967306372604816,36.803088453964556,0.28408739610598,80926870.0,1.0778595539404898,0
2022-04-22,158.3734588623047,164.32506872590315,158.08958939152427,162.94485517960146,84882400.0,-0.027820804495389373,-0.004843521410271778,-0.0010157320203186826,0.014115006061146351,162.08534240722656,167.41536331176758,163.45930908203124,0.9459911905896911,0.9688861390135067,0.017404335201688825,0.016017995852306358,32.296427241047155,-0.02688821682995557,80664420.0,1.0522904646187254,1
2022-04-25,159.44041442871094,159.7242838315626,155.11375480994548,157.71757136622622,96046400.0,0.006736959425341027,-0.027820804495389373,-0.004843521410271778,-0.0010157320203186826,161.65658874511718,166.8358642578125,163.27841217041015,0.9556723018638648,0.9764941507534164,0.017702472609703927,0.0161035057128129,25.928165950448303,0.13152314260671227,81439430.0,1.1793599243020243,0
2022-04-26,153.4888153076172,158.91181906878418,153.4105028966986,158.82372320771267,95623200.0,-0.03732804598143358,0.006736959425341027,-0.027820804495389373,-0.004843521410271778,159.58136291503905,165.91571426391602,163.0466128540039,0.9251011333590029,0.9413799687151734,0.01957896760764081,0.01765031336806395,23.92914801439865,-0.004406203668226971,81701995.0,1.1703900253598458,0
2022-04-27,153.26365661621094,156.41564486229873,152.0987839265491,152.61759051221244,88063200.0,-0.0014669387535175549,-0.03732804598143358,0.006736959425341027,-0.027820804495389373,157.49439392089843,164.81985397338866,162.80561126708983,0.9298858900879529,0.9413905050531404,0.01874754408435367,0.01671346048830524,26.171121568031808,-0.0790603117235148,81075685.0,1.086185087427877,1
2022-04-28,160.18435668945312,161.04577820352466,155.57381282317428,155.88706244158715,130216800.0,0.04515551974968468,-0.0014669387535175549,-0.03732804598143358,0.006736959425341027,156.95014038085938,164.12827224731444,162.62647583007814,0.9759705290023496,0.984983262238452,0.024119940216699963,0.02031894902784171,39.04068924960819,0.47867440656255966,82954865.0,1.5697307204345399,0
2022-04-29,154.32081604003906,162.69026417943107,153.92926902509257,158.4223359956449,131747600.0,-0.03660495176056189,0.04515551974968468,-0.0014669387535175549,-0.03732804598143358,156.13961181640624,163.29817886352538,162.33476867675782,0.9450247217331857,0.9506331717965102,0.024993759804891744,0.0214012970362435,35.43998908255516,0.011755779592187876,84389780.0,1.5611795646344853,1
2022-05-02,154.6243133544922,154.88860092145774,150.0333512355366,153.4007100151784,123055300.0,0.001966664784706529,-0.03660495176056189,0.04515551974968468,-0.0014669387535175549,155.1763916015625,162.49794311523436,162.12098022460938,0.9515462804648632,0.9537588111067982,0.0250610049051573,0.021445747341384668,39.932789103148295,-0.06597691343144008,86604980.0,1.4208801849501034,1
2022-05-03,156.1121826171875,157.31621889046943,153.01892515604405,154.8102670522691,88966500.0,0.009622479352805469,0.001966664784706529,-0.03660495176056189,0.04515551974968468,155.70106506347656,161.5699607849121,161.96788238525392,0.966220341075714,0.9638465374626671,0.024736146098159866,0.020682682802154576,39.32109545843598,-0.27702016898093784,87229885.0,1.0199084866384955,1
2022-05-04,162.5141143798828,162.96439206944154,155.89685759161674,156.29820309411934,108256500.0,0.04100853408983385,0.009622479352805469,0.001966664784706529,-0.03660495176056189,157.55115661621093,161.12750701904298,162.00116455078125,1.008605652669075,1.0031663342083,0.02866318620904658,0.022847384023087065,44.79813003416027,0.21682318625550057,88972620.0,1.216739486821901,0
2022-05-05,153.45945739746094,160.6150881198339,151.67788357069364,160.38994926297363,130525300.0,-0.05571612666981207,0.04100853408983385,0.009622479352805469,0.001966664784706529,156.2061767578125,160.39041137695312,161.93655853271486,0.9567869804685337,0.9476517148933893,0.03363177112523834,0.0255812420735922,40.7872132708196,0.20570404548456667,91045945.0,1.433620135416245,1
2022-05-06,154.18484497070312,156.30234136161945,151.14584468974874,152.9398334410661,116124600.0,0.004726900417505231,-0.05571612666981207,0.04100853408983385,0.009622479352805469,156.17898254394532,159.67441024780274,161.8341879272461,0.965620256441967,0.9527334548125159,0.03279007042833016,0.025626033843987307,41.91745157618053,-0.11032880215559737,92972440.0,1.2490217531130732,0
2022-05-09,149.06756591796875,152.763379211531,148.50879088738637,151.88108159062776,131577900.0,-0.033189247968610114,0.004726900417505231,-0.05571612666981207,0.04100853408983385,155.06763305664063,158.802880859375,161.5881625366211,0.9386956024429609,0.9225153846537814,0.03399110827711935,0.026396783056221767,34.7795106207127,0.133075162368697,95722560.0,1.3745756486245249,1
2022-05-10,151.46937561035156,153.65550196924158,149.92046680625165,152.45950928453797,115366700.0,0.016112221847806474,-0.033189247968610114,0.004726900417505231,-0.05571612666981207,154.13907165527343,158.26385955810548,161.38488800048827,0.9570686323035148,0.9385598458877592,0.03272780777557543,0.026350142757500646,37.974212878795605,-0.1232061007205617,97878560.0,1.1786718153597682,0
2022-05-11,143.61700439453125,152.39087300235883,142.9405806152843,150.47925033829725,142689800.0,-0.051841312372081116,0.016112221847806474,-0.033189247968610114,0.004726900417505231,150.35964965820312,157.2387367248535,161.0621551513672,0.9133691060227834,0.8916868413908848,0.03649523462655685,0.028240905860650936,33.34457662041021,0.23683697288732364,101049790.0,1.4120741863986062,0
2022-05-12,139.75454711914062,143.32291464808353,136.06854586723028,139.9604210928437,182602000.0,-0.026894150115957305,-0.051841312372081116,0.016112221847806474,-0.033189247968610114,147.61866760253906,155.88638458251953,160.5963919067383,0.8965154172599378,0.8702222102243682,0.03215511071793283,0.02807336468584649,33.73474093480428,0.2797130558736505,106648945.0,1.7121782123583127,1
2022-05-13,144.2150115966797,145.18553469561974,140.2937279042498,141.74459868206603,113990900.0,0.03191641752977459,-0.026894150115957305,-0.051841312372081116,0.016112221847806474,145.62470092773438,155.0071594238281,160.2262985229492,0.9303764557246029,0.9000707931602363,0.03384182145937736,0.02896967970756633,37.44373785034545,-0.3757412295593695,108582020.0,1.0498137721143888,0
2022-05-16,142.6759033203125,144.616949555646,141.34266624082053,142.68571610317943,86643800.0,-0.010672316698011608,0.03191641752977459,-0.026894150115957305,-0.051841312372081116,144.34636840820312,154.06174545288087,159.88533081054686,0.9260955917440863,0.892363937310632,0.03373759145117717,0.02897703589096199,40.38274930127054,-0.23990599249589217,109463015.0,0.7915349307709092,1
2022-05-17,146.30308532714844,146.82265416778552,143.79345144967377,145.93055862687706,78336300.0,0.025422527017002983,-0.010672316698011608,0.03191641752977459,-0.026894150115957305,143.3131103515625,153.18365249633788,159.69267211914064,0.9550828886956202,0.9161540312757573,0.034975456608682114,0.029491824008962716,44.16238263160131,-0.09588106708154531,109993640.0,0.7121893593120475,0
2022-05-18,138.04879760742188,144.46008977155722,137.14688920750964,143.9601314929513,109742900.0,-0.05641909534080669,0.025422527017002983,-0.010672316698011608,0.03191641752977459,142.19946899414063,151.9011672973633,159.37134216308593,0.9088066936126707,0.8662084144723803,0.034009200161415384,0.03160111644999022,31.84176400787075,0.4009201353650862,112084295.0,0.9791104097144029,0
2022-05-19,134.64707946777344,138.87226008655338,133.91183880440775,137.12729010884627,136095600.0,-0.02464141809711462,-0.05641909534080669,0.025422527017002983,-0.010672316698011608,141.1779754638672,150.48824005126954,158.8741049194336,0.8947348937159527,0.8475080286749946,0.031249809497246647,0.03180624092879566,33.18197162581049,0.24013125222679554,114527685.0,1.1883205357726387,1
2022-05-20,134.8823699951172,137.93116906609265,130.00037534307543,136.3528515735585,137426100.0,0.0017474610535468393,-0.02464141809711462,-0.05641909534080669,0.025422527017002983,139.3114471435547,149.31368560791014,158.46830352783203,0.9033490094760046,0.8511630843036544,0.03108055121151076,0.031571518759012096,33.103962356205656,0.009776216130426008,117154870.0,1.1730293414179027,1
2022-05-23,140.29368591308594,140.44072802413697,134.9411286932433,135.07837298305947,117726300.0,0.040118778444986125,0.0017474610535468393,-0.02464141809711462,-0.05641909534080669,138.8350036621094,148.3563491821289,158.24492736816407,0.9456533993085469,0.8865603987841345,0.03423449102489651,0.03320493756098442,37.313793745697055,-0.1433483159312532,118238865.0,0.995665004057676,0
2022-05-24,137.5978546142578,139.17617200488684,134.62748321427134,138.03899606760518,104132700.0,-0.019215628139517493,0.040118778444986125,0.0017474610535468393,-0.02464141809711462,137.09395751953124,147.56180114746093,158.04809844970703,0.93247611200377,0.8706074667392677,0.03357108859393248,0.032541565366273104,28.75459019260073,-0.11546782664536304,118664340.0,0.8775399585081752,1
2022-05-25,137.7547149658203,138.99971190055481,135.61760734755066,135.70583264997845,92482700.0,0.0011399912593277328,-0.019215628139517493,0.040118778444986125,0.0017474610535468393,137.03514099121094,146.7863540649414,157.76689453125,0.9384708533933249,0.873153492531567,0.030064697361687424,0.03256143746802907,34.21359878522017,-0.11187648068282108,118885315.0,0.7779152538730288,1
2022-05-26,140.95053100585938,141.49950829001511,134.44120114221013,134.68628135538745,90601500.0,0.023199322366802555,0.0011399912593277328,-0.019215628139517493,0.040118778444986125,138.29583129882812,145.8246627807617,157.46150787353517,0.9665753948477818,0.8951427743157614,0.029952976522155172,0.031126598568250577,37.32631704460171,-0.02034110163306213,116904550.0,0.7750040524513374,1
2022-05-27,146.6951904296875,146.73439667634008,142.4013809336445,142.5288274126525,90978500.0,0.040756564610525015,0.023199322366802555,0.0011399912593277328,-0.019215628139517493,140.65839538574218,145.44338150024413,157.25084930419922,1.0086068469842422,0.9328737560323634,0.0310679936868368,0.03190849233912974,47.75509779754816,0.004161079010833069,114866095.0,0.7920396353684697,0
2022-05-31,145.91094970703125,147.69514080945274,143.9503080341332,146.1364342695409,103718400.0,-0.005346056134213462,0.040756564610525015,0.023199322366802555,0.0011399912593277328,141.78184814453124,145.0077133178711,156.95872497558594,1.0062288851295804,0.9296135001716336,0.03086888438743289,0.03190203014710443,44.57413909848462,0.14003198557901042,113899250.0,0.9106153025590599,0
2022-06-01,145.78353881835938,148.75391017683245,144.773794451972,146.95010821381516,74286600.0,-0.0008732099196646637,-0.005346056134213462,0.040756564610525015,0.023199322366802555,143.41898498535156,144.49128112792968,156.63664306640624,1.008943499430153,0.9307115880704512,0.029818061083256787,0.03177980311593364,52.490461643810626,-0.28376642910033323,113165255.0,0.656443534722738,1
2022-06-02,148.23434448242188,148.29316134885798,143.96994216366954,144.92085472708317,72348100.0,0.01681126472801653,-0.0008732099196646637,-0.005346056134213462,0.040756564610525015,145.51491088867186,143.77729263305665,156.29623138427735,1.0309996924252869,0.9484191856038158,0.02250543433186283,0.030451743010568147,60.07460981943249,-0.026094881176416784,111369835.0,0.6496202495047245,0
2022-06-03,142.51904296875,145.05807025566116,141.61714962601158,144.00911981753086,88570300.0,-0.03855585244855053,0.01681126472801653,-0.0008732099196646637,-0.005346056134213462,145.82861328125,143.2302719116211,155.81429962158202,0.9950343671531257,0.9146724229732347,0.024996744016904562,0.029135430328627972,48.0434063920285,0.22422427126628075,109272085.0,0.8105482749780056,1
2022-06-06,143.2640838623047,145.6462712304333,142.0484806619193,144.13656879270374,71598400.0,0.005227658550289727,-0.03855585244855053,0.01681126472801653,-0.0008732099196646637,145.14239196777345,142.68423385620116,155.27169830322265,1.004063868799183,0.9226670760213567,0.024955488025763525,0.029142891901501128,50.69123283573846,-0.19162066742463335,107045775.0,0.6688577853726595,1
2022-06-07,145.78353881835938,146.06782531945106,141.26425852389363,141.50933876771822,67808200.0,0.01758608918670923,0.005227658550289727,-0.03855585244855053,0.01681126472801653,145.11690979003907,142.5200325012207,154.7667611694336,1.0228985796583419,0.9419563846707388,0.022457529637643636,0.02860504898542021,49.373104298255726,-0.05293693713826009,103857290.0,0.6528978370223217,0
2022-06-08,145.0482940673828,146.92069570984725,144.5581335933167,145.65608826850138,53950200.0,-0.00504340035189188,0.01758608918670923,0.005227658550289727,-0.03855585244855053,144.96986083984376,142.19897842407227,154.2298907470703,1.0200375254090306,0.9404681113679522,0.02123866672737917,0.028339737695209487,60.317960875697,-0.2043705628522804,100786465.0,0.5352921148687971,0
2022-06-09,139.83297729492188,145.0384790561678,139.72514139394366,144.18560463111925,69473000.0,-0.0359557263737148,-0.00504340035189188,0.01758608918670923,0.005227658550289727,143.28958740234376,142.0097770690918,153.5229330444336,0.9846714795340404,0.9108279429135875,0.02499102663005249,0.027056338939015597,57.25653789375647,0.28772460528413246,97125625.0,0.7152901203981956,0
2022-06-10,134.43138122558594,137.98993516430295,134.3627515970909,137.51938542071767,91437900.0,-0.03862891410760305,-0.0359557263737148,-0.00504340035189188,0.01758608918670923,141.67205505371095,141.74361877441407,152.73124084472656,0.9484122275693722,0.880182603651174,0.026693455040582136,0.02776572087168569,49.448654093681796,0.31616455313575065,92567420.0,0.9877978666792269,0
2022-06-13,129.28472900390625,132.53938671229503,128.85338540144875,130.25523715092532,122207100.0,-0.03828460419552793,-0.03862891410760305,-0.0359557263737148,-0.00504340035189188,138.87618408203124,140.9971046447754,151.8984817504883,0.916931800334645,0.8511258803512739,0.023325770531657495,0.027746790588366994,36.45359283966796,0.33650379109756456,92978230.0,1.314362512601068,1
2022-06-14,130.1473846435547,131.25515193955982,128.8925752102517,130.51011351307002,84784300.0,0.006672525411894448,-0.03828460419552793,-0.03862891410760305,-0.0359557263737148,135.74895324707032,140.3706787109375,151.08884887695314,0.9271693051478689,0.8613963612201905,0.024023437002688813,0.027833768885555207,40.39914018277015,-0.3062244337685781,92885255.0,0.9127853500536764,1
2022-06-15,132.76483154296875,134.63724775917188,129.5591934714462,131.64726649009233,91533000.0,0.020111406053857195,0.006672525411894448,-0.03828460419552793,-0.03862891410760305,133.2922607421875,139.69376602172852,150.25070892333986,0.9503991146055721,0.8836219974889259,0.02586255192065779,0.02756012131212993,43.95336306817405,0.07959846339475596,93545090.0,0.9784906936323435,0
2022-06-16,127.50052642822266,129.78467578709342,126.50059498012912,129.48077871917013,108123900.0,-0.03965135234659134,0.020111406053857195,0.006672525411894448,-0.03828460419552793,130.82577056884764,139.16635246276854,149.37345565795897,0.9161735158815284,0.8535688343461654,0.025763137140633302,0.026114051459467158,34.47961718268955,0.18125594048048255,93464140.0,1.1568490332227954,1
2022-06-17,128.97100830078125,130.4611001773296,127.25544681769559,127.51033981148552,134520300.0,0.011533143538716484,-0.03965135234659134,0.020111406053857195,0.006672525411894448,129.73369598388672,138.88254890441894,148.58884841918945,0.9286336499306406,0.86797232546642,0.02546686669020527,0.025834244476721842,27.309244400721838,0.24413103855854246,93385375.0,1.4404857291626232,1
2022-06-21,133.1962127685547,134.36279718069025,130.69640612370614,130.79442925101708,81000500.0,0.03276088574821068,0.011533143538716484,-0.03965135234659134,0.020111406053857195,130.5159927368164,138.79824104309083,147.88267532348632,0.9596390542672875,0.9006884172009622,0.028554459378465687,0.02696640388162849,35.04040102287979,-0.3978566803672011,90564095.0,0.894399706638707,0
2022-06-22,132.68641662597656,135.04897821391006,131.2747523831488,132.1374244527046,73409200.0,-0.003827407191103527,0.03276088574821068,0.011533143538716484,-0.03965135234659134,131.02379913330077,138.41787757873536,147.20644058227538,0.9585930585483902,0.9013628486711258,0.027289927585932957,0.025236093785830808,34.72792083520453,-0.0937191745729965,88348240.0,0.8309073276388981,1
2022-06-23,135.54896545410156,135.8626603415122,132.9609190593017,134.12750324123766,72433800.0,0.021573789547682853,-0.003827407191103527,0.03276088574821068,0.011533143538716484,131.58062591552735,138.31543312072753,146.6724238586426,0.9799988504232114,0.9241612150947924,0.028968535371689585,0.025459560044017636,35.34872663212933,-0.013287162916909567,86763295.0,0.8348438126975237,1
2022-06-24,138.87222290039062,139.1173030558868,137.0194175231798,137.14684903225404,89116800.0,0.02451702552768187,0.021573789547682853,-0.003827407191103527,0.03276088574821068,133.85496520996094,138.37130851745604,146.167479095459,1.0036200740478753,0.9500897447215055,0.028412706147540448,0.026065315648639616,45.54167597823723,0.23032065140859648,86595000.0,1.0291217737744673,0
2022-06-27,138.87222290039062,140.66621143364327,138.19579927786032,139.89174976551223,70207900.0,0.0,0.02451702552768187,0.021573789547682853,-0.003827407191103527,135.8352081298828,138.26739311218262,145.6088917541504,1.004374348677546,0.9537344953827811,0.02505334000014991,0.025523287463673654,44.531223280753025,-0.2121810926783727,85575320.0,0.8204222899779984,0
2022-06-28,134.7353057861328,140.59762053174873,134.61767206581916,139.3330131628478,67083400.0,-0.029789377802536654,0.0,0.02451702552768187,0.021573789547682853,136.14302673339844,137.66939888000488,145.0676075744629,0.9786873980874321,0.9287759551488671,0.023578126474714477,0.024380768136021115,36.77536920116368,-0.04450353877555091,84380565.0,0.7950100831868097,1
2022-06-29,136.49009704589844,137.90176176618252,133.9804775247322,134.75493953918553,66242400.0,0.013023989885405651,-0.029789377802536654,0.0,0.02451702552768187,136.9037628173828,137.19835624694824,144.5657258605957,0.9948376990772763,0.9441387039242997,0.023731491900570688,0.024670040935110264,39.999996434110024,-0.012536633503966721,82506765.0,0.8028723462857864,0
2022-06-30,134.02947998046875,135.64700354645933,131.13753620204082,134.5490488814723,98964500.0,-0.018027806549234415,0.013023989885405651,-0.029789377802536654,0.0,136.59986572265626,136.61065330505372,143.96901657104493,0.9811056219838056,0.9309605856363458,0.024099427609329125,0.024888008570169397,42.752200324946436,0.49397515790490676,83740660.0,1.181797468517683,1
2022-07-01,136.19598388671875,136.3038197907336,132.9903451154339,133.36285690870372,71051600.0,0.016164383436880536,-0.018027806549234415,0.013023989885405651,-0.029789377802536654,136.0646179199219,136.00873527526855,143.418966217041,1.0013767395974327,0.9496371887146958,0.019633705811944187,0.024860084223874125,52.397481219436756,-0.28204962385501875,83675835.0,0.8491292617516156,1
2022-07-05,138.7742156982422,138.82323473193733,134.2353254229341,135.05880629688934,73353800.0,0.018930307179012562,0.016164383436880536,-0.018027806549234415,0.013023989885405651,136.04501647949218,135.82149391174318,142.93633804321288,1.0217397239675312,0.970881286019008,0.019968634097611432,0.023952613211494,63.86024289072592,0.032401803759521286,82915010.0,0.8846866206733859,1
2022-07-06,140.1074981689453,141.28388056736821,138.3037108274626,138.56840172862474,74064300.0,0.009607566247048949,0.018930307179012562,0.016164383436880536,-0.018027806549234415,137.11945495605468,135.6636646270752,142.5710188293457,1.0327562546248896,0.9827207473115616,0.017959669691377456,0.02403296911916039,64.35034896129437,0.009685933107759892,83038305.0,0.89192933309513,1
2022-07-07,143.46995544433594,143.66601661315485,140.46036340026106,140.4701612232241,66253700.0,0.023999124381880677,0.009607566247048949,0.018930307179012562,0.016164383436880536,138.5154266357422,135.54798545837403,142.2516096496582,1.058444025996939,1.008564724136889,0.01854864229790482,0.024332615069332028,65.0995890916886,-0.10545701505313632,82960580.0,0.7986166441941461,1
2022-07-08,144.14634704589844,144.64632016905765,142.14649942878123,142.40137742200497,64547800.0,0.004714517401693374,0.023999124381880677,0.009607566247048949,0.018930307179012562,140.53880004882814,135.5028881072998,142.06476028442384,1.0637880052545756,1.0146523793607023,0.0179337947330568,0.024334880373482564,76.96947671723595,-0.02574799596098032,83490460.0,0.7731158745562068,0
2022-07-11,142.01910400390625,143.75427642973983,140.95055766241197,142.80336382609462,63141600.0,-0.014757523070042411,0.004714517401693374,0.023999124381880677,0.009607566247048949,141.70342407226562,135.61219444274903,141.83986923217773,1.0472443469223707,1.0012636416876213,0.017804483667512767,0.023118941222006886,70.69993231708912,-0.021785405544418213,83173890.0,0.7591517001308944,1
2022-07-12,142.98960876464844,145.52863633565593,142.19555121961218,142.89157069008422,77588800.0,0.006833621205746265,-0.014757523070042411,0.004714517401693374,0.023999124381880677,142.54650268554687,136.04010581970215,141.49597427368164,1.0510842218408494,1.0105560211068465,0.017833826059745192,0.021166687310876335,67.3257517759827,0.22880636537560028,82481435.0,0.9406819849824388,0
2022-07-13,142.6268768310547,143.5679764107693,139.32318560371215,140.1760748610569,71185600.0,-0.002536771285183259,0.006833621205746265,-0.014757523070042411,0.004714517401693374,143.05037841796874,136.70721321105958,141.26209548950195,1.0433017649979877,1.009661341471847,0.013903802093279365,0.018852704753214156,67.67791396392876,-0.0825273750850638,79930360.0,0.8905952631765952,1
2022-07-14,145.5482177734375,146.01876752832248,140.43094244372892,141.2446104323155,78140700.0,0.02048240140491342,-0.002536771285183259,0.006833621205746265,-0.014757523070042411,143.46603088378907,137.4772548675537,141.08057357788087,1.058707623407664,1.031667323730367,0.014521011547778597,0.019163945283298702,67.74536145175362,0.09770374907284629,79598180.0,0.9816895310922938,1
2022-07-15,147.2147674560547,147.89119117713278,145.28353435270415,146.83244295612025,76259900.0,0.011450155200191992,0.02048240140491342,-0.002536771285183259,0.006833621205746265,144.0797149658203,138.19975166320802,140.9026252746582,1.06523177997321,1.0447979032973473,0.011696711660877799,0.018919418328846475,65.73022490368874,-0.024069403012770607,78834525.0,0.9673414027673789,0
2022-07-18,144.17579650878906,148.58724039251226,143.81306761767442,147.77357228115997,81420900.0,-0.02064311209928582,0.011450155200191992,0.02048240140491342,-0.002536771285183259,144.51105346679688,139.03351516723632,140.53585891723634,1.036985911888708,1.025900418722999,0.01475430448986325,0.01691059560970752,58.97191403069772,0.06767645905646358,77499375.0,1.0506007306510536,1
2022-07-19,148.0284881591797,148.25395782693252,144.0189783944477,145.0090973341563,82982400.0,0.026722180446950183,-0.02064311209928582,0.011450155200191992,0.02048240140491342,145.51882934570312,139.98638916015625,140.4272395324707,1.0574491495014033,1.0541294456261912,0.015699758424907565,0.01748913560032197,72.70607123681837,0.019178122570494782,74922480.0,1.1075767913715617,1
2022-07-20,150.0283203125,150.69494637561027,147.41086501912858,148.14610577429508,64823400.0,0.013509778949912787,0.026722180446950183,-0.02064311209928582,0.011450155200191992,146.99911804199218,140.8279945373535,140.34410903930663,1.0653302335616672,1.0690033328757753,0.015831116923172902,0.016502084930919644,72.9326542079941,-0.21882953493752888,74113625.0,0.8746488921571438,1
2022-07-21,152.29283142089844,152.50850317822432,148.9499341408544,151.4595528168205,65086600.0,0.015093890964596568,0.013509778949912787,0.026722180446950183,-0.02064311209928582,148.34804077148436,141.8083152770996,140.40861434936522,1.073934424249464,1.0846402275715281,0.014995655064221361,0.016445434176020044,81.14354882943718,0.0040602621892711355,73697495.0,0.8831589187665062,0
2022-07-22,151.0576629638672,153.2045683993023,150.39105184778396,152.33208328648058,66675400.0,-0.008110483241444033,0.015093890964596568,0.013509778949912787,0.026722180446950183,149.1166198730469,142.5837501525879,140.40038009643555,1.0594311259327296,1.0759063676331329,0.015659791352541287,0.016404499338394506,76.17422917066412,0.024410554553471853,73409575.0,0.9082657132942127,0
2022-07-25,149.94007873535156,151.9889458272938,149.28326552705713,150.97921649648936,53623900.0,-0.007398394802274666,-0.008110483241444033,0.015093890964596568,0.013509778949912787,150.26947631835938,143.13714294433595,140.52684158325195,1.0475273968103527,1.0669853320977327,0.014786950226222772,0.01601087519092577,70.7318413722295,-0.1957468571617118,71634930.0,0.7485719606342883,0
2022-07-26,148.61663818359375,150.0773065915356,147.83237855759032,149.2636385384265,55138700.0,-0.008826462963873238,-0.007398394802274666,-0.008110483241444033,0.015093890964596568,150.3871063232422,143.6243637084961,140.70408340454102,1.0347592452018106,1.0562354310379407,0.015449175753206321,0.016245795393136662,65.80483632441158,0.028248598106441314,70881470.0,0.7779000633028632,1
2022-07-27,153.70448303222656,154.2338646113094,149.1656081545016,149.57734107239523,78620700.0,0.03423469209650354,-0.008826462963873238,-0.007398394802274666,-0.008110483241444033,151.1223388671875,144.57282257080078,140.89387283325195,1.0631630502818314,1.0909238275686834,0.017907711464323305,0.015632702348250746,67.86454343710481,0.425871484093749,71458335.0,1.1002313446010181,1
2022-07-28,154.25350952148438,154.53779601902812,151.37136349671525,153.89078059336344,81378700.0,0.0035719614576414926,0.03423469209650354,-0.008826462963873238,-0.007398394802274666,151.51447448730468,145.46099319458008,141.12542495727538,1.0604458702900696,1.0930242340682652,0.017351235234711816,0.015574965612473178,67.72101947703459,0.03507981994563769,72215150.0,1.1268923487661522,1
2022-07-29,159.3119354248047,160.409904944982,156.36117506106663,158.0669387195233,101786900.0,0.03279293883822976,0.0035719614576414926,0.03423469209650354,-0.008826462963873238,153.1653289794922,146.72511596679686,141.38560195922852,1.0857850366998936,1.126790374813028,0.019304241575297643,0.01555113558722095,77.49378098288369,0.25078060966813176,72356270.0,1.4067460912509724,0
2022-08-01,158.33164978027344,160.37071938994356,157.72385550686172,157.84148924790597,67829400.0,-0.0061532467226471654,0.03279293883822976,0.0035719614576414926,0.03423469209650354,154.84364318847656,147.8318992614746,141.79125900268554,1.0710249315016078,1.1166531060795124,0.017352650251871913,0.01579308877165312,74.38464575598863,-0.3336136575531822,72195160.0,0.939528356194515,0
2022-08-02,156.86114501953125,159.21392420256825,156.48863324172908,156.94938527079637,59907000.0,-0.00928749724254685,-0.0061532467226471654,0.03279293883822976,0.0035719614576414926,156.49254455566407,148.73624572753906,142.2355403137207,1.054626222762646,1.102826654108753,0.01712656579428806,0.0159939000288597,71.85437367664719,-0.11679891020707833,71522820.0,0.8375928130350565,1
2022-08-03,162.8607177734375,163.311657015849,157.58658648416494,157.67481177613547,82507500.0,0.03824766645149258,-0.00928749724254685,-0.0061532467226471654,0.03279293883822976,158.32379150390625,149.87390670776367,142.79510726928712,1.0866515816592182,1.140520294342509,0.019902613707680237,0.017518410256120116,74.28501467470778,0.37725975261655575,71944980.0,1.1468138569223314,0
2022-08-04,162.54701232910156,163.89986001020398,161.19416464799912,162.74307352499065,55474100.0,-0.0019262192174073212,0.03824766645149258,-0.00928749724254685,-0.0061532467226471654,159.98249206542968,150.82775955200196,143.2401737976074,1.0776995747461133,1.1347864779804997,0.019995672831700485,0.0172050156674222,72.35570890282344,-0.3276477895948853,71406000.0,0.7768828949948183,0
2022-08-05,162.3212432861328,162.81208464474912,160.0142829089203,160.22044287042655,56697000.0,-0.0013889461253931978,-0.0019262192174073212,0.03824766645149258,-0.00928749724254685,160.5843536376953,151.73650436401368,143.73464157104493,1.069757366340314,1.129311914733519,0.019549965199653182,0.01729041647712371,78.82209401415244,0.022044521677683893,71013460.0,0.7983979375177607,0
2022-08-08,161.8500213623047,164.7361708864107,161.19229575323052,163.32254540690658,60276900.0,-0.002903020666232048,-0.0013889461253931978,-0.0019262192174073212,0.03824766645149258,161.28802795410155,152.7280502319336,144.2165476989746,1.0597268878671495,1.1222708069543912,0.01922113765542865,0.016732113987980766,74.59619476495065,0.06314090692629248,70870225.0,0.8505250265538172,1
2022-08-09,161.8990936279297,162.78261696114208,160.25968547297944,161.0155852740051,63135500.0,0.00030319591688621195,-0.002903020666232048,-0.0013889461253931978,-0.0019262192174073212,162.29561767578124,153.67352447509765,144.635518951416,1.0535262608242253,1.1193591643440823,0.018546746303771115,0.016792737588156546,72.70081989456747,0.04742446940701983,70147560.0,0.9000384332683845,1
2022-08-10,166.1399688720703,166.23812814464867,163.8428202002786,164.60853143111325,70170500.0,0.026194558283858305,0.00030319591688621195,-0.002903020666232048,-0.0013889461253931978,162.95146789550782,154.84917907714845,145.02441452026366,1.0729147539703559,1.1455999972256827,0.01746170815441847,0.01721506020228994,74.61932376795679,0.11142701016068624,70096805.0,1.001051331797505,0
2022-08-11,165.40370178222656,167.85790820975464,165.10919401506573,166.9449356294848,57149200.0,-0.004431607245639291,0.026194558283858305,0.00030319591688621195,-0.002903020666232048,163.5228057861328,155.8419532775879,145.41426956176758,1.0613554200492286,1.1374654102427553,0.01786322952387206,0.0171501980363636,75.96700067390657,-0.18556658424836647,69047230.0,0.8276827325296033,1
2022-08-12,168.9475860595703,169.01629605421468,166.29703098384923,166.70935086886797,68039400.0,0.021425664837959157,-0.004431607245639291,0.026194558283858305,0.00030319591688621195,164.84807434082032,156.92859420776367,145.8775505065918,1.076588921939199,1.1581465789140464,0.01634709930088951,0.017442692639705656,81.62657729707772,0.19055734813435699,68636205.0,0.9913048077177344,1
2022-08-15,170.01760864257812,170.21394216296972,168.21131628811554,168.3782005294128,54091700.0,0.006333458843445827,0.021425664837959157,-0.004431607245639291,0.026194558283858305,166.481591796875,158.22068481445314,146.31321578979492,1.0745599340690464,1.1620112901273307,0.015782077566307416,0.01618616517858072,85.91191258240976,-0.20499445909281977,67269745.0,0.8041014574977206,0
2022-08-16,169.86053466796875,170.52808660786044,168.51563433427114,169.61511402434292,56377100.0,-0.0009238688619576108,0.006333458843445827,0.021425664837959157,-0.004431607245639291,168.07388000488282,159.3122871398926,146.86004562377929,1.0662111361116404,1.1566150204195855,0.01501066858647863,0.015712675593889152,82.48661173699787,0.04225047465692522,65939480.0,0.8549824778721337,1
2022-08-17,171.3527069091797,172.92339013736907,169.4089794863745,169.60531301748716,79542000.0,0.00878469059412601,-0.0009238688619576108,0.006333458843445827,0.021425664837959157,169.11642761230468,160.37850646972657,147.4218180847168,1.0684268776472527,1.162329356233491,0.010709572943584583,0.015645305456809006,83.12661219137418,0.41089201111798945,66675410.0,1.1929735415200295,0
2022-08-18,170.96002197265625,171.6962839363271,169.94889007422466,170.56735491708034,62290100.0,-0.002291676295090972,0.00878469059412601,-0.0009238688619576108,0.006333458843445827,170.22769165039062,161.31186599731444,147.92534774780273,1.0598105781970337,1.155718236093825,0.010736979399960465,0.015642141168849898,77.54581834321448,-0.21689044781373368,66535585.0,0.936192264635533,0
2022-08-19,168.37818908691406,170.5575254675204,168.1720291679761,169.8605242913159,70346300.0,-0.015101968612025174,-0.002291676295090972,0.00878469059412601,-0.0009238688619576108,170.1138122558594,162.1778923034668,148.39194564819337,1.0382314549497615,1.1346855002905882,0.0124053480088636,0.016044958218140094,72.08549075066719,0.12933355380710587,66719130.0,1.054364767646101,0
2022-08-22,164.5005340576172,166.74858025975374,164.0784028181707,166.58169604206546,69026800.0,-0.02302943778125144,-0.015101968612025174,-0.002291676295090972,0.00878469059412601,169.0103973388672,162.9059150695801,148.88529678344727,1.0097885886301674,1.1048809896714125,0.014970182147660476,0.01705822827896853,65.18655939973877,-0.018757205425160905,67489275.0,1.0227817679179396,0
2022-08-23,164.16676330566406,165.61966421752064,163.59738564765863,164.01951691966545,54147100.0,-0.0020289949443946798,-0.02302943778125144,-0.015101968612025174,-0.002291676295090972,167.87164306640625,163.68342132568358,149.48000442504883,1.0029529073626753,1.0982523310532772,0.015012921433770664,0.01683914499395647,53.35123939437839,-0.21556409974097013,67439695.0,0.8028965730049639,1
2022-08-24,164.4613037109375,165.03068148199358,163.20475103663767,164.2551587296091,53841500.0,0.0017941536967811533,-0.0020289949443946798,-0.02302943778125144,-0.015101968612025174,166.4933624267578,164.22126235961915,150.18353591918947,1.0014616947152233,1.0950687950204514,0.012287663294672563,0.015386987485084743,54.91679985326612,-0.005643884898729579,66200735.0,0.813306680054232,1
2022-08-25,166.91549682617188,167.0234825149317,165.26627719342727,165.68839353539587,51218200.0,0.014922617417334472,0.0017941536967811533,-0.0020289949443946798,-0.02302943778125144,165.68445739746093,164.8543617248535,150.9188981628418,1.0125027635286863,1.1059946690444937,0.01317034584818507,0.015597702405731464,60.588147171831054,-0.048722639599565354,64692710.0,0.7917151716167092,0
2022-08-26,160.6229248046875,167.91683533755338,160.5640262370915,167.44563181749547,78961000.0,-0.03769914801881791,0.014922617417334472,0.0017941536967811533,-0.0020289949443946798,164.13340454101564,164.91991119384767,151.47606002807618,0.9739450115025258,1.0603848870568455,0.01595340392404085,0.016690999443947137,47.770262664217114,0.5416590196453603,63551415.0,1.2424743021064126,0
2022-08-29,158.4239501953125,159.91609703205498,156.89252766433086,158.19815240165843,73314000.0,-0.013690291171380986,-0.03769914801881791,0.014922617417334472,0.0017941536967811533,162.9180877685547,164.9245262145996,152.09452850341796,0.9605845402834229,1.0416150518639617,0.015636927799363723,0.01693344790301096,44.14298756573956,-0.07151631818239379,63825645.0,1.1486605423258942,0
2022-08-30,155.9991912841797,159.58232691391927,154.83098655063566,159.1602105704912,77906200.0,-0.015305507204835256,-0.013690291171380986,-0.03769914801881791,0.014922617417334472,161.28457336425782,164.88142852783204,152.63509216308594,0.9461295470147323,1.022040142102442,0.01568480412173598,0.017162182370377522,31.794199442911577,0.06263742259322913,64725605.0,1.2036380347468363,0
2022-08-31,154.3401336669922,157.63858767600124,154.2615972644816,157.3735291899389,87991100.0,-0.010635039858413409,-0.015305507204835256,-0.013690291171380986,-0.03769914801881791,159.26033935546874,164.45539932250978,153.0579705810547,0.9384923468783122,1.0083769769131918,0.01448164953444436,0.014714374666231437,30.774521657969544,0.12944926077770447,64999785.0,1.353713708437651,1
2022-09-01,155.06658935546875,155.5181549609377,151.83684522830168,153.77076113952282,74229900.0,0.00470684890064943,-0.010635039858413409,-0.015305507204835256,-0.013690291171380986,156.89055786132812,164.0813781738281,153.50557403564454,0.9450590376635606,1.0101691116406089,0.015069208043929798,0.01480436055764133,23.260281816327335,-0.15639308975566846,65937575.0,1.125760236102101,0
2022-09-02,152.95596313476562,157.42262194968552,152.13135334781393,156.82379496598037,76957800.0,-0.013611095913542037,0.00470684890064943,-0.010635039858413409,-0.015305507204835256,155.35716552734374,163.61311416625978,153.8537139892578,0.9348637113485622,0.9941649061877383,0.01501608082361524,0.015017744572613309,18.400109878060235,0.03674934224618376,66950615.0,1.149471143767686,0
2022-09-06,151.69940185546875,154.21250676362826,150.8747921160952,153.60386838160778,73714800.0,-0.008215183334759901,-0.013611095913542037,0.00470684890064943,-0.010635039858413409,154.012255859375,163.10558319091797,154.11025756835937,0.9300687253476904,0.9843562930142971,0.014239016988463759,0.015065458508668575,17.68005039944822,-0.04213997801392455,67622510.0,1.0900926333553724,1
2022-09-07,153.10321044921875,153.80019664109167,150.7962505650505,151.98409298992328,87449600.0,0.009253883512919003,-0.008215183334759901,-0.013611095913542037,0.00470684890064943,153.4330596923828,162.66578903198243,154.39487731933593,0.9412133390821131,0.991634004362427,0.015178646649694434,0.015303714762727766,17.42033092908251,0.18632350627011118,68838215.0,1.2703641429400805,0
2022-09-08,151.63070678710938,153.49589780674214,149.88329791132227,151.8074024718103,84923800.0,-0.009617719039260564,0.009253883512919003,-0.008215183334759901,-0.013611095913542037,152.89117431640625,161.94032592773436,154.73278533935547,0.9363369248421444,0.9799520279723349,0.014882824148769227,0.013765560232319942,16.773629703304778,-0.028882922277517542,69575880.0,1.220592538678634,1
2022-09-09,154.48739624023438,154.92916542303703,151.91539245059826,152.62220516793604,68028800.0,0.018839781952186163,-0.009617719039260564,0.009253883512919003,-0.008215183334759901,152.77533569335938,161.39451065063477,155.0927313232422,0.9572035357178164,0.996096947433686,0.015587721305929,0.014719296915604006,26.345763789970178,-0.1989430524776329,70119860.0,0.9701787767402844,1
2022-09-12,160.4364013671875,161.25119983056848,156.38206187837264,156.66674327917337,104956000.0,0.038508028950803075,0.018839781952186163,-0.009617719039260564,0.009253883512919003,154.27142333984375,160.9689514160156,155.62086975097657,0.9966915977016476,1.0309439962899367,0.01771887689911346,0.016604708434689478,43.535351721118225,0.5428171597911473,71965690.0,1.45841719852891,0
2022-09-13,151.02206420898438,157.59933535695706,150.56067213786505,156.97105902298662,122656600.0,-0.05867955824225157,0.038508028950803075,0.018839781952186163,-0.009617719039260564,154.13595581054688,160.01917419433593,155.91739135742188,0.9437748005471833,0.9686030717560201,0.025562979557169123,0.02066251106682658,33.77761775219378,0.1686478143221921,75393935.0,1.6268762202158569,1
2022-09-14,152.46511840820312,154.22233860679495,150.79626102566698,151.95463927472932,87965400.0,0.009555254106591082,-0.05867955824225157,0.038508028950803075,0.018839781952186163,154.00833740234376,159.14940338134767,156.1912094116211,0.9579999369703704,0.9761440415407864,0.025601569743077122,0.02092126728856973,35.60317169645474,-0.28283190631405075,76973350.0,1.1428033208896327,0
2022-09-15,149.5789794921875,152.3964188629796,148.60712326254628,151.81721471946022,90481100.0,-0.018929830941975867,0.009555254106591082,-0.05867955824225157,0.038508028950803075,153.59799194335938,158.06071701049805,156.38063903808595,0.9463387381840915,0.956505744011943,0.026043367230584126,0.020865603643097985,29.407642998099107,0.028598744506362683,77520305.0,1.1671922601439713,0
2022-09-16,147.93955993652344,148.57766259301448,145.65223775657734,148.44022763272653,162278800.0,-0.010960226906412962,-0.018929830941975867,0.009555254106591082,-0.05867955824225157,152.28842468261718,156.9096939086914,156.4700311279297,0.9428325060822065,0.9454817569223095,0.026011556240220193,0.020862246861468845,33.06237491130955,0.7935104679319769,82519740.0,1.9665452169383957,1
2022-09-19,151.65029907226562,151.72883546494634,146.36885773323408,146.57500265714634,81474200.0,0.025082805013982412,-0.010960226906412962,-0.018929830941975867,0.009555254106591082,150.5312042236328,156.07329940795898,156.62011016845702,0.9716607494525242,0.9682683718531038,0.027331239752286275,0.021947364711311083,41.30538844280513,-0.4979368839306182,83076135.0,0.9807172661559183,1
2022-09-20,154.02601623535156,155.18440966019696,150.27599594996536,150.59012663818945,107689800.0,0.015665759827838244,0.025082805013982412,-0.010960226906412962,-0.018929830941975867,151.13199462890626,155.5495735168457,156.86024841308594,0.9902053265267928,0.9819314822817918,0.027625521987750527,0.021978680295690736,47.46405346679113,0.32176566324063316,85009285.0,1.2668004442103,0
2022-09-21,150.90426635742188,155.8323177224437,150.78646922639234,154.45795295017905,101696800.0,-0.020267679150771878,0.015665759827838244,0.025082805013982412,-0.010960226906412962,150.81982421875,154.8864486694336,157.01854156494142,0.9742896660991259,0.9610601706869711,0.02831771207032022,0.022309874658016024,45.744192261590435,-0.055650581577828206,87386770.0,1.1637551084677922,0
2022-09-22,149.94223022460938,151.6405372059972,148.1457489754599,149.58882383167358,86652500.0,-0.006375142042265969,-0.020267679150771878,0.015665759827838244,0.025082805013982412,150.89247436523436,154.16049499511718,157.1648486328125,0.9726371871688566,0.9540443141641839,0.028227512188621174,0.022273654825848206,43.68958382032066,-0.14793287497738372,89027320.0,0.973324817595318,0
2022-09-23,147.67453002929688,148.69548848555903,145.83878806603744,148.42061851178616,96029900.0,-0.015123825968945126,-0.006375142042265969,-0.020267679150771878,0.015665759827838244,150.83946838378907,153.19844665527344,157.20737487792968,0.9639427373672629,0.9393613381303836,0.02764499874604686,0.02191411942048248,43.521218083776205,0.10821845878653247,91267905.0,1.0521760086418113,1
2022-09-26,148.00830078125,150.95334879982894,146.89899456754617,146.91863241520423,93339400.0,0.002260178189745332,-0.015123825968945126,-0.006375142042265969,-0.020267679150771878,150.11106872558594,152.56771545410157,157.22324554443358,0.9701154686672672,0.9413894253914298,0.023494748543688104,0.020644743003265038,45.367206795325146,-0.028017315440295176,91986825.0,1.0147040078837377,1
2022-09-27,148.98011779785156,151.8859043349913,147.20327502469917,149.94217734892632,84442700.0,0.006565962932294278,0.002260178189745332,-0.015123825968945126,-0.006375142042265969,149.10188903808594,152.09552383422852,157.31933197021485,0.979516780258619,0.9469918028005475,0.015481210115210376,0.020634843987197806,44.76827013369217,-0.09531559020092262,92543260.0,0.9124673152858458,0
2022-09-28,147.09530639648438,147.8806554147203,142.18689375661808,144.93560783080054,146691400.0,-0.012651429125090763,0.006565962932294278,0.002260178189745332,-0.015123825968945126,148.34009704589843,151.65032958984375,157.30066833496093,0.9699636446179908,0.9351219416516087,0.015350777787645719,0.020559016479898922,44.304691493903306,0.7371708862933088,95982520.0,1.528313697119017,0
2022-09-29,139.87013244628906,144.03247205665744,138.1031007730531,143.42383363893248,128138200.0,-0.049118997248766005,-0.012651429125090763,0.006565962932294278,0.002260178189745332,146.32567749023437,150.92682952880858,157.09750457763673,0.9267413413702629,0.8903396194760433,0.02074796261825938,0.022994370073384684,33.45919642619725,-0.12647776215919948,97989875.0,1.3076677564901475,0
2022-09-30,135.66854858398438,140.4788028880648,135.47221503631138,138.69213315187477,124925300.0,-0.03003917840657022,-0.049118997248766005,-0.012651429125090763,0.006565962932294278,143.9244812011719,149.95692749023436,156.76501892089843,0.9047167800421858,0.865426161511459,0.02204136413272361,0.023555517498509326,20.81881332652577,-0.025073709479296546,100524645.0,1.242733063120989,1
2022-10-03,139.8406982421875,140.44935170481597,135.16789396191245,135.67837316238783,114311700.0,0.03075251929610201,-0.03003917840657022,-0.049118997248766005,-0.012651429125090763,142.29096069335938,149.30116424560546,156.54067962646485,0.9366350151975026,0.8933185838714472,0.023048268959237974,0.02489098328851742,34.96961029967986,-0.0849595718401317,102392340.0,1.116408707917018,1
2022-10-04,143.423828125,143.54162523892447,141.61752082886468,142.3734205948832,87830100.0,0.02562294044475477,0.03075251929610201,-0.03003917840657022,-0.049118997248766005,141.17970275878906,148.88738555908202,156.4103546142578,0.9633040944767349,0.9169714401499477,0.024354332625897174,0.025737526248683817,38.50759527060576,-0.23166132600599942,103098105.0,0.8519079957871195,1
2022-10-05,143.7183074951172,144.6803670999918,140.39040452379436,141.43100052371705,79471000.0,0.0020532109201585325,0.02562294044475477,0.03075251929610201,-0.03003917840657022,140.50430297851562,148.41814041137695,156.31238800048828,0.9683338377422528,0.9194300549913437,0.02400706589624659,0.025614775465742604,42.0250548882862,-0.09517352251676814,102699175.0,0.7738231587546833,0
2022-10-06,142.76608276367188,144.8374334955695,142.5599378213271,143.13912691743977,68402200.0,-0.006625632795443703,0.0020532109201585325,0.02562294044475477,0.03075251929610201,141.0834930419922,147.97490921020508,156.0936199951172,0.9647992590478036,0.9146183089875024,0.02400924823568211,0.02558184052752417,42.82599045211734,-0.13928099558329454,101873095.0,0.6714451936500015,0
2022-10-07,137.52394104003906,140.47881588020488,136.89566464180587,139.9290609248713,85925600.0,-0.036718397130153124,-0.006625632795443703,0.0020532109201585325,0.02562294044475477,141.45457153320314,147.12673645019532,155.75902862548827,0.9347311328868703,0.8829275725049993,0.025950572550184115,0.02613113087054155,31.20919509994117,0.25618181871343326,102767935.0,0.8361129373670882,1
2022-10-10,137.84788513183594,139.29095992216133,136.03178109548642,137.84788513183594,74899000.0,0.002355546891305016,-0.036718397130153124,-0.006625632795443703,0.0020532109201585325,141.0560089111328,145.99731063842773,155.3297476196289,0.9441809888760595,0.8874532228649304,0.025954285263486847,0.024100253388659478,27.237439961802266,-0.12832729710354074,101265085.0,0.7396330136887753,0
2022-10-11,136.43423461914062,138.76083241469453,135.68816128454225,137.33738075448184,77033700.0,-0.010255148356779764,0.002355546891305016,-0.036718397130153124,-0.006625632795443703,139.65809020996093,145.26791915893554,154.89179931640626,0.9391903966757443,0.8808357525787319,0.025534899086215805,0.020882119307047996,28.612732928219856,0.028501048078078517,98983940.0,0.7782444303591067,0
2022-10-12,135.80593872070312,137.78894134975735,135.6292430799311,136.58147619996143,70433700.0,-0.004605119090464349,-0.010255148356779764,0.002355546891305016,-0.036718397130153124,138.07561645507812,144.43496017456056,154.4706951904297,0.9402566979391374,0.8791695962349566,0.025514999711782685,0.020605956956037987,28.897827909180364,-0.08567678821087399,98107355.0,0.7179247672103687,1
2022-10-13,140.37083435058594,140.9598350656115,131.90871810397607,132.51737164924788,113224000.0,0.03361337267636677,-0.004605119090464349,-0.010255148356779764,0.002355546891305016,137.59656677246093,143.97455291748048,154.02089752197264,0.9749697533774595,0.9113752523780783,0.023941956276920022,0.02210721713088668,39.79704723897532,0.6075259428370225,99244500.0,1.1408591911894361,0
2022-10-14,135.84524536132812,141.87277603175662,135.65872326737428,141.66661609125816,88598000.0,-0.0322402371560665,0.03361337267636677,-0.004605119090464349,-0.010255148356779764,137.26082763671874,143.3698371887207,153.4868621826172,0.9475162141846628,0.8850610627488154,0.024263050860104433,0.023007386601814468,34.790053671522955,-0.21749805694905677,95560460.0,0.9271407860531438,1
2022-10-17,139.80142211914062,140.282437004532,137.7006219624551,138.48597103526853,85250900.0,0.029122673725456183,-0.0322402371560665,0.03361337267636677,-0.004605119090464349,137.6515350341797,142.77739334106445,153.03646575927735,0.9791565656699246,0.9135170589932786,0.02404092887285839,0.023292151893061018,39.31921077200124,-0.03777850515812997,95749295.0,0.8903553806845262,1
2022-10-18,141.11688232421875,144.0128431743189,138.03439937209953,142.825015544548,99136600.0,0.00940949087025067,0.029122673725456183,-0.0322402371560665,0.03361337267636677,138.58806457519532,142.1319366455078,152.62180297851563,0.9928583656478226,0.9246181054752943,0.022644463749141974,0.023057793363184947,42.94978791889886,0.16288039187856085,95321635.0,1.0400220264790885,1
2022-10-19,141.22486877441406,142.29489928414645,138.90809708603376,139.09461918905455,61758300.0,0.0007652270119404836,0.00940949087025067,0.029122673725456183,-0.0322402371560665,139.6718505859375,141.64796676635743,152.2083184814453,0.9970130316615046,0.9278393597891947,0.02262636508451742,0.022759948004560493,51.91988485534693,-0.37703834910618284,93324710.0,0.6617572130682217,0
2022-10-20,140.76348876953125,143.21769564184982,140.03703814278057,140.4002709458009,64522000.0,-0.003266988377378488,0.0007652270119404836,0.00940949087025067,0.029122673725456183,139.75038146972656,141.18902969360352,151.70078887939454,0.9969860199124837,0.9279021540319169,0.022566970400108903,0.022746739521053678,58.076565088162,0.0447502602889005,92218185.0,0.6996667739665446,1
2022-10-21,144.57240295410156,145.1417806685085,140.03701908535325,140.25299045906925,86548600.0,0.02705896406707109,-0.003266988377378488,0.0007652270119404836,0.00940949087025067,141.49581298828124,141.03392333984374,151.28416290283204,1.0250895637763071,0.9556347484102393,0.02030700305257551,0.023497524604516002,57.58814544518448,0.3413812343076781,91744120.0,0.9433694497260424,1
2022-10-24,146.71249389648438,147.47820529483582,143.32569117619283,144.493896124247,75981900.0,0.014802900820997333,0.02705896406707109,-0.003266988377378488,0.0007652270119404836,142.87802734375,140.96913299560546,150.8394610595703,1.0407419750610083,0.972640003258457,0.02049418775416632,0.023749443723258577,55.52991489833368,-0.12208978539225357,90876245.0,0.836102988190148,1
2022-10-25,149.54954528808594,149.6968066869272,146.62413491177585,147.34075911907576,74732300.0,0.019337490054550432,0.014802900820997333,0.02705896406707109,-0.003266988377378488,144.56455993652344,140.9976043701172,150.43009979248046,1.0606530937612244,0.9941464207920538,0.019944701420773415,0.024109068717785523,59.032891832020866,-0.016446022013137385,90390725.0,0.8267695607043754,0
2022-10-26,146.61431884765625,149.2059606049606,145.32830191392304,148.19482861119383,88194300.0,-0.019627117118780846,0.019337490054550432,0.014802900820997333,0.02705896406707109,145.64244995117187,140.9735549926758,149.96517547607422,1.0400129219645027,0.9776557682956696,0.021612695528077853,0.02435803899384714,55.616091454387714,0.18013629983287016,87465870.0,1.00832816274508,0
2022-10-27,142.1476287841797,146.3197794029668,141.48990330767347,145.35773474859954,109180200.0,-0.030465578659597425,-0.019627117118780846,0.019337490054550432,0.014802900820997333,145.91927795410157,141.08742980957032,149.38107391357423,1.0075144821621624,0.9515772317075487,0.022617092652885744,0.022672233311758837,56.90404539356645,0.23795075191934179,86517970.0,1.2619366820557625,1
2022-10-28,152.8872528076172,154.61500878306214,145.11232844918345,145.4853576495381,164762400.0,0.0755526076326134,-0.030465578659597425,-0.019627117118780846,0.019337490054550432,147.58224792480468,141.94836502075196,149.01961853027345,1.0770624429895055,1.0259538597366495,0.029419335244233184,0.026943073993699558,67.12871789560175,0.5090868124440147,88509825.0,1.8615153741406674,0
2022-10-31,150.5312042236328,151.4147275390832,149.13721674827332,150.35450854811523,97943200.0,-0.01541036640215565,0.0755526076326134,-0.030465578659597425,-0.019627117118780846,148.3459899902344,142.4828903198242,148.66267883300782,1.0564861779947259,1.012568893587098,0.029950430301219848,0.02671731766829792,65.71798783133181,-0.40554883881273884,87691400.0,1.1169077013253295,0
2022-11-01,147.89048767089844,152.60256746450293,146.39834080336652,152.23934967138234,80379300.0,-0.017542652145473236,-0.01541036640215565,0.0755526076326134,-0.030465578659597425,148.01417846679686,142.70622329711915,148.33047790527343,1.0363282290989193,0.9970337165996594,0.03098586870554511,0.02662401799632569,62.8954537091162,-0.1793274060884268,87318860.0,0.9205262185053722,0
2022-11-02,142.3734130859375,149.38262560122348,142.34396380900958,146.22160672381153,93604600.0,-0.03730513484571174,-0.017542652145473236,-0.01541036640215565,0.0755526076326134,147.16599731445314,142.63897857666015,147.89461090087892,0.9981381983145657,0.9626680256886317,0.03379208236011545,0.028027049432622877,52.09439582630499,0.16453614301194452,88025540.0,1.0633800144821606,0
2022-11-03,136.33607482910156,140.18426855678922,136.20845130657773,139.45781809061094,97918500.0,-0.04240495557405621,-0.03730513484571174,-0.017542652145473236,-0.01541036640215565,146.0036865234375,142.31747817993164,147.3321063232422,0.9579714071150993,0.9253656805121915,0.03653655864645461,0.029565052362778572,50.49759901937398,0.04608641028325522,89501355.0,1.0940448890410654,0
2022-11-04,136.07058715820312,140.28898493787645,132.1373429796548,139.71866273149064,140814800.0,-0.0019473031714549727,-0.04240495557405621,-0.03730513484571174,-0.017542652145473236,142.64035339355468,142.24481048583985,146.71520812988283,0.9565943860689993,0.9274470512814437,0.035041077925825774,0.028409014626619815,45.91178016739189,0.43808166996022213,92245815.0,1.5265169482214451,1
2022-11-07,136.60159301757812,136.82775039724396,133.40583154940404,134.82180210827255,83374600.0,0.003902429396866136,-0.0019473031714549727,-0.04240495557405621,-0.03730513484571174,139.85443115234375,142.18249588012696,146.23478149414063,0.9607483127370752,0.9341251897931786,0.0345047309307936,0.028418306738667697,44.96563044201681,-0.4079130886810193,92669595.0,0.8996974681933163,1
2022-11-08,137.17189025878906,139.06967336647747,135.19544046730184,138.06670690734794,89908500.0,0.0041748945134010285,0.003902429396866136,-0.0019473031714549727,-0.04240495557405621,137.71071166992186,142.21937866210936,145.80974029541017,0.9645091375675862,0.9407594443339599,0.03355892629371128,0.028329290897692712,45.52719958938933,0.07836799217027735,93313335.0,0.963511806753022,0
2022-11-09,132.619140625,136.23773265765962,132.34381476431366,136.18856411022261,74917800.0,-0.0331901064073683,0.0041748945134010285,0.003902429396866136,-0.0019473031714549727,135.75985717773438,142.0600387573242,145.34213928222655,0.933542900488351,0.9124617353228789,0.034341194650841976,0.0293121958152314,41.75645153717465,-0.16673284505914343,93537540.0,0.800938318454815,1
2022-11-10,144.4188995361328,144.4188995361328,137.171901375878,138.88286812786214,118854000.0,0.08897478037878681,-0.0331901064073683,0.0041748945134010285,0.003902429396866136,137.3764221191406,142.26244201660157,145.14371459960938,1.0151583052347688,0.9950062249304007,0.04526010567946862,0.034826636972024975,49.86626096500557,0.5864587587996444,93819040.0,1.2668430629859355,1
2022-11-11,147.20164489746094,147.5064688885728,141.96059578034578,143.38640864839942,93979700.0,0.01926856782779951,0.08897478037878681,-0.0331901064073683,0.0041748945134010285,139.60263366699218,142.83026199340821,144.98641571044922,1.0306054392328599,1.0152788740666279,0.03809608088457379,0.03405853318766521,50.421450720227554,-0.2092845003113063,94088125.0,0.9988476229067165,0
2022-11-14,145.80535888671875,147.77198095425382,144.96953850636208,146.48384590068005,73374100.0,-0.009485532663135787,0.01926856782779951,0.08897478037878681,-0.0331901064073683,141.44338684082032,143.1304588317871,144.8434036254883,1.018688545238825,1.0066413467037665,0.037929892274932556,0.03368519139682999,46.691891690760585,-0.21925586057414526,93494285.0,0.7847977018060516,1
2022-11-15,147.53599548339844,151.02675299903876,146.0806992107757,149.67962155098414,89868300.0,0.011869499241274672,-0.009485532663135787,0.01926856782779951,0.08897478037878681,143.51620788574218,143.4514144897461,144.76013549804688,1.0284736195051203,1.0191755829448572,0.03777866687151697,0.03371572656573747,50.832041483197315,0.22479594298260563,93030870.0,0.9660051550630452,0
2022-11-16,146.30682373046875,147.36880131400713,144.83185736513215,146.6411608430867,64218300.0,-0.008331334661092926,0.011869499241274672,-0.009485532663135787,0.01926856782779951,146.25374450683594,143.70551223754882,144.62420776367188,1.0181016820608795,1.011634400580755,0.03561598858158335,0.03380519228235155,53.98780383967501,-0.2854176611775231,93153870.0,0.6893787665504396,1
2022-11-17,148.2046356201172,148.9519465811487,143.71089713297823,143.98622301357588,80389400.0,0.012971451647017185,-0.008331334661092926,0.011869499241274672,-0.009485532663135787,147.01089172363282,144.07756958007812,144.55568634033204,1.0286447505469978,1.0252425163766599,0.0318264382559322,0.03385945439327316,44.593710890374666,0.2518145139313872,93947240.0,0.8556866598742018,1
2022-11-18,148.76515197753906,150.1516244369956,147.46718893347042,149.7681336507777,74829600.0,0.003782043355638365,0.012971451647017185,-0.008331334661092926,0.011869499241274672,147.32359313964844,144.28720703125,144.4412414550781,1.031034940923898,1.0299354289599187,0.031662201052248,0.03338972939390205,47.872820624413706,-0.06916085951630435,93361290.0,0.8015056347229136,0
2022-11-21,145.53985595703125,147.86047052115927,145.25470236836378,147.65398361312236,58724100.0,-0.021680453907611197,0.003782043355638365,0.012971451647017185,-0.008331334661092926,147.27049255371094,144.22857513427735,144.143310546875,1.0090916853441358,1.0096885898128591,0.03315360513828935,0.033645980627763146,47.2080222849303,-0.21522900028865588,92498400.0,0.634866116603098,1
2022-11-22,147.67364501953125,147.9096450709946,144.47788413446048,145.65786938764137,51804100.0,0.014661200868097524,-0.021680453907611197,0.003782043355638365,0.012971451647017185,147.2980224609375,144.1347801208496,144.07634216308594,1.0245524702345574,1.0249680329361317,0.0332258647752567,0.03352143828187617,56.84556467887594,-0.11783918357199175,91351990.0,0.5670823372320625,1
2022-11-23,148.54884338378906,149.29615456069408,146.84770405367206,146.95586889544748,58301400.0,0.005926571150472126,0.014661200868097524,-0.021680453907611197,0.003782043355638365,147.74642639160157,144.23150634765625,143.99801666259765,1.0299333838039955,1.0316033986207913,0.02999881436507993,0.03322412481831355,68.20044006181604,0.12542057481936753,89857345.0,0.6488217518556775,0
2022-11-25,145.63818359375,146.3953372169929,144.66470036386627,145.8348427804778,35195900.0,-0.019593957944991303,0.005926571150472126,0.014661200868097524,-0.021680453907611197,147.23313598632814,144.40603408813476,143.9192007446289,1.008532534761416,1.011944082792478,0.014717104047358927,0.0327651256554821,63.21640074599433,-0.39631123780904065,86158130.0,0.408503527177296,0
2022-11-28,141.8131103515625,144.19272111621666,140.9871327315936,142.7177546502144,69246000.0,-0.02626421964213277,-0.019593957944991303,0.005926571150472126,0.014661200868097524,145.8427276611328,143.85232696533203,143.79667175292968,0.9858242361678239,0.9862057905987189,0.015441787747288483,0.028292578296395438,56.598529529956544,0.9674450717271046,81382310.0,0.8508728739697853,0
2022-11-29,138.81402587890625,142.39327767480953,138.007718580844,141.8819517027843,83763800.0,-0.021148146777271504,-0.02626421964213277,-0.019593957944991303,0.005926571150472126,144.4975616455078,143.2664680480957,143.5399462890625,0.9689219520111662,0.9670759218438111,0.016348285643352882,0.028449629413514886,51.95871124993584,0.20965543136065623,80673340.0,1.0383083184605968,1
2022-11-30,145.55953979492188,146.23802684928043,138.2043770255708,139.04018245155586,111380900.0,0.04859389296799188,-0.021148146777271504,-0.02626421964213277,-0.019593957944991303,144.07474060058593,143.14992065429686,143.3706167602539,1.0168328360198269,1.0152675846985322,0.023195187402679056,0.030520364055927913,64.66781556155294,0.32970209087935354,82223420.0,1.3546128341535781,1
2022-12-01,145.83485412597656,146.64117635966434,144.1632284025417,145.7365320270306,71250400.0,0.0018914207302562769,0.04859389296799188,-0.021148146777271504,-0.02626421964213277,143.53194274902344,143.32299270629883,143.269228515625,1.0175258789413162,1.0179077226626634,0.02306639208305986,0.029255470393600224,52.17256938006057,-0.36029965640428474,81105710.0,0.8784880867204048,0
2022-12-02,145.34326171875,145.5300932932351,143.21930540482765,143.52414455506968,65447400.0,-0.003370884211273073,0.0018914207302562769,0.04859389296799188,-0.021148146777271504,143.47295837402345,143.77335205078126,143.1772491455078,1.0109193368978018,1.01512818961231,0.022612954926344058,0.02740915450027814,46.93295055339403,-0.08144515679911968,79482155.0,0.8234225657318929,0
2022-12-05,144.1829071044922,148.4013049961633,143.33725898348703,145.3038811249747,68826400.0,-0.007983545989928231,-0.003370884211273073,0.0018914207302562769,0.04859389296799188,143.94691772460936,144.1789680480957,143.10741668701172,1.0000273206033432,1.0075152668001315,0.022600939584965403,0.02750593877751366,47.30131222484318,0.051629247303941694,75882735.0,0.9070100069534921,0
2022-12-06,140.52500915527344,144.84174478338647,139.55152565219004,144.61558740538712,64727200.0,-0.02536984461388203,-0.007983545989928231,-0.003370884211273073,0.0018914207302562769,144.28911437988282,144.37513885498046,142.9577508544922,0.9733324606283196,0.9829827925755849,0.022968754284046912,0.028238356920481437,39.040975653502954,-0.05955854148989337,74950365.0,0.8636008643853835,0
2022-12-07,138.587890625,140.97732977170875,137.663575645007,139.817029693259,69721100.0,-0.013784866778645877,-0.02536984461388203,-0.007983545989928231,-0.003370884211273073,142.89478454589843,144.44593887329103,142.74990631103515,0.9594447009449691,0.9708440040796482,0.02225216932639666,0.028443171488069092,38.19562480107004,0.07715303612700697,73940995.0,0.9429288853903034,1
2022-12-08,140.26931762695312,141.12480845757423,138.7451974772698,139.9841640195035,62128300.0,0.012132567963696328,-0.013784866778645877,-0.02536984461388203,-0.007983545989928231,141.78167724609375,144.82844772338868,142.61338653564454,0.968520479449292,0.9835634720860826,0.022707063520831017,0.027370545217989067,37.78386334625773,-0.10890246998397901,73301520.0,0.8475717829589345,0
2022-12-09,139.7875213623047,143.14061609699272,138.5485396692002,139.9645101732408,76097000.0,-0.003434794385538953,0.012132567963696328,-0.013784866778645877,-0.02536984461388203,140.6705291748047,144.59687881469728,142.61173431396483,0.9667395486554323,0.9801964896840639,0.022160222572614654,0.018474485146309467,36.14568135429745,0.22483634672122044,71163670.0,1.0693237153170994,1
2022-12-12,142.07864379882812,142.08847150955347,138.70587850686456,140.31850830999085,70462700.0,0.016390035492404476,-0.003434794385538953,0.012132567963696328,-0.013784866778645877,140.2496765136719,144.34072875976562,142.73993621826173,0.9843281589307865,0.9953671520602164,0.021465829068692543,0.018314960938192255,44.500065950521595,-0.07404102658449085,69987820.0,1.006785180621428,1
2022-12-13,143.04225158691406,147.46715106267968,141.83278326469596,147.00499369488003,93886200.0,0.006782214147893484,0.016390035492404476,-0.003434794385538953,0.012132567963696328,140.753125,144.20257339477538,142.80396728515626,0.9919535291184799,1.0016686112177962,0.0201271128230885,0.018308091918510676,42.35636725539585,0.3324241052358199,71013425.0,1.32209085817224,0
2022-12-14,140.82000732421875,144.2124280542218,138.80421630941913,142.9242927483946,82291200.0,-0.015535579439233449,0.006782214147893484,0.016390035492404476,-0.003434794385538953,141.19954833984374,143.8667739868164,142.75189086914062,0.9788223049828249,0.986466844444864,0.013008932178371123,0.01833563399042341,37.78737288082468,-0.12350057835975892,70634570.0,1.1650272663937786,0
2022-12-15,134.2219696044922,139.43352160827794,133.7598121718234,138.75503452609877,98931900.0,-0.04685440545770947,-0.015535579439233449,0.006782214147893484,0.016390035492404476,139.99007873535157,143.26253128051758,142.56196411132814,0.9368951421197259,0.9414991610221983,0.018745364245978335,0.020865959173293244,33.843540573352584,0.20221724801679897,72370250.0,1.3670244333825017,0
2022-12-16,132.26516723632812,135.35276341025192,131.49818579850947,134.40879318099954,160156900.0,-0.014578853029277639,-0.04685440545770947,-0.015535579439233449,0.006782214147893484,138.48560791015626,142.46555786132814,142.35194580078124,0.9284010059825915,0.9291419691686592,0.018766051004245176,0.020587557186057728,35.73311870713556,0.6188600441313672,76358625.0,2.0974303819640543,0
2022-12-19,130.16090393066406,132.94367653807714,129.12843913282236,132.8551821275431,79592600.0,-0.01590942913869542,-0.014578853029277639,-0.04685440545770947,-0.015535579439233449,136.10205993652343,141.53534545898438,142.20468505859375,0.9196353286068989,0.9153067205699503,0.018874912650712266,0.0205925617483963,36.71493035008388,-0.5030335876880734,76596775.0,1.0391116336164283,0
2022-12-20,130.09205627441406,131.0261987808424,127.72227301817315,129.19723960857664,77432800.0,-0.0005289426715004986,-0.01590942913869542,-0.014578853029277639,-0.04685440545770947,133.51202087402345,140.76295547485353,142.0495684814453,0.924192418634278,0.9158215520479166,0.018254169391932983,0.020310767833726085,20.1289520290201,-0.027135688493653887,77532210.0,0.998717823211798,1
2022-12-21,133.18948364257812,134.52678732015247,130.5345467103143,130.76070405901197,85928000.0,0.023809504260816627,-0.0005289426715004986,-0.01590942913869542,-0.014578853029277639,131.9859161376953,140.03874740600585,141.98467346191407,0.9510902240251402,0.9380553576319971,0.02055022468970801,0.02088131701219338,27.9793591450307,0.10971061359010648,79238405.0,1.0844236453270355,0
2022-12-22,130.023193359375,132.314309508476,128.12541056444581,132.10782262615243,77852100.0,-0.02377282497543165,0.023809504260816627,-0.0005289426715004986,-0.01590942913869542,131.1461608886719,139.11246490478516,141.8690185546875,0.9346624218639842,0.9165016765746766,0.020599105804917767,0.021122395167059164,25.5950673652913,-0.09398449865003256,80215940.0,0.9705315427332772,0
2022-12-23,129.65940856933594,130.21006041152802,127.47645662054781,128.7350936895975,63814900.0,-0.0027978453738910503,-0.02377282497543165,0.023809504260816627,-0.0005289426715004986,130.62500915527343,138.31352615356445,141.6547900390625,0.9374311549644092,0.9153196198559982,0.02061358262682069,0.020904087736427664,26.26155357917787,-0.1803059904614005,81646890.0,0.7815962126665205,0
2022-12-27,127.8599624633789,129.2169368090849,126.57182710814284,129.18743867149468,69007800.0,-0.013878253231386362,-0.0027978453738910503,-0.02377282497543165,0.023809504260816627,130.1648208618164,137.61586875915526,141.4950843811035,0.9291076938746766,0.9036353667170536,0.018899559821110207,0.02043752599021005,27.960198502969604,0.0813744125588225,81634980.0,0.8453214541119506,0
2022-12-28,123.93651580810548,128.84323545768694,123.76935474336571,127.50593193563417,85438400.0,-0.030685498256713184,-0.013878253231386362,-0.0027978453738910503,-0.02377282497543165,128.9337127685547,136.87199325561522,141.17778625488282,0.9054921526323351,0.8778754724510988,0.018844811841969906,0.0209400300454291,26.152231020671138,0.2380977222864662,81718710.0,1.0455182173091082,1
2022-12-29,127.44696044921876,128.30243635978945,125.59833816334043,125.85399366425621,75703700.0,0.028324538722297232,-0.030685498256713184,-0.013878253231386362,-0.0027978453738910503,127.78520812988282,135.96636428833008,140.90438781738283,0.9373418280050124,0.9044924890088918,0.023092091516966548,0.018539968601216098,30.302123216803096,-0.1139382291803217,79934850.0,0.9470675181100608,1
2022-12-30,127.76160430908205,127.78127473228464,125.30333405560762,126.26698223669045,77034200.0,0.002468822000573745,0.028324538722297232,-0.030685498256713184,-0.013878253231386362,127.33289031982422,135.06270179748535,140.63512252807618,0.9459429036200486,0.9084615707116543,0.01921310877320925,0.01855409823031289,31.43025777744269,0.017575098707196535,80224040.0,0.960238352493841,0
2023-01-03,122.98271942138672,128.7154174535332,122.09773792777466,128.10576937065363,112117500.0,-0.03740470318558464,0.002468822000573745,0.028324538722297232,-0.030685498256713184,125.99755249023437,133.94467468261718,140.27950714111327,0.9181605742280917,0.8766976868379859,0.02170430215056785,0.01977913698013196,22.616969214533768,0.4554249930550327,82557545.0,1.3580527376389402,1
2023-01-04,124.25120544433594,126.51282423450827,122.99256829233606,124.77235918676689,89113600.0,0.010314343583531338,-0.03740470318558464,0.002468822000573745,0.028324538722297232,125.27580108642579,132.94808959960938,139.87308319091798,0.9345843615995894,0.8883139100804751,0.02209397951996067,0.020204903095595254,23.287721449081843,-0.20517671193167886,83571905.0,1.0663105023153414,0
2023-01-05,122.93352508544922,125.63763005315428,122.67786965362701,125.00831167901735,80962700.0,-0.01060497042402564,0.010314343583531338,-0.03740470318558464,0.002468822000573745,125.07520294189453,132.06851539611816,139.39750381469727,0.9308314303127433,0.8818918683713748,0.022126794482659994,0.019771774020867758,23.902432942629616,-0.09146639794599254,84383680.0,0.9594592224468049,1
2023-01-06,127.45677947998048,128.115596113896,122.80572219640975,123.907033324828,87754700.0,0.036794311327094986,-0.01060497042402564,0.010314343583531338,-0.03740470318558464,125.07716674804688,131.5119598388672,138.95564849853517,0.9691649309777205,0.9172479194418937,0.024306489236240344,0.021907307040550165,39.49299155175509,0.08389048290138534,85285360.0,1.0289538556207067,1
2023-01-09,127.97793579101562,131.18353963295718,127.72228030225448,128.29260255023266,70790800.0,0.004088886547749304,0.036794311327094986,-0.01060497042402564,0.010314343583531338,125.1204330444336,130.89739074707032,138.58292083740236,0.9776966145819065,0.9234755265489791,0.023383298992579002,0.021669085328037293,43.03071794261222,-0.19331044377110285,85718485.0,0.8258522067906356,1
2023-01-10,128.5482635498047,129.06941726347972,125.98182082594903,128.08610610497774,63896200.0,0.004456453804040139,0.004088886547749304,0.036794311327094986,-0.01060497042402564,126.2335418701172,130.3354278564453,138.31093353271484,0.9862879622522202,0.9294150524940172,0.023445422772994374,0.02175830025058421,47.240908673205126,-0.09739401165123152,85108445.0,0.7507621599713166,1
2023-01-11,131.26217651367188,131.28183192855658,128.28274570808514,129.0595547117696,69458900.0,0.021112015743532053,0.004456453804040139,0.004088886547749304,0.036794311327094986,127.63573608398437,129.7946044921875,137.87843200683594,1.011306880029614,0.9520138472938535,0.023853116744748607,0.022014802915666352,51.83581755825372,0.08705838531868881,85058255.0,0.8166038675493636,0
2023-01-12,131.18353271484375,132.0193381171801,129.24640871746402,131.6456901154858,71379600.0,-0.0005991352643762715,0.021112015743532053,0.004456453804040139,0.004088886547749304,129.28573760986328,129.201668548584,137.49147857666014,1.0153393078318838,0.9541211868028656,0.020857444935215134,0.021890995891001012,46.5235304695516,0.02765232389225858,83932925.0,0.8504362263080907,1
2023-01-13,132.510986328125,132.6683196907436,129.46273119909978,129.82655147153693,57809700.0,0.010119056758189027,-0.0005991352643762715,0.021112015743532053,0.004456453804040139,130.29657897949218,128.7862174987793,137.1838885498047,1.0289221075180734,0.9659369458682228,0.019427682492559446,0.021936558061974688,54.60505132101478,-0.19010893868836476,82708850.0,0.6989542231574977,1
2023-01-17,133.67132568359375,134.99878678874634,131.89153482883353,132.57984966159466,63646600.0,0.008756552098974746,0.010119056758189027,-0.0005991352643762715,0.021112015743532053,131.4352569580078,128.75868530273436,137.00984680175782,1.038153856334498,0.9756329840803731,0.01947164142085766,0.019442058585636426,57.21357108875882,0.1009674846954749,80944585.0,0.7862984287336824,0
2023-01-18,132.95352172851562,136.296774002363,132.77651790001315,134.5366534532576,69672800.0,-0.0053699172309938925,0.008756552098974746,0.010119056758189027,-0.0005991352643762715,132.31630859375,128.79310302734376,136.9421957397461,1.0323031171963344,0.9708733017629511,0.013491015980095224,0.019186627996299697,59.52905047054132,0.09468219826353641,76420380.0,0.9117044432388324,1
2023-01-19,133.01248168945312,133.97612225756075,131.53751520588366,131.8423392118264,58280400.0,0.00044346294984110024,-0.0053699172309938925,0.008756552098974746,0.010119056758189027,132.66636962890624,128.9356819152832,136.8810336303711,1.0316188638677117,0.9717378526570418,0.013655395837225274,0.018797966773274756,69.849464403766,-0.16351287733520115,75354770.0,0.7734135476758803,1
2023-01-20,135.56910705566406,135.71661273457056,131.98002726434026,133.02233471040634,80223600.0,0.0192209432809467,0.00044346294984110024,-0.0053699172309938925,0.008756552098974746,133.54348449707032,129.20953445434571,136.8603839111328,1.04921906597818,0.9905650063329707,0.012620434098261236,0.01921362488003399,68.53679618101452,0.3765107995140733,75494310.0,1.06264432379076,1
2023-01-23,138.75503540039062,140.92815961902411,135.59860004292767,135.81492969380113,81760300.0,0.02350040074704074,0.0192209432809467,0.00044346294984110024,-0.0053699172309938925,134.79229431152345,129.48781204223633,136.89204681396484,1.0715683060204269,1.0136091805899985,0.009874391641494257,0.01919547706680109,72.18255034879532,0.01915521118473862,75285925.0,1.0859971501977295,1
2023-01-24,140.15133666992188,140.77082749424633,137.95855701188813,137.96838472187488,66435100.0,0.010063067372669376,0.02350040074704074,0.0192209432809467,0.00044346294984110024,136.08829650878906,129.99421920776368,137.04269073486327,1.0781351472708534,1.0226837777220306,0.009752936687887622,0.018251475324345318,90.11945312781353,-0.18744060381383143,74715075.0,0.8891793255912545,0
2023-01-25,139.49252319335938,140.05300275817604,136.49342112366645,138.53871015801215,65799300.0,-0.0047007291704546095,0.010063067372669376,0.02350040074704074,0.0192209432809467,137.3960968017578,130.48587493896486,136.9441632080078,1.0690239327330058,1.0186087521049056,0.010634730775254798,0.018293229138771242,86.66034162562119,-0.009570242236408122,74814295.0,0.8795017048546672,1
2023-01-26,141.55747985839844,141.8426334902846,139.53184628445516,140.78065564701856,54105100.0,0.014803350156457507,-0.0047007291704546095,0.010063067372669376,0.02350040074704074,139.10509643554687,131.1707508087158,136.83127990722656,1.0791847952813003,1.0345403474583903,0.009952499374024785,0.017953771271635704,93.24217990219542,-0.17772529494994627,74069160.0,0.7304673092012924,1
2023-01-27,143.49456787109375,144.77287517943125,140.69214050710963,140.77080718806803,70555800.0,0.013684109201668404,0.014803350156457507,-0.0047007291704546095,0.010063067372669376,140.6901885986328,132.14865341186524,136.78506408691408,1.085857208274888,1.0490514357614105,0.009661967128240013,0.01590318069009803,92.31983662379463,0.3040508196085028,73325030.0,0.9622334965290843,0
2023-01-30,140.61346435546875,143.12091025214485,140.46597371619012,142.54076039880331,64015300.0,-0.020078136464463214,0.013684109201668404,0.014803350156457507,-0.0047007291704546095,141.06187438964844,132.80697860717774,136.64661346435548,1.0587806893143874,1.0290299978209707,0.013318422747005176,0.01624241042337891,79.64937004908131,-0.09269967883575836,72740610.0,0.8800489850167602,1
2023-01-31,141.88197326660156,141.93114182979278,139.90552306108117,140.31851198443744,65874500.0,0.009021247836736634,-0.020078136464463214,0.013684109201668404,0.014803350156457507,141.4080017089844,133.51299705505372,136.55811645507814,1.0626828578201786,1.0389860152565502,0.013324700155269138,0.016253613313606856,80.29501863107694,0.029043056894211272,72182625.0,0.9126088168724814,1
2023-02-01,143.0028839111328,144.1631984692018,138.96149088558104,141.56725853069813,77663600.0,0.007900303461561009,0.009021247836736634,-0.020078136464463214,0.013684109201668404,142.11007385253907,134.514005279541,136.45408142089843,1.0631077679528655,1.0479927197636127,0.01270649407059287,0.012757906771457075,78.75730201859001,0.17896302818237708,70459930.0,1.1022378251014442,1
2023-02-02,148.3030242919922,148.65700197230598,145.697240224606,146.41505330547628,118339000.0,0.037063171286483065,0.007900303461561009,0.009021247836736634,-0.020078136464463214,143.4591827392578,135.71659622192382,136.4448388671875,1.092740522680712,1.0869082738728373,0.015461582501680192,0.01435449574808289,83.39094208311731,0.5237382763611267,71921200.0,1.6453980189429542,1
2023-02-03,151.92156982421875,154.75351068440185,145.36288637728777,145.55954560277002,154357300.0,0.024399674581834896,0.037063171286483065,0.007900303461561009,0.009021247836736634,145.14458312988282,137.1659984588623,136.57247314453124,1.107574555874952,1.1123879236150607,0.015847661731135974,0.013969229089810664,84.75357345805831,0.3043654247543075,75590930.0,2.0420082144775833,0
2023-02-06,149.1977996826172,150.5449461888697,148.2636570715711,150.02379246889225,69858300.0,-0.017928791446488512,0.024399674581834896,0.037063171286483065,0.007900303461561009,146.8614501953125,138.25304946899413,136.60295623779297,1.0791646206406291,1.0922003724641187,0.01768923434598864,0.01395543238680228,76.32546681423828,-0.5474247087763261,74696110.0,0.9352334412059744,1
2023-02-07,152.0690460205078,152.63936822302708,148.12597415973434,148.12597415973434,83322600.0,0.01924456221203341,-0.017928791446488512,0.024399674581834896,0.037063171286483065,148.89886474609375,139.45760498046874,136.67336029052734,1.0904320782061712,1.1126458418616019,0.01807556827851372,0.014142234470255536,80.20507785657763,0.19273729821653252,75322700.0,1.106208354188047,0
2023-02-08,149.3845977783203,152.00020850727236,148.64711456554969,151.31189384284664,64120100.0,-0.017652824900509234,0.01924456221203341,-0.017928791446488512,0.024399674581834896,150.17520751953126,140.49942169189453,136.74828857421875,1.0632399477480439,1.0924056113305092,0.01952021420736309,0.015311732017967183,73.88807527608043,-0.23045968320719712,75333895.0,0.8511454239821266,0
2023-02-09,148.3521270751953,151.75438976697808,147.9096401221254,151.21356571138807,56007100.0,-0.006911493677930203,-0.017652824900509234,0.01924456221203341,-0.017928791446488512,150.18502807617188,141.3539192199707,136.8790689086914,1.0495084104766434,1.0838189378257481,0.01976758313944608,0.015297205911438527,69.5194988084398,-0.12652818694917822,74661305.0,0.7501489560087384,1
2023-02-10,148.71653747558594,149.04152741969745,146.95372962642622,147.19009004770194,57450700.0,0.0024563881056178793,-0.006911493677930203,-0.017652824900509234,0.01924456221203341,149.5440216064453,142.2305694580078,137.077119140625,1.0456017861862885,1.0849114601177186,0.019529012124942697,0.015240365630693703,66.64538517043471,0.0257753034883077,73964860.0,0.7767296524322496,1
2023-02-13,151.51341247558594,151.91717418893083,148.62790397291747,148.65744714640496,62199000.0,0.018806751740432004,0.0024563881056178793,-0.006911493677930203,-0.017652824900509234,150.00714416503905,143.18069076538086,137.19619659423827,1.058197244793708,1.1043557783434133,0.018074086424113036,0.015473914495994239,68.13678662784496,0.08264999382078897,74184325.0,0.8384385785002425,0
2023-02-14,150.87326049804688,151.43461079325414,148.56880303013764,149.8096612758476,61707600.0,-0.004225051545467706,0.018806751740432004,0.0024563881056178793,-0.006911493677930203,149.7679870605469,144.04078750610353,137.2969647216797,1.047434293509773,1.098882708761175,0.018443233870995415,0.015660264032794892,68.17740473196268,-0.007900448560266282,74087375.0,0.8329030418475483,1
2023-02-15,152.97091674804688,153.13833305811258,150.5581292969133,150.78463194852628,65573800.0,0.01390343287521878,-0.004225051545467706,0.018806751740432004,0.0024563881056178793,150.4852508544922,145.0416572570801,137.44951782226562,1.0546688423237782,1.1129243606794736,0.01859761042379804,0.015503888272370186,68.21061068118729,0.06265354672682144,73882425.0,0.8875426057008822,0
2023-02-16,151.3755340576172,153.95573796607766,151.02100096105386,151.17855953849067,68167900.0,-0.01042932032013244,0.01390343287521878,-0.004225051545467706,0.018806751740432004,151.08993225097657,145.95980987548828,137.5933703613281,1.0371042151037935,1.1001658994186734,0.015913847341175208,0.015936055641886684,62.713031714705004,0.03956000719799668,74376800.0,0.9165210119284508,0
2023-02-17,150.23316955566406,150.67633223329352,148.55899109181487,150.03621003527854,59144100.0,-0.00754655968063056,-0.01042932032013244,0.01390343287521878,-0.004225051545467706,151.39325866699218,146.6930130004883,137.78753356933595,1.0241330959311878,1.090324833197376,0.014052352264865247,0.015944953119481492,66.44007261996714,-0.1323760890389758,73322825.0,0.8066260403905605,0
2023-02-21,146.2249298095703,149.0021077790729,146.15600076088242,147.91880821074704,58867200.0,-0.026680125021316448,-0.00754655968063056,-0.01042932032013244,0.01390343287521878,150.33556213378907,147.06650772094727,137.94027435302735,0.9942775692139653,1.0600597287151992,0.01542706327943432,0.016847637774817886,56.7865880119985,-0.004681785672619898,72178170.0,0.815581774932781,1
2023-02-22,146.64840698242188,147.67260518894304,144.92498541296462,146.60900607426132,51011300.0,0.002896066856746371,-0.026680125021316448,-0.00754655968063056,-0.01042932032013244,149.49059143066407,147.39136123657227,138.0678561401367,0.9949593093657783,1.0621473461105677,0.013707333778249576,0.016760111640320575,55.82367202395839,-0.13345122580995872,71406980.0,0.7143741410153461,1
2023-02-23,147.1309356689453,148.05666153497864,145.00375275195816,147.81045848665238,48394200.0,0.003290377962177793,0.002896066856746371,-0.026680125021316448,-0.00754655968063056,148.32259521484374,147.77328186035157,138.21472442626953,0.9956531642031657,1.0645098507390371,0.012886543977229476,0.01667693685193013,47.786972715581015,-0.051304318847000596,70536725.0,0.6860851563494053,0
2023-02-24,144.48182678222656,144.95453250364176,143.50685714395402,144.87574571223192,55469600.0,-0.01800511139737071,0.003290377962177793,0.002896066856746371,-0.026680125021316448,146.94385375976563,147.91949920654298,138.2627880859375,0.9767598427336728,1.0449798444135496,0.013850945680024153,0.017043740835618906,35.419204850825054,0.14620347066383999,70604950.0,0.7856333019143842,1
2023-02-27,145.67344665527344,146.90446214048941,145.21058363066865,145.46664446890208,44998500.0,0.008247541573813022,-0.01800511139737071,0.003290377962177793,0.002896066856746371,146.0319091796875,148.02844314575196,138.31541198730469,0.9840909190123701,1.0531975038952572,0.01420033606113747,0.016876018124545384,42.65146810286901,-0.18877186783391264,69327085.0,0.6490753217158921,0
2023-02-28,145.17120361328125,146.8158385647427,144.6000106018143,144.8166705381309,50547000.0,-0.0034477322636616847,0.008247541573813022,-0.01800511139737071,0.003290377962177793,145.8211639404297,148.25633010864257,138.40243591308592,0.9791905917737169,1.048906420291952,0.012182150184477037,0.016184090329990013,34.04088266797147,0.12330411013700449,68653670.0,0.7362607126465344,0
2023-03-01,143.10308837890625,144.9939263960711,142.80764165155819,144.60000744430354,55479000.0,-0.014246043174541811,-0.0034477322636616847,0.008247541573813022,-0.01800511139737071,145.11210021972656,148.3173858642578,138.5800582885742,0.9648436529880338,1.0326383907337768,0.012589812590031509,0.016465457663812078,35.04020989821244,0.09757255623479133,68133895.0,0.8142643246801023,1
2023-03-02,143.6939697265625,144.48182259076125,141.71448733904464,142.18720807379,52238100.0,0.004129060765563075,-0.014246043174541811,-0.0034477322636616847,0.008247541573813022,144.42470703125,148.3519401550293,138.8086343383789,0.9686018907228368,1.0351947514754336,0.011249852665139592,0.01639839083987434,38.66796835849483,-0.05841669821013351,66862620.0,0.7812750981041425,1
2023-03-03,148.73619079589844,148.81497757802083,145.0923885282298,145.7915968006226,70732300.0,0.03508999771480226,0.004129060765563075,-0.014246043174541811,-0.0034477322636616847,145.27557983398438,148.37359848022462,139.1801400756836,1.002443779212662,1.0686595854481713,0.017051925850509648,0.016170351139821734,50.03894698009713,0.35403661312337165,64482285.0,1.0969260782244301,1
2023-03-06,151.49368286132812,153.9261705239575,151.12930710707832,151.4542819528968,87558000.0,0.018539482897028225,0.03508999771480226,0.004129060765563075,-0.014246043174541811,146.43962707519532,148.3522041320801,139.60817260742186,1.0211758143239391,1.0851347742178985,0.01801395891747371,0.015757930652405355,49.96084070434642,0.2378785929483418,61142320.0,1.4320359449886757,0
2023-03-07,149.2975616455078,151.69064849711955,148.83469862838186,151.3656586110283,56182000.0,-0.014496454072151388,0.018539482897028225,0.03508999771480226,0.004129060765563075,147.26489868164063,148.3571922302246,139.93033416748048,1.0063385495583115,1.0669420789549164,0.016262039775395056,0.015570236235487358,47.05448790903869,-0.3583453253843166,60458505.0,0.9292654523958209,1
2023-03-08,150.5482635498047,151.1391569879468,149.5240652876753,150.48917721139935,47204800.0,0.008377242672365615,-0.014496454072151388,0.018539482897028225,0.03508999771480226,148.75393371582032,148.28115310668946,140.34083557128906,1.0152892690380146,1.072733128151646,0.016380062446974944,0.015049659708184619,45.32315314758029,-0.15978783240183692,58652615.0,0.8048200408455787,0
2023-03-09,148.3029327392578,152.19293968514444,147.94839958565268,151.22782749973814,53833600.0,-0.01491435874186664,0.008377242672365615,-0.014496454072151388,0.018539482897028225,149.67572631835938,148.22706985473633,140.7137060546875,1.0005118018226753,1.0539338128271656,0.01729892594329446,0.014896058088503515,44.21365394451757,0.1404263973155273,58138290.0,0.9259577466072704,0
2023-03-10,146.24464416503906,148.64758887079853,145.36816171354923,147.92868001277867,68572400.0,-0.013878947207588754,-0.01491435874186664,0.008377242672365615,-0.014496454072151388,149.1774169921875,148.1216957092285,141.0813996887207,0.9873276393765151,1.036597627240093,0.016840299761487567,0.015139332224258608,42.73925632598459,0.27378440230636625,58766555.0,1.1668609807057773,1
2023-03-13,148.18470764160156,150.81415467329558,145.4567733693173,145.56510332314932,84457100.0,0.013265877103664225,-0.013878947207588754,-0.01491435874186664,0.008377242672365615,148.5156219482422,148.0951042175293,141.5663635253906,1.00060503974487,1.0467508237931387,0.017141099148165903,0.015444316219622512,53.85810479568591,0.23164859331159482,60116875.0,1.4048817407757805,1
2023-03-14,150.27252197265625,151.07021762009597,147.82034869008896,148.98242012042218,73695900.0,0.01408926983278369,0.013265877103664225,-0.013878947207588754,-0.01491435874186664,148.7106140136719,148.0330596923828,142.02287475585936,1.0151281226296822,1.0580867499758628,0.017434390664848497,0.015174576234586751,56.69581691165277,-0.12741616749805518,60691720.0,1.2142661305364224,1
2023-03-15,150.66641235351562,150.92245809617913,147.64303191798956,148.8937475238131,77167900.0,0.0026211736895653814,0.01408926983278369,0.013265877103664225,-0.013878947207588754,148.73424377441407,148.02271728515626,142.48097091674805,1.017860063082523,1.0574493659335769,0.016295192604073156,0.01515863400228605,56.55351600131465,0.047112525934278615,61464735.0,1.2554825136722707,1
2023-03-16,153.4830322265625,154.08376844517147,149.33696504123728,149.84907174243986,76161100.0,0.018694411243018738,0.0026211736895653814,0.01408926983278369,0.013265877103664225,149.770263671875,148.04832305908204,143.09097717285155,1.0367090221299677,1.0726255090225396,0.016823070967219952,0.015424761008719878,66.58205616450755,-0.013046875708682015,61994100.0,1.2285217464242566,0
2023-03-17,152.64593505859375,154.35951419092353,151.93686886777078,153.70953434482817,98944600.0,-0.005454004627254649,0.018694411243018738,0.0026211736895653814,0.01408926983278369,151.05052185058594,148.11184310913086,143.65887176513672,1.030612622557955,1.0625583591394876,0.013854928681878846,0.015282420989870938,63.01474504487313,0.29914877805073714,63532935.0,1.5573749268784765,1
2023-03-20,155.0094757080078,155.42311016638172,151.80883520237765,152.71487589238697,73641400.0,0.015483809958691808,-0.005454004627254649,0.018694411243018738,0.0026211736895653814,152.41547546386718,148.35065841674805,144.3003907775879,1.0448856605176213,1.0742138318040038,0.013495426300051244,0.015507939494812604,67.17085124956924,-0.255730984813724,64257800.0,1.1460305208083688,1
2023-03-21,156.8609161376953,156.9790888157361,154.1625247817563,154.93069227015488,73938300.0,0.011944046783146867,0.015483809958691808,-0.005454004627254649,0.018694411243018738,153.733154296875,148.8824577331543,144.8884735107422,1.0535889756658974,1.082632126192326,0.012364592870507691,0.014134474951841444,74.19468927760457,0.004031699560301583,65011355.0,1.1373136277501061,0
2023-03-22,155.4329376220703,159.6774765177441,155.41323716716616,156.88061300312046,75701800.0,-0.009103469180120616,0.011944046783146867,0.015483809958691808,-0.005454004627254649,154.68645935058595,149.32168426513672,145.4375735473633,1.0409267641669673,1.068726147108415,0.013054126204916161,0.014418260103472316,70.05385927147398,0.02385096763111938,66245880.0,1.1427397447207284,1
2023-03-23,156.51625061035156,159.09646969740976,155.28523492873595,156.41777837205046,67622100.0,0.00696964880709694,-0.009103469180120616,0.011944046783146867,0.015483809958691808,155.29310302734376,149.79095001220702,145.9969332885742,1.0448979100379328,1.072051632077676,0.011394970472893376,0.014445454556942482,65.36972416886518,-0.1067306193511911,67207275.0,1.0061723228623687,1
2023-03-24,157.81617736816406,157.90480687220796,155.45263376473136,156.44728881765926,59196500.0,0.00830537885199334,0.00696964880709694,-0.009103469180120616,0.011944046783146867,156.3271514892578,150.4576675415039,146.52801330566408,1.048907509646395,1.0770375835162138,0.009149097545374695,0.013585589936454418,63.25352344238289,-0.12459831918854936,67393620.0,0.8783694955101091,0
2023-03-27,155.8760986328125,158.3282868109909,155.4723219600322,157.5108907515981,52390300.0,-0.01229328176429989,0.00830537885199334,0.00696964880709694,-0.009103469180120616,156.50047607421874,150.96780014038086,147.02186462402344,1.0325122210687812,1.0602239267705647,0.010831226932763916,0.014056491928340901,63.939891088487855,-0.11497639218534883,67763210.0,0.7731378132765552,0
2023-03-28,155.2556610107422,156.08291480553032,153.61102618902072,155.57080817581272,45992200.0,-0.003980325575968169,-0.01229328176429989,0.00830537885199334,0.00696964880709694,156.17942504882814,151.4720230102539,147.4767581176758,1.0249791210633805,1.0527466360961053,0.010675841483112765,0.014070811786273358,60.24870306586725,-0.12212375191590807,67535470.0,0.6810080687970336,1
2023-03-29,158.3282928466797,158.60403911493316,156.92986104995282,156.94954647836764,51305700.0,0.019790787762160367,-0.003980325575968169,-0.01229328176429989,0.00830537885199334,156.75849609375,152.23328323364257,147.9698974609375,1.0400372998832503,1.0700033963899767,0.01186556435377895,0.013873921334257328,71.06776989250346,0.11553045951270002,67326805.0,0.7620397254852654,1
2023-03-30,159.8941650390625,160.0024950198449,158.8207229739758,159.07676882534926,49501700.0,0.009890033955580968,0.019790787762160367,-0.003980325575968169,-0.01229328176429989,157.4340789794922,153.04329299926758,148.50871032714844,1.0447642749024468,1.0766652318697882,0.011037194793918362,0.01391116744446962,79.28993114106748,-0.035161785142781454,67189985.0,0.7367422391893673,1
2023-03-31,162.3955535888672,162.4940408365555,159.45097422374334,159.9729235769942,68749800.0,0.015644026467092065,0.009890033955580968,0.019790787762160367,-0.003980325575968169,158.3499542236328,153.72626113891602,149.09637176513672,1.0563943491874632,1.0891985610802115,0.011012709887293132,0.012318698627282689,79.7771101826167,0.38883715104733785,67090860.0,1.0247267660602353,1
2023-04-03,163.64627075195312,163.76444342844442,161.725889623748,161.7751332479675,56976200.0,0.007701671230804452,0.015644026467092065,0.009890033955580968,0.019790787762160367,159.90398864746095,154.33389053344726,149.6579150390625,1.06033917881755,1.0934688667100534,0.01055430629083295,0.011898648921327599,79.0418844212114,-0.17125286182650712,65561770.0,0.869046091952673,0
2023-04-04,163.11448669433594,164.30610131295074,162.60238002597387,164.06975594835677,46278300.0,-0.003249594721429605,0.007701671230804452,0.015644026467092065,0.009890033955580968,161.4757537841797,155.02473678588868,150.1451040649414,1.0521836067983161,1.0863789912442632,0.010614905066135953,0.01122873022946137,76.87080162766905,-0.18776085453224334,65066585.0,0.7112452574543446,0
2023-04-05,161.2728729248047,162.54328933366952,159.34264903941414,162.2379998945446,51511700.0,-0.011290313980402589,-0.003249594721429605,0.007701671230804452,0.015644026467092065,162.06466979980468,155.56096725463868,150.56753479003908,1.0367181161892376,1.0710999097494278,0.010931901607963382,0.011721266410328068,67.55431706600848,0.11308539855612665,65281930.0,0.7890652129923242,1
2023-04-06,162.15921020507812,162.45465692468338,159.5396056660462,159.96306777674639,45390100.0,0.005495885725844918,-0.011290313980402589,-0.003249594721429605,0.007701671230804452,162.5176788330078,156.2537811279297,151.02086853027345,1.0377938315125537,1.0737536592340011,0.010893522579833021,0.010891711798177175,71.39058605886937,-0.11883902103793897,64859755.0,0.6998191713798487,0
2023-04-10,159.56915283203125,159.56915283203125,157.64877164706385,158.96841666370352,47716900.0,-0.015972311222848812,0.005495885725844918,-0.011290313980402589,-0.003249594721429605,161.95239868164063,156.9200065612793,151.3811019897461,1.0168821447870473,1.0540889895413748,0.012338210473892105,0.011086274820864954,60.149044983164345,0.051262279660102106,63816980.0,0.7477147931475291,0
2023-04-11,158.3578643798828,159.89416958590462,158.07226031922266,159.88432686993428,47644200.0,-0.007590993814597047,-0.015972311222848812,0.005495885725844918,-0.011290313980402589,160.89471740722655,157.42866439819335,151.67836791992187,1.0059023557446896,1.044037238477456,0.011847796067432508,0.01119160118116591,53.42968214680259,-0.001523569217614762,61976335.0,0.7687482649627475,0
2023-04-12,157.66847229003906,159.59869619161648,157.35332510698044,158.77145737665472,50133100.0,-0.004353380822249342,-0.007590993814597047,-0.015972311222848812,0.005495885725844918,159.80551452636718,157.7984619140625,152.01946807861327,0.9991762300947253,1.0371597419911016,0.01186804290614199,0.011021686099726133,55.30128468623898,0.05223930719793812,60798195.0,0.8245820455689515,1
2023-04-13,163.04554748535156,163.28190788405584,158.96842452673738,159.1752417539843,68445600.0,0.034103680445517925,-0.004353380822249342,-0.007590993814597047,-0.015972311222848812,160.16004943847656,158.41741867065429,152.4427395629883,1.0292147722992446,1.0695527248641596,0.014804519532315605,0.013098102244388198,62.86378405158212,0.3652776309464205,60362080.0,1.1339171877443588,0
2023-04-14,162.70086669921875,163.794009087704,161.33197803499354,162.09027277975596,49386500.0,-0.0021140153254647354,0.034103680445517925,-0.004353380822249342,-0.007590993814597047,160.26838073730468,158.8783103942871,152.83669921875,1.0240596485161835,1.0645405686650593,0.014673272174253207,0.012692687874116948,60.000037485731994,-0.2784561754152203,59023350.0,0.8367281762217834,1
2023-04-17,162.7205810546875,162.87815467656333,161.53880894471416,162.58270789230806,41516200.0,0.00012116933282957376,-0.0021140153254647354,0.034103680445517925,-0.004353380822249342,160.89866638183594,159.3820426940918,153.12505035400392,1.0209467660481895,1.0626646696833735,0.013848276591419593,0.0125578368710377,65.20793948287039,-0.1593613639354885,56151930.0,0.7393548182582504,1
2023-04-18,163.94174194335938,164.86746811951792,163.13418846133288,163.57736611842117,49923000.0,0.00750464926290717,0.00012116933282957376,-0.0021140153254647354,0.034103680445517925,162.01544189453125,159.8286560058594,153.36545379638673,1.025734346019585,1.0689613461517486,0.013836687919937966,0.012273076159542304,68.79801865764055,0.2024944479504387,54966010.0,0.908252208956044,1
2023-04-19,165.0841064453125,165.60605581206516,163.0258371209191,163.28189796071484,47720200.0,0.006968112503939361,0.00750464926290717,0.00012116933282957376,-0.0021140153254647354,163.49856872558593,160.23981552124025,153.68317993164064,1.0302315058733336,1.0741846083529967,0.013925256122793783,0.012129171283168684,65.95350466228939,-0.04412395088436194,53655105.0,0.8893878783761583,0
2023-04-20,164.1189727783203,165.3204450523275,163.04553091898333,163.56748026442403,52456400.0,-0.005846314874120906,0.006968112503939361,0.00750464926290717,0.00012116933282957376,163.7132537841797,160.67411727905272,153.9241784667969,1.0214400150914456,1.0662325725111637,0.013478145939744486,0.011984374547893927,60.26799124496664,0.09924937447873217,52492835.0,0.9993059052725958,0
2023-04-21,162.51376342773438,163.92203809382642,161.99181400338804,162.54330660065614,58337300.0,-0.009780766497692661,-0.005846314874120906,0.006968112503939361,0.00750464926290717,163.67583312988282,160.97399291992187,154.18676177978514,1.0095653371074573,1.0540059441668679,0.013876549713249668,0.01225907371043864,50.300382855339315,0.11211024774860645,52028595.0,1.121254571644689,1
2023-04-24,162.81903076171875,163.08493430890758,161.40089854610392,162.49404087672,41949600.0,0.0018784091116079704,-0.009780766497692661,-0.005846314874120906,0.006968112503939361,163.69552307128907,161.2241355895996,154.47609985351562,1.0098924095098205,1.0540079074763957,0.012643504847316644,0.012167680729490591,47.79179836423474,-0.2809128979229413,51166250.0,0.8198685657049325,0
2023-04-25,161.28274536132812,163.78416246885476,161.24334444666383,162.68117729099055,48714100.0,-0.00943553952632803,0.0018784091116079704,-0.009780766497692661,-0.005846314874120906,163.16372375488282,161.49446792602538,154.72742401123048,0.998688979459072,1.0423669003215734,0.012812739459972496,0.012011330036114645,45.359291969713716,0.16125302744245484,50982440.0,0.9555074256940232,0
2023-04-26,161.2728729248047,162.76979197769046,160.32746143764658,160.58350725145092,45498800.0,-6.121198210828904e-05,-0.00943553952632803,0.0018784091116079704,-0.009780766497692661,162.40147705078124,161.79532852172852,154.92261322021486,0.9967708857746553,1.0409898824490087,0.012650676093327538,0.011944289088408768,50.0,-0.06600347743261192,50957770.0,0.8928726669161543,1
2023-04-27,165.85227966308594,165.99999552987848,162.68118215487013,162.68118215487013,64902300.0,0.028395393814410808,-6.121198210828904e-05,-0.00943553952632803,0.0018784091116079704,162.74813842773438,162.17152786254883,155.22219360351562,1.0226966585876702,1.0684830294740117,0.011090434128579227,0.01274790048141643,58.54999558420914,0.4264617967946407,51637600.0,1.2568806451113141,1
2023-04-28,167.10293579101562,167.27036709773776,165.33028575815172,165.9310218332577,55275900.0,0.007540783463876988,0.028395393814410808,-6.121198210828904e-05,-0.00943553952632803,163.6659729003906,162.53196640014647,155.504833984375,1.0281235100522665,1.0745835451507957,0.011135577632453113,0.012685929797804668,68.5950394547739,-0.1483214000120181,51926310.0,1.064506605610913,0
2023-05-01,167.01434326171875,167.86128258741087,166.07877442017465,166.70905380019818,52472900.0,-0.0005301674017724745,0.007540783463876988,0.028395393814410808,-6.121198210828904e-05,164.50503540039062,162.76290588378907,155.81761016845704,1.0261204317706465,1.0718579439201816,0.011154411573023609,0.012298992400530073,72.61971309844589,-0.05070926027436917,51112465.0,1.0266165014737598,0
2023-05-02,165.9802703857422,167.76279339985444,164.99545801480568,167.50673256610264,48425700.0,-0.006191521373443476,-0.0005301674017724745,0.007540783463876988,0.028395393814410808,165.44454040527344,162.8796058654785,156.1325521850586,1.019036542382258,1.0630728061692827,0.01133333196389241,0.01232108057438828,71.33474018649422,-0.07712933723884141,50684940.0,0.9554258128745935,0
2023-05-03,164.9068145751953,168.3241144157863,164.62122562365215,166.92568277045305,65136000.0,-0.006467369935306944,-0.006191521373443476,-0.0005301674017724745,0.007540783463876988,166.17132873535155,162.96922225952147,156.5061898803711,1.011889314367521,1.0536759900758266,0.01138217040096289,0.012397236423275728,56.132323043417934,0.34507090243403815,51627825.0,1.2616452465313037,0
2023-05-04,163.2720489501953,164.50306450874902,161.81453073644045,162.3857237588548,81235400.0,-0.009913269073877906,-0.006467369935306944,-0.006191521373443476,-0.0005301674017724745,165.65528259277343,163.069181060791,156.83866271972656,1.0012440602699089,1.041019134688526,0.011681031180320382,0.012331262942428083,51.734433743268774,0.2471659297469908,53114010.0,1.5294533400886132,1
2023-05-05,170.93389892578125,171.65280778469676,168.1665634032941,168.38322333782398,113453200.0,0.046926893028231165,-0.009913269073877906,-0.006467369935306944,-0.006191521373443476,166.42147521972657,163.50791549682617,157.31472198486327,1.045416660143889,1.0865728062134479,0.018453212521215012,0.016089012732280746,67.03435809279799,0.39659803484687717,56517165.0,2.007411376702989,0
2023-05-08,170.8649444580078,171.20963479482143,169.49605587870553,169.86043164324718,55962800.0,-0.0004033984376813349,0.046926893028231165,-0.009913269073877906,-0.006467369935306944,167.19159545898438,164.072705078125,157.8423843383789,1.0413977411821704,1.0825035694576903,0.018513055155054116,0.015500909997546636,65.07936191412469,-0.5067322913765324,56929460.0,0.9830200391853356,0
2023-05-09,169.16122436523438,170.90433143409618,168.99380806621033,170.42178299192224,45326900.0,-0.009971150596032041,-0.0004033984376813349,0.046926893028231165,-0.009913269073877906,167.82778625488282,164.61287307739258,158.31213989257813,1.0276305929348757,1.0685297064395556,0.018560129991660068,0.015599668156233516,58.66835882602551,-0.19005303523054595,56813595.0,0.7978178462390912,1
2023-05-10,170.92405700683594,171.38692008917508,169.28926463206565,170.3922648627901,53724500.0,0.010421020823279559,-0.009971150596032041,-0.0004033984376813349,0.046926893028231165,169.03123474121094,165.27565231323243,158.8271969604492,1.0341756611729995,1.0761636563377686,0.018542757938060716,0.015562033504015263,63.99362662409382,0.18526746810392947,56993165.0,0.9426481228056031,1
2023-05-11,171.11117553710938,171.9384144483228,169.5551699505623,171.20966280003566,49514700.0,0.0010947466000408301,0.010421020823279559,-0.009971150596032041,-0.0004033984376813349,170.59906005859375,165.6789337158203,159.38735870361327,1.0327877642585912,1.0735554998141161,0.016804191030532302,0.01387817838503503,68.77422416045124,-0.07835903544937595,56046620.0,0.8834555946460286,0
2023-05-12,170.1841278076172,171.65351807079642,168.63582673684218,171.21959891598488,45533100.0,-0.005417809366233595,0.0010947466000408301,0.010421020823279559,-0.009971150596032041,170.44910583496093,166.05309677124023,159.91716186523436,1.0248777717290511,1.0642017768614167,0.016935735162488228,0.013955521010219574,65.65800545896789,-0.08041248356548658,55853950.0,0.8152171869670811,0
2023-05-15,169.69107055664062,170.81530899814229,169.09935977781652,170.7659972586019,37266700.0,-0.0028971988006656346,-0.005417809366233595,0.0010947466000408301,0.010421020823279559,170.2143310546875,166.4016212463379,160.3362594604492,1.0197681325798689,1.0583449503416849,0.016990777442394543,0.01399705634232989,68.70561621998876,-0.18154705038752028,55641475.0,0.6697647752867802,0
2023-05-16,169.69107055664062,170.74626955321972,169.42479920138675,169.61217478294208,42110300.0,0.0,-0.0028971988006656346,-0.005417809366233595,0.0010947466000408301,170.32030029296874,166.68908767700196,160.70020721435546,1.018009474534144,1.0559480507096821,0.016782050587412497,0.013947607753081421,68.73580877823217,0.12997126120638525,55250840.0,0.7621657878866638,1
2023-05-17,170.302490234375,170.53916250241704,168.06386972955488,169.3360433616003,57951600.0,0.0036031340702178394,0.0,-0.0028971988006656346,-0.005417809366233595,170.19598693847655,166.95000686645508,161.1203057861328,1.0200807620846737,1.0569896165690649,0.01649469508818065,0.0139024030939782,62.02919352776437,0.3761858737648509,55762410.0,1.0392592429200962,1
2023-05-18,172.6298828125,172.8172584115987,170.1940301198803,170.60822168470452,65496700.0,0.013666227516238694,0.0036031340702178394,0.0,-0.0028971988006656346,170.49972839355468,167.37555236816405,161.5619381713867,1.0313924606670057,1.0685058917117736,0.016068791796414298,0.014032903855863357,64.1178809186012,0.13019657783391647,56414425.0,1.1609920689610858,1
2023-05-19,172.7383575439453,173.95134816577144,172.5213979143073,173.95134816577144,55809500.0,0.00062836589863835,0.013666227516238694,0.0036031340702178394,0.0,171.0105743408203,167.88678207397462,162.05064666748046,1.028897900180331,1.0659529048248446,0.00695838461622015,0.013738604791713321,64.60642788891718,-0.14790363483961788,56288035.0,0.9914984596637634,0
2023-05-22,171.79161071777344,172.2945693897219,171.05197977463047,171.57465110395842,43570900.0,-0.005480814103092424,0.00062836589863835,0.013666227516238694,0.0036031340702178394,171.43068237304686,168.33541107177734,162.56158599853515,1.0205316256632562,1.0567786335408997,0.007256878759853673,0.013872167717072578,64.89565081351691,-0.2192924143738969,56369100.0,0.7729571697969277,0
2023-05-23,169.1881103515625,170.9829553293692,168.9119826700276,170.7364116817252,50747300.0,-0.015154991302154364,-0.005480814103092424,0.00062836589863835,0.013666227516238694,171.33009033203126,168.73067932128907,162.98165405273437,1.0027110127933665,1.0380807050640188,0.008215009534668107,0.014192398783843882,60.175690682272005,0.16470626037102742,56470760.0,0.8986473707809138,1
2023-05-24,169.46420288085938,170.0361858304857,168.16246051619328,168.7245720913502,45143500.0,0.0016318672081812036,-0.015154991302154364,-0.005480814103092424,0.00062836589863835,171.1624328613281,169.1402458190918,163.36548767089843,1.0019153162524908,1.0373317234680979,0.007412685401983283,0.014181429580125993,65.73353152956156,-0.11042557929190322,56452995.0,0.799665279052068,1
2023-05-25,170.59835815429688,171.49576564962197,169.31632809947834,170.02637505144457,56058300.0,0.006692594979689437,0.0016318672081812036,-0.015154991302154364,-0.005480814103092424,170.7561279296875,169.37754974365234,163.76412658691407,1.0072076164314112,1.0417321650951175,0.007776831520509712,0.012871460548600017,48.72422931615442,0.24178010123273563,56010795.0,1.0008481400772833,1
2023-05-26,173.00462341308594,173.33993425328168,170.71670589408566,170.92380920574092,54835000.0,0.014104855901442725,0.006692594979689437,0.0016318672081812036,-0.015154991302154364,170.80938110351562,169.67263412475586,164.15455841064454,1.0196377530502658,1.0539130017961629,0.008733376809349786,0.013115274685031719,56.907616673727354,-0.021821924674847448,55988750.0,0.9793931816659597,1
2023-05-30,174.84877014160156,176.51540772383512,174.1288668535482,174.51347436884586,55964400.0,0.010659522804268295,0.014104855901442725,0.006692594979689437,0.0016318672081812036,171.42081298828126,170.06435546875,164.59861511230469,1.0281329656627,1.0622736407733642,0.00899237702608084,0.013247872663714017,68.19636149902412,0.020596334457919196,56163325.0,0.9964580978779302,0
2023-05-31,174.7994842529297,176.870457363353,174.31625318107535,174.87838004309978,99625300.0,-0.0002818772395822844,0.010659522804268295,0.014104855901442725,0.006692594979689437,172.5430877685547,170.50531616210938,164.99441528320312,1.0251849513403886,1.0594266718233871,0.00900338299610076,0.013111917537465436,63.92565527012416,0.7801548841763692,58723305.0,1.6965206573437923,1
2023-06-01,177.6001739501953,177.62975798334406,174.4838587106697,175.24321733975688,68901800.0,0.01602229954645118,-0.0002818772395822844,0.010659522804268295,0.014104855901442725,174.17028198242187,171.13998413085938,165.40920043945312,1.0377479865511514,1.0737019070181928,0.009906058726091734,0.013250492277094973,69.62999343609704,-0.30839053935094796,58911595.0,1.169579604829915,1
2023-06-02,178.4483184814453,179.2668453318801,176.781680741823,178.52721426739677,61996900.0,0.004775583899415903,0.01602229954645118,-0.0002818772395822844,0.010659522804268295,175.74027404785156,171.89879760742187,165.86950805664063,1.0381010278441916,1.0758355804643087,0.009350313674370376,0.012851677313825563,75.12008059174825,-0.100213637379575,57949670.0,1.0698404322233415,0
2023-06-05,177.09722900390625,182.39298156722955,175.57851175717974,180.10506441660397,121946500.0,-0.007571320867781339,0.004775583899415903,0.01602229954645118,-0.0002818772395822844,176.5587951660156,172.20696411132812,166.28112762451173,1.0283976023723216,1.0650470774038707,0.009956346416238673,0.008393912422570425,71.39592579466049,0.966977381127121,58374335.0,2.0890430700409692,0
2023-06-06,176.7323760986328,177.62978364684957,174.97697127382227,177.48186345973468,64848400.0,-0.002060184156045697,-0.007571320867781339,0.004775583899415903,0.01602229954645118,176.93551635742188,172.50033569335938,166.6594515991211,1.024533519823384,1.060440163476242,0.00970577851564404,0.008424983260041817,69.92191985798273,-0.46822254021230625,58818615.0,1.1025149096081233,0
2023-06-07,175.36160278320312,178.70473461267676,174.86851540394252,175.97302631817985,61944600.0,-0.007756209392356439,-0.002060184156045697,-0.007571320867781339,0.004775583899415903,177.04794006347657,172.81035461425782,167.0491616821289,1.0147632829909998,1.0497604478667881,0.008367834687873815,0.008276416688151156,63.72401141121948,-0.04477828288747299,59649500.0,1.0384764331637315,1
2023-06-08,178.07354736328125,178.3398036598064,175.00654388250445,175.44044804834044,50214900.0,0.015464871083727738,-0.007756209392356439,-0.002060184156045697,-0.007571320867781339,177.14261474609376,173.16782913208007,167.5055194091797,1.0283292702564253,1.0630906252604497,0.009112577488446252,0.00862149755930537,64.46539554436818,-0.1893579101326024,59474020.0,0.8443165604073846,1
2023-06-09,178.45816040039062,179.71059129506313,178.13272098000036,178.99068805786467,48900000.0,0.0021598549745558415,0.015464871083727738,-0.007756209392356439,-0.002060184156045697,177.14458312988282,173.53517837524413,167.9081167602539,1.0283687841925704,1.0628322432750557,0.00913201961567013,0.008618340117732248,64.97934437470877,-0.026185454914776307,59443285.0,0.8226328676149038,1
2023-06-12,181.2490234375,181.34764691680866,178.468018885392,178.7638742754878,54274900.0,0.01563875269613768,0.0021598549745558415,0.015464871083727738,-0.007756209392356439,177.97494201660157,174.0884231567383,168.33521392822266,1.041131972769463,1.0767148430083306,0.009321233731922871,0.008927162818826823,72.58603487091581,0.10991615541922295,59880375.0,0.9063887792953869,0
2023-06-13,180.77566528320312,181.60404834381112,179.91769818813273,180.2727216495119,54929100.0,-0.002611645267485252,0.01563875269613768,0.0021598549745558415,0.015464871083727738,178.78359985351562,174.6426528930664,168.70281616210937,1.035117494429565,1.0715628191380797,0.0093240226378536,0.008917133746670127,80.80768332024329,0.012053453806455616,60763495.0,0.9039819055832783,1
2023-06-14,181.4068145751953,181.84073380664427,179.50350482104812,180.83483150172444,57462900.0,0.0034913398935825235,-0.002611645267485252,0.01563875269613768,0.0021598549745558415,179.99264221191407,175.22844009399415,169.0580270385742,1.0352589709632012,1.073044668466428,0.009235384348559913,0.008885173693021255,81.16331423993654,0.04612855480974565,61531125.0,0.933883461418916,1
2023-06-15,183.43833923339844,183.94129793003785,181.23917400121888,181.4166932611595,65433200.0,0.011198722952940887,0.0034913398935825235,-0.002611645267485252,0.01563875269613768,181.0656005859375,175.8852325439453,169.46450408935547,1.0429433817734868,1.082458773411775,0.008629599097083015,0.00905585308615194,82.00601414762427,0.1387034068938393,61905205.0,1.0569902805426459,0
2023-06-16,182.3634185791016,184.4048073735327,181.7224110612984,184.14839232814637,101256200.0,-0.005859847285954567,0.011198722952940887,0.0034913398935825235,-0.002611645267485252,181.84665222167968,176.37190933227538,169.8863150024414,1.0339708815848816,1.0734438414093619,0.009068071144792722,0.008984022529040087,74.98696342262313,0.5474743708087026,63693180.0,1.5897494833826793,1
2023-06-20,182.4521484375,183.52709013546678,181.8604527350327,181.8604527350327,49799100.0,0.00048655513857842614,-0.005859847285954567,0.011198722952940887,0.0034913398935825235,182.0872772216797,176.85759887695312,170.29217376708985,1.03163307427033,1.0714065385473408,0.008438545467406284,0.008985869640598634,72.39985147531235,-0.5081871529842124,63392660.0,0.7855657106043508,0
2023-06-21,181.4166717529297,182.8466218007744,180.06560242478363,182.34366316376426,49515700.0,-0.005675332921196152,0.00048655513857842614,-0.005859847285954567,0.011198722952940887,182.215478515625,177.33885192871094,170.72912414550783,1.0229945089858707,1.062599440259022,0.00875176494460274,0.008995378784673887,68.42393262322166,-0.005690865899182884,63689900.0,0.7774497997327676,1
2023-06-22,184.4146881103516,184.46399986005468,181.13072421152347,181.1997636706745,51245300.0,0.016525583500423213,-0.005675332921196152,0.00048655513857842614,-0.005859847285954567,182.81705322265626,178.10018081665038,171.2502606201172,1.0354548056310051,1.0768724522962154,0.00890968635199578,0.008445768260459225,68.76712420871459,0.034930335227008724,63714800.0,0.804291938450721,0
2023-06-23,184.0990600585937,184.96689848868263,182.45215034536935,182.98469303577104,53117000.0,-0.0017115125426941935,0.016525583500423213,-0.005675332921196152,0.00048655513857842614,182.9491973876953,178.8319236755371,171.77887237548828,1.029452998518391,1.0717212047834086,0.008321883127558044,0.008535054156620349,66.0323463530909,0.03652432515762416,64113475.0,0.8284841837070912,0
2023-06-26,182.70860290527344,185.4501675478517,182.66914748789137,184.2470331308546,48088700.0,-0.0075527661731554785,-0.0017115125426941935,0.016525583500423213,-0.005675332921196152,183.0182342529297,179.43743591308595,172.1721334838867,1.01823012558969,1.0611972983559086,0.009015916585109888,0.008901288834847271,65.88516626537665,-0.0946646083174878,63714995.0,0.7547469791059389,1
2023-06-27,185.45997619628903,185.78541559077308,183.10301971608257,183.31997931240525,50730800.0,0.015058805372410777,-0.0075527661731554785,-0.0017115125426941935,0.016525583500423213,183.6197998046875,180.0602035522461,172.62731567382812,1.0299887067631586,1.074337369334455,0.00892262901455379,0.00896359936327266,71.76586093521672,0.054942221353457166,63509785.0,0.7987871475238029,1
2023-06-28,186.633544921875,187.27455239917202,185.00636283468697,185.33178721386028,51216800.0,0.006327881355618681,0.015058805372410777,-0.0075527661731554785,-0.0017115125426941935,184.66317443847657,180.64944229125976,173.1055749511719,1.0331254973982544,1.0781486672195217,0.008819185143114555,0.008833399331913393,78.39047929432527,0.009579979026548058,63272405.0,0.8094650424620338,1
2023-06-29,186.9688415527344,187.4422162021352,186.32783407243755,186.4658979165552,46347300.0,0.0017965507272541537,0.006327881355618681,0.015058805372410777,-0.0075527661731554785,185.17400512695312,181.25791015625,173.56611694335936,1.0315072119697364,1.0772197065038265,0.008829860345679001,0.008801166181650909,75.45152107855125,-0.09507622498867563,60608505.0,0.7646996077530703,1
2023-06-30,191.2882843017578,191.79122791985353,188.6157445714927,188.98063939826477,85213200.0,0.023102473723169092,0.0017965507272541537,0.006327881355618681,0.015058805372410777,186.61184997558593,181.94231567382812,174.0902005004883,1.0513677568262043,1.0987883508194436,0.010661471012961946,0.009453497833369696,79.96319612176639,0.838579593633286,61424075.0,1.38729317454109,0
2023-07-03,189.79917907714844,191.19954526937022,189.10884478636748,191.10092178559267,31458200.0,-0.007784612790296741,0.023102473723169092,0.0017965507272541537,0.006327881355618681,188.02996520996095,182.50985870361328,174.60380462646484,1.0399393239648091,1.0870277396485806,0.010879412150450152,0.009793655079706384,71.26053174948267,-0.6308294958996963,59897140.0,0.5252037075559868,0
2023-07-05,188.68478393554688,190.311965971159,187.98459336367247,188.92147125163748,46920300.0,-0.005871443422569178,-0.007784612790296741,0.023102473723169092,0.0017965507272541537,188.6749267578125,183.0892364501953,175.1272250366211,1.0305618593088277,1.0774154840636043,0.011289339053656058,0.009702819992749308,69.05895815009723,0.4915125468081454,56145830.0,0.8356862833802617,1
2023-07-06,189.15817260742188,189.36527592182694,186.58425595947688,187.21540718494302,45094300.0,0.002508886312934999,-0.005871443422569178,-0.007784612790296741,0.023102473723169092,189.1798522949219,183.71052627563478,175.65400787353516,1.0296534251043057,1.0768793430754466,0.010844475861997048,0.009625475554668791,68.82190306882761,-0.038917057222566775,55158125.0,0.8175459191188968,0
2023-07-07,188.0437469482422,190.00623962579556,187.6098428072387,188.76366516963594,46815000.0,-0.005891501508066277,0.002508886312934999,-0.005871443422569178,-0.007784612790296741,189.39483337402345,184.34463348388672,176.18922790527344,1.0200662931946907,1.0672828820689437,0.01032732304328823,0.009519697703485434,61.70416560025439,0.038157815954566354,54401645.0,0.8605438309815815,0
2023-07-10,186.0023956298828,187.36332142042107,184.4540942539423,186.6434031135775,59922200.0,-0.010855725603687527,-0.005891501508066277,0.002508886312934999,-0.005871443422569178,188.33765563964843,184.7410758972168,176.683818359375,1.0068275002001599,1.0527415433797893,0.011070398848772891,0.009603366105797607,58.815071419805854,0.2799786393250028,54887010.0,1.0917373710100076,0
2023-07-11,185.479721069336,186.68285528837708,184.02018687082855,186.5447914459214,46638100.0,-0.002810042089924858,-0.010855725603687527,-0.005891501508066277,0.002508886312934999,187.47376403808593,185.09215393066407,177.0763671875,1.0020939144660725,1.0474561005249106,0.010756421565365396,0.009669189125402657,57.18298947612321,-0.22168912356355408,54773915.0,0.8514655196730049,1
2023-07-12,187.14637756347656,189.04968751691854,185.86434744027207,187.05761040387253,60750200.0,0.008985653442499686,-0.002810042089924858,-0.010855725603687527,-0.005891501508066277,187.16608276367188,185.38702163696288,177.47723602294923,1.0094901784978183,1.054481023917214,0.01005825786578532,0.00928104033869509,63.19857153904018,0.30258736955407706,55097680.0,1.102590889489358,1
2023-07-13,187.9057006835937,188.54672319895087,187.15621340871894,187.8662603208446,41342300.0,0.004057375461940627,0.008985653442499686,-0.002810042089924858,-0.010855725603687527,186.91558837890625,185.74352340698243,177.8950631713867,1.011640660395322,1.0562727111913308,0.009948418655495068,0.00923984852585748,58.96644837140749,-0.31947055318336404,54418340.0,0.7597126262947381,1
2023-07-14,188.0536499023437,188.53686585918993,187.00830716161786,187.6000029338883,41616200.0,0.0007873588625133543,0.004057375461940627,0.008985653442499686,-0.002810042089924858,186.91756896972657,186.07586517333985,178.33653076171876,1.0106289159379236,1.0544875416109125,0.009941443135965495,0.00923629612619842,60.245365692446235,0.00662517566753662,53626005.0,0.776045129597105,1
2023-07-17,191.30799865722656,191.63343805134278,189.15813040004866,189.24688249449068,50520200.0,0.017305427236179005,0.0007873588625133543,0.004057375461940627,0.008985653442499686,187.97868957519532,186.46934814453124,178.86455444335937,1.0259487715318494,1.0695690895973893,0.008557679204835196,0.009653440143064072,70.31676517962342,0.21395514246855796,52880355.0,0.9553680189930647,0
2023-07-18,191.05162048339844,191.6433313227349,189.75973403360663,190.67688432979497,48288200.0,-0.0013401330609678075,0.017305427236179005,0.0007873588625133543,0.004057375461940627,189.09306945800782,186.90375823974608,179.42014587402343,1.0221925031509094,1.064828141526213,0.008134914396416879,0.009507954988282722,64.97630463461418,-0.04418034766291501,50231955.0,0.9613044126990479,1
2023-07-19,192.4026641845703,195.48938034906212,189.9865244553515,190.4303150490968,80507300.0,0.007071616025833505,-0.0013401330609678075,0.017305427236179005,0.0007873588625133543,190.14432678222656,187.40128402709962,179.84952117919923,1.0266880783844974,1.0697980340623945,0.008003986472442827,0.0095531203139832,65.30613071087885,0.6672251191802552,51767365.0,1.5551747708232784,0
2023-07-20,190.4599151611328,193.7537348839622,189.8386203157028,192.39280905028917,59581200.0,-0.010097308328193555,0.007071616025833505,-0.0013401330609678075,0.017305427236179005,190.65516967773436,187.85344619750975,180.24142059326172,1.0138750127633145,1.0566933756638017,0.008858843201901074,0.009805053817354577,58.53428358063088,-0.25992798168613285,52270640.0,1.1398597759660107,0
2023-07-21,189.286361694336,192.2744696321092,188.5861710830146,191.41650251566858,71951700.0,-0.006161682188107531,-0.010097308328193555,0.007071616025833505,-0.0013401330609678075,190.9017120361328,188.09702987670897,180.64392333984375,1.0063229696843516,1.0478423973234532,0.008881634678325529,0.009398588054008753,44.21655114286582,0.20762421703490364,53305960.0,1.3497871532564087,1
2023-07-24,190.0851593017578,192.21530010696893,189.59207198839397,190.73603816687742,45377800.0,0.004220048397949316,-0.006161682188107531,-0.010097308328193555,0.007071616025833505,190.65714416503906,188.39633483886718,181.0271453857422,1.0089642108183,1.0500367715389554,0.00793201818846105,0.0093906032176802,50.86050317075815,-0.3693297031202877,52919000.0,0.8574954175248966,1
2023-07-25,190.9431304931641,191.75180092732498,190.25281124926505,190.65714646634552,37283200.0,0.004513614816421541,0.004220048397949316,-0.006161682188107531,-0.010097308328193555,190.63544616699218,188.8080612182617,181.4237844848633,1.0113081468085954,1.0524702206787833,0.007753953005244611,0.009153335228146786,56.901779410544194,-0.1783823808117626,52378725.0,0.7118004495145691,1
2023-07-26,191.8109741210937,192.93521264770516,190.64729522856234,190.9924473358141,47471900.0,0.004545037182998701,0.004513614816421541,0.004220048397949316,-0.006161682188107531,190.51710815429686,189.12561111450196,181.85632141113283,1.0141988332027962,1.0547391074047727,0.007491601662326111,0.008667790964566676,57.916416224978555,0.2732785812376619,52215780.0,0.9091485370897456,0
2023-07-27,190.54864501953125,194.47361545879667,189.88790988625553,193.30993672945922,47460200.0,-0.006581109904407856,0.004545037182998701,0.004513614816421541,0.004220048397949316,190.53485412597655,189.32136611938478,182.27347290039063,1.0064825166081495,1.0453997610703498,0.007983527297154833,0.008786465030422493,57.40963915241048,-0.0002464615909621992,52027950.0,0.912205843205431,1
2023-07-28,193.1226043701172,193.91154718487954,191.45596662398776,191.97863804110338,48291400.0,0.013508148275324094,-0.006581109904407856,0.004545037182998701,0.004513614816421541,191.3021026611328,189.6290542602539,182.74210357666016,1.0184230740563027,1.0568041003703474,0.008838122410987389,0.009216807546399133,70.41862044461287,0.01751362194006778,52125155.0,0.926450962112247,1
2023-07-31,193.7340240478516,193.7734794641123,192.5604737033273,193.34941650238693,38824100.0,0.0031659664063075077,0.013508148275324094,-0.006581109904407856,0.004545037182998701,192.03187561035156,189.7513412475586,183.21073425292968,1.0209889573064834,1.0574381727022288,0.0072255076124354296,0.007734680648076275,73.550990270568,-0.19604525857606114,49805700.0,0.7795111804472179,0
2023-08-01,192.9056091308593,194.0101198390568,192.58016971551623,193.52690392813534,35175100.0,-0.00427604248176694,0.0031659664063075077,0.013508148275324094,-0.006581109904407856,192.42437133789062,189.90666275024415,183.61624877929688,1.0157916859639582,1.050591167248646,0.007401502465710077,0.007571036990947374,67.2575920931946,-0.09398801260042089,49991545.0,0.7036209823081083,0
2023-08-02,189.91751098632807,192.48155598125388,189.19760772385698,192.3434921357412,50389300.0,-0.015489949504289613,-0.00427604248176694,0.0031659664063075077,0.013508148275324094,192.04567871093747,189.9682991027832,183.95983184814452,0.9997326495173405,1.0323857609475393,0.00867165116902067,0.008291003891409568,55.31806931891153,0.43252755500339735,50164995.0,1.004471345008606,0
2023-08-03,188.52700805664065,189.71041463976601,188.0536484329567,188.92148694956984,61235200.0,-0.007321615171059781,-0.015489949504289613,-0.00427604248176694,0.0031659664063075077,191.64135131835934,189.93674087524414,184.2945397949219,0.9925778824459801,1.022965782200756,0.008397632569967601,0.008446730748718238,51.17415422441197,0.21524212481618132,50972040.0,1.2013488179009513,0
2023-08-04,179.47393798828125,184.7894189873242,179.40489853673822,182.95513345446872,115956800.0,-0.04802001666328637,-0.007321615171059781,-0.015489949504289613,-0.00427604248176694,188.91161804199217,189.50825042724608,184.50025634765626,0.947050788467824,0.9727571199147612,0.0171423254842409,0.01362436457646245,27.20372755591937,0.8936298076923077,54429130.0,2.130418031667969,0
2023-08-07,176.37734985351562,180.59817633552169,174.8980878140883,179.61200164257014,97576100.0,-0.01725369248301567,-0.04802001666328637,-0.007321615171059781,-0.015489949504289613,185.44028320312498,189.02699813842773,184.63851928710938,0.9330802033069977,0.9552576056963077,0.017179801143255707,0.013909445226342293,24.520598538467212,-0.15851334290011454,56311825.0,1.7327817025997647,1
2023-08-08,177.31422424316406,177.77772758258462,175.12491507972354,177.20574441802665,67823000.0,0.00531176134819189,-0.01725369248301567,-0.04802001666328637,-0.007321615171059781,182.32200622558594,188.61872329711915,184.7728366088867,0.9400669304915832,0.9596336100987047,0.017242630951560714,0.014019868525383247,23.41915879861537,-0.3049220044662576,57371070.0,1.1821811934133353,0
2023-08-09,175.72647094726562,178.42857997538025,174.5627769846933,178.36941190145535,60378500.0,-0.008954460944549103,0.00531176134819189,-0.01725369248301567,-0.04802001666328637,179.48379821777343,188.0477279663086,184.8272735595703,0.9344780330382375,0.9507604995895182,0.01673842035959564,0.013842456281351527,23.71578880317756,-0.10976364949943229,57352485.0,1.0527617068379862,0
2023-08-10,175.5094757080078,178.25103959448677,175.1445959609342,176.99859377509202,54686900.0,-0.0012348466232098287,-0.008954460944549103,0.00531176134819189,-0.01725369248301567,176.8802917480469,187.42791671752929,184.84048767089843,0.9364105346831356,0.9495185709556008,0.016894406068135623,0.013749703971296077,24.553801927737794,-0.09426534279586274,58019715.0,0.9425571980145024,1
2023-08-11,175.5687255859375,176.38835756307438,174.34422750725284,175.10461152163393,52036700.0,0.0003375879147873295,-0.0012348466232098287,-0.008954460944549103,0.00531176134819189,176.09924926757813,186.80367050170898,184.8558724975586,0.9398569370419908,0.949760065578962,0.015480703265791325,0.013743007174382309,22.434781903220383,-0.04846133169003908,58540740.0,0.8888972021877414,1
2023-08-14,177.21788024902344,177.44500246999712,175.09473274674426,175.74649049543365,43675600.0,0.009393214295895236,0.0003375879147873295,-0.0012348466232098287,-0.008954460944549103,176.2673553466797,186.09916458129882,184.84822662353517,0.9522766028947135,0.9587210193254826,0.016151860685252543,0.013221481440833582,24.697437501547,-0.16067698374416517,58198510.0,0.7504590753268425,0
2023-08-15,175.2329864501953,177.23762299403361,174.8379899652799,176.6451282666605,43622600.0,-0.011200302114205307,0.009393214295895236,0.0003375879147873295,-0.0012348466232098287,175.85110778808593,185.30823287963867,184.78391998291016,0.945629795973569,0.9483129617901916,0.016087004477228828,0.013311083018985212,20.647314975865868,-0.0012134922015953897,57965230.0,0.7525649428114061,0
2023-08-16,174.36398315429688,176.30935657463468,174.29485048513217,174.9169842350172,46964900.0,-0.004959130774989218,-0.011200302114205307,0.009393214295895236,0.0003375879147873295,175.5786102294922,184.406298828125,184.72925506591798,0.9455424476406415,0.943889386075192,0.015991594925131976,0.01304279040732269,20.938959315343126,0.07661854176504845,56288110.0,0.8343662631415409,0
2023-08-17,171.8261260986328,175.29226839022536,171.31261851419777,174.92689581745674,66062900.0,-0.014554938524306782,-0.004959130774989218,-0.011200302114205307,0.009393214295895236,174.8419403076172,183.474609375,184.63113006591797,0.9365117423274678,0.9306454769425208,0.016101106679296335,0.013174995810565164,11.710583205490408,0.40664411081467233,56612195.0,1.1669376182993787,1
2023-08-18,172.30999755859375,172.9123770667114,169.8116075662743,170.14735612669347,61172200.0,0.0028160528957230646,-0.014554938524306782,-0.004959130774989218,-0.011200302114205307,174.19019470214843,182.62579116821288,184.57009796142577,0.9435140374005692,0.9335748285434928,0.008840409364801804,0.01328760776518443,11.303783674137577,-0.07403096140193666,56073220.0,1.0909343176653667,1
2023-08-21,173.64312744140625,173.92951274494206,171.56937297444222,172.88275833759562,46311900.0,0.007736810990083054,0.0028160528957230646,-0.014554938524306782,-0.004959130774989218,173.475244140625,181.8036895751953,184.4814895629883,0.9551133304672907,0.9412495955705006,0.008195585455702929,0.01343296680581074,15.830963163940694,-0.24292570808308345,56119925.0,0.8252309674326899,1
2023-08-22,175.01573181152344,175.46010661888187,174.04797988711957,174.84785755399471,42038900.0,0.007904743426026872,0.007736810990083054,0.0028160528957230646,-0.014554938524306782,173.43179321289062,181.00731964111327,184.41264099121094,0.9668986434279593,0.9490441157982475,0.008472473057801855,0.013572422060617404,21.959144202371377,-0.0922657027675392,56357710.0,0.7459298825307132,1
2023-08-23,178.8571319580078,179.28176749229362,176.1019960768648,176.28962468028294,52722800.0,0.02194888486151192,0.007904743426026872,0.007736810990083054,0.0028160528957230646,174.3304229736328,180.359627532959,184.3648031616211,0.9916694462308279,0.9701262328320603,0.010701524132946477,0.0146792137583908,33.340693948260096,0.25414318642971145,56620255.0,0.931165004467041,0
2023-08-24,174.1763916015625,178.8374232276998,173.8110039705464,178.4127876208845,54945800.0,-0.02617027515315551,0.02194888486151192,0.007904743426026872,0.007736810990083054,174.80047607421875,179.54101486206054,184.23281768798827,0.9701203467930734,0.9454145780723114,0.01391478015275395,0.015532358351015194,39.25452035630498,0.04216392149127124,56994535.0,0.964053834284287,1
2023-08-25,176.37850952148438,176.91175631972774,173.62337343895007,175.16388093182096,51449600.0,0.012643033304762241,-0.02617027515315551,0.02194888486151192,0.007904743426026872,175.6141784667969,178.7038101196289,184.13225158691407,0.9869879629506056,0.9578903641344452,0.014544131011732239,0.015481082279893902,50.00244082602691,-0.06362997717750951,57152445.0,0.9002169548476885,1
2023-08-28,177.9387664794922,178.33376298082638,176.31925671498092,177.8400098200833,43820700.0,0.008846071793217947,0.012643033304762241,-0.02617027515315551,0.02194888486151192,176.47330627441406,177.91404724121094,184.02226013183594,1.000138939216237,0.9669415338775567,0.014508175896728525,0.015678205309809033,51.28090059235002,-0.14827909254882443,57402275.0,0.7633965726968138,1
2023-08-29,181.81968688964844,182.589940732724,177.25741180863895,177.45491008950265,53003900.0,0.02181042662563093,0.008846071793217947,0.012643033304762241,-0.02617027515315551,177.83409729003907,177.3597511291504,184.01138549804688,1.0251462675838465,0.9880893315244251,0.01528462773404371,0.016715745996040084,61.42241169709878,0.20956306038013994,58293715.0,0.9092558262927659,1
2023-08-30,185.3055725097656,185.5030858470339,182.43194029759772,182.62943856671393,60813900.0,0.019172212205121886,0.02181042662563093,0.008846071793217947,0.012643033304762241,179.12378540039063,177.12915420532227,184.06845397949218,1.046160770885664,1.0067209698540265,0.01564830249450595,0.017124928746171938,66.35895381708156,0.14734764800326006,58814945.0,1.0339871949212909,1
2023-08-31,185.52281188964844,186.75719481874472,185.13768501849643,185.4931879048022,60794500.0,0.0011723305291932995,0.019172212205121886,0.02181042662563093,0.008846071793217947,181.3930694580078,176.97894439697265,184.15057678222655,1.0482761806597256,1.007451701381553,0.014036137097740995,0.017067412008882118,66.53553506004593,-0.0003190060167165276,58792910.0,1.0340447513144018,1
2023-09-01,187.09295654296875,187.54720101813678,185.92769123419916,187.12258052751662,45766500.0,0.008463350880290932,0.0011723305291932995,0.019172212205121886,0.02181042662563093,183.53595886230468,177.35989532470703,184.2041421508789,1.0548774637041967,1.0156826787843003,0.01392705048050019,0.01300948709430837,66.44745971195412,-0.24719341387790017,55283395.0,0.8278525586209023,1
2023-09-05,187.3299560546875,187.60645663383806,185.26607135025952,185.92769881238064,45280000.0,0.001266747375731958,0.008463350880290932,0.0011723305291932995,0.019172212205121886,185.41419677734376,177.90752563476562,184.2687600708008,1.0529625173881942,1.0166126693570332,0.014107959186034266,0.012187981659696484,71.3937755181896,-0.010630045994340809,52668590.0,0.8597154395057851,0
2023-09-06,180.6247711181641,186.49056063180015,179.2027597126584,186.0461707664675,81755800.0,-0.0357934474428957,0.001266747375731958,0.008463350880290932,0.0011723305291932995,185.1752136230469,178.07305297851562,184.2270834350586,1.0143296141497407,0.9804463477913965,0.01969912076077705,0.014946724486924214,59.177792938387086,0.8055609540636042,53365230.0,1.5320050152505666,0
2023-09-07,175.34161376953125,175.98350189646143,171.37183427986267,172.99134398653018,112488800.0,-0.02924935110465343,-0.0357934474428957,0.001266747375731958,0.008463350880290932,183.182421875,178.0538101196289,184.02471618652345,0.9847675466856035,0.9528155641430731,0.020938351591421385,0.016289053201779518,54.769524035075584,0.37591216769941704,55970745.0,2.009778501250966,1
2023-09-08,175.95387268066406,177.98814840122637,175.56874581023814,176.12176201867752,65551300.0,0.0034918060691375707,-0.02924935110465343,-0.0357934474428957,0.001266747375731958,181.2686340332031,178.0760299682617,183.81112274169922,0.9880828582714031,0.9572536746207868,0.01912207681096418,0.016304209317793025,54.926546888893014,-0.41726376314797564,56513965.0,1.1599133063836522,1
2023-09-11,177.119140625,178.0473990105972,175.12437356668377,177.82027676778657,58953100.0,0.0066225762842444524,0.0034918060691375707,-0.02924935110465343,-0.0357934474428957,179.27387084960938,178.15355072021484,183.61412872314452,0.9941937160891092,0.9646269699215917,0.018813435562538883,0.016366359806759902,54.72102506202713,-0.10065704265209086,56859785.0,1.0368153871844574,0
2023-09-12,174.09739685058594,177.87954850785982,172.6358914674074,177.2475449582567,90370200.0,-0.017060515107239382,0.0066225762842444524,0.0034918060691375707,-0.02924935110465343,176.62735900878906,177.99752655029297,183.2703109741211,0.978088854517846,0.9499487174175723,0.019325478389101182,0.016681520252023616,48.80621978060341,0.5329168440675724,59194515.0,1.5266650972645017,0
2023-09-13,172.03347778320312,175.08486860955094,171.8063404869434,174.30473020059844,84267900.0,-0.011854967993312981,-0.017060515107239382,0.0066225762842444524,0.0034918060691375707,174.9091003417969,177.83755111694336,182.9149969482422,0.9673630608536463,0.9405105139185601,0.017567064546053644,0.01670372354997006,40.6998793383198,-0.06752557812199156,61226780.0,1.3763242162988156,1
2023-09-14,173.5443572998047,173.89986015970092,171.4113401404273,171.82609096561458,60895800.0,0.008782473830504012,-0.011854967993312981,-0.017060515107239382,0.0066225762842444524,174.54964904785157,177.79656982421875,182.61218841552736,0.976083832614892,0.9503437793807654,0.016208535354377482,0.016805403598630888,49.05711487760317,-0.2773547222607897,61923325.0,0.9834064950485136,0
2023-09-15,172.82347106933594,174.29486087176767,171.6483512368518,174.27510652680778,109259500.0,-0.004153901870882493,0.008782473830504012,-0.011854967993312981,-0.017060515107239382,173.92356872558594,177.8464370727539,182.28549438476563,0.9717567240249905,0.9480922859640307,0.016017865325798,0.016492576033911185,44.45127699007683,0.794204197990666,64083155.0,1.7049644325408135,1
2023-09-18,175.74647521972656,177.13886254322455,173.96896109059597,174.2750855940285,67257600.0,0.01691323598759298,-0.004153901870882493,0.008782473830504012,-0.011854967993312981,173.64903564453124,178.01826095581055,182.03954895019533,0.9872384679870122,0.9654301838981676,0.017107067137588337,0.01689667113958438,46.71788034931545,-0.3844233224570861,64387425.0,1.0445766389943378,1
2023-09-19,176.83277893066406,177.38578010579235,174.91701409671836,175.3021409914078,51826900.0,0.006181083914083452,0.01691323598759298,-0.004153901870882493,0.008782473830504012,174.19611206054688,178.17774353027343,181.85615661621094,0.9924515566705397,0.9723771920675295,0.01741021870348835,0.016868185775278665,41.85222303661267,-0.2294268603102103,64663175.0,0.8014901835550141,0
2023-09-20,173.29747009277344,177.45486279571944,173.20858308214417,177.02035765272817,58436200.0,-0.019992384100217198,0.006181083914083452,0.01691323598759298,-0.004153901870882493,174.44891052246095,178.09183044433593,181.6125115966797,0.9730792797199027,0.954215480911513,0.014903217170497453,0.017415786811823944,30.41239448454803,0.12752643897281146,65483040.0,0.8923867920609673,0
2023-09-21,171.75694274902344,174.09734264324985,171.6878251518227,172.36920682730067,63149100.0,-0.00888949701876951,-0.019992384100217198,0.006181083914083452,0.01691323598759298,174.0914276123047,177.73682098388673,181.30472290039063,0.9663554338276061,0.947338491801933,0.01222556894986154,0.01668774669246673,28.474406743426073,0.08065035029656276,66004355.0,0.9567414150172363,1
2023-09-22,172.60621643066406,174.86761425499944,171.87547142547365,172.48772049861157,56725400.0,0.004944625050072204,-0.00888949701876951,-0.019992384100217198,0.006181083914083452,174.0479766845703,177.6583122253418,180.99873321533204,0.9715628515694236,0.9536321794325295,0.012306394199839596,0.01572779512699282,26.82471248234519,-0.10172274822602378,66093335.0,0.858262032018811,1
2023-09-25,173.88011169433594,174.75899170155245,171.97421669351675,172.02359502231215,46172700.0,0.007380355644279968,0.004944625050072204,-0.00888949701876951,-0.019992384100217198,173.6747039794922,177.53339233398438,180.71526245117187,0.9794220084930517,0.962177235812151,0.01236655273646838,0.015542180636022114,29.17439845614652,-0.1860313016743822,65829490.0,0.7013984158163765,0
2023-09-26,169.81158447265625,173.01109513731117,169.51532957863083,172.63585300181884,64588900.0,-0.023398462204991866,0.007380355644279968,0.004944625050072204,-0.00888949701876951,172.2704650878906,177.12703323364258,180.28533416748047,0.9586994225136897,0.9419045939416548,0.013359538714224779,0.01617072720777924,31.768329485399008,0.3988547345076203,66867900.0,0.9659178768886117,0
2023-09-27,168.30068969726562,170.87808171574733,166.93794126401278,170.46333088230946,66921800.0,-0.008897477637245133,-0.023398462204991866,0.007380355644279968,0.004944625050072204,171.27110900878907,176.45108337402343,179.83031555175782,0.9538093304903014,0.9358860833941327,0.013158408012209447,0.015198641475235978,36.39839221623253,0.03611920933782731,67563795.0,0.9904979434621752,1
2023-09-28,168.55746459960938,169.8807195182162,165.5258128129139,167.2243249736919,56294400.0,0.0015256913254819704,-0.008897477637245133,-0.023398462204991866,0.007380355644279968,170.63121337890624,175.61367797851562,179.3534115600586,0.9598196822700251,0.9398062915751448,0.012682253668292764,0.014282835369918274,35.512695829106775,-0.1588032599242698,67337820.0,0.835999739819317,1
2023-09-29,169.07095336914062,170.90771561508154,168.21181267677895,169.870831028669,51861100.0,0.00304637217195336,0.0015256913254819704,-0.008897477637245133,-0.023398462204991866,169.92416076660157,174.79108505249025,178.92563232421875,0.9672744655047376,0.9449230452503242,0.012803105349604186,0.014328958928562625,33.8230170355703,-0.07875206059572537,66891150.0,0.7753058513719677,1
2023-10-02,171.57923889160156,172.12237043121976,168.79446358018748,169.08084887750982,52164500.0,0.014835697513247537,0.00304637217195336,0.0015256913254819704,-0.008897477637245133,169.4639862060547,174.01539916992186,178.57148986816406,0.9860003178457704,0.960843407972209,0.01247255287066291,0.014699231324904765,44.831784820861515,0.00585024228178721,67211050.0,0.7761298179391632,0
2023-10-03,170.24606323242188,171.46070671019788,168.68581669291316,170.1078129668395,49594600.0,-0.007770028983646093,0.014835697513247537,0.00304637217195336,0.0015256913254819704,169.5508819580078,173.16120452880858,178.17470794677735,0.9831651592842684,0.9555007284382706,0.012192318382465164,0.014660700666820643,46.2181086539902,-0.049265304948767796,67426780.0,0.7355326770757851,1
2023-10-04,171.49034118652344,172.03347264460572,168.83394692911625,168.95244285882518,53020300.0,0.007308703240925141,-0.007770028983646093,0.014835697513247537,0.00304637217195336,170.18881225585938,172.70448303222656,177.78565216064453,0.9929698301724075,0.9645904441803169,0.0111567767945972,0.012907447793990768,45.60443148748975,0.06907405241699704,65990005.0,0.803459554215824,1
2023-10-05,172.7247314453125,173.2579782200924,170.52258153582127,171.61871413723316,48527900.0,0.007198016227902171,0.007308703240925141,-0.007770028983646093,0.014835697513247537,171.022265625,172.57363891601562,177.4039273071289,1.0008755249657244,0.9736240570722227,0.011050735906271926,0.011421120574323686,49.79324253599484,-0.0847298110346415,62791960.0,0.7728362038706866,1
2023-10-06,175.27252197265625,175.76627518846593,171.01635659512883,171.62862082907643,57266700.0,0.014750583231622594,0.007198016227902171,0.007308703240925141,-0.007770028983646093,172.26257934570313,172.53957138061523,177.0984048461914,1.0158395582542177,0.9896900094886742,0.01188124657822486,0.01190525961666823,48.99171388189344,0.1800778521221813,62377730.0,0.9180632254492108,1
2023-10-09,176.75375366210938,176.81300162773064,173.60360623261292,174.60098214625398,42390800.0,0.008451020575171553,0.014750583231622594,0.007198016227902171,0.007308703240925141,173.2974822998047,172.52130203247071,176.77102783203125,1.0245329219045776,0.9999022794055467,0.011943803236640868,0.011966675644989664,49.834660244200975,-0.2597652737105508,61549615.0,0.6887256727763448,0
2023-10-10,176.16123962402344,177.4746247468579,175.72673446240606,175.87486944103904,43698000.0,-0.003352200594385235,0.008451020575171553,0.014750583231622594,0.007198016227902171,174.480517578125,172.62449417114257,176.4195721435547,1.020488085829665,0.9985356924042359,0.008426780468698061,0.011315020523536213,56.83312580553553,0.030836879700312236,59216005.0,0.7379423856776559,1
2023-10-11,177.5536651611328,177.60304349794123,175.38115395493855,175.9736487921809,47551100.0,0.007904267363701534,-0.003352200594385235,0.008451020575171553,0.014750583231622594,175.69318237304688,172.90050354003907,176.11253326416016,1.0269123659319834,1.0081830172462003,0.007222813846504548,0.011024554506985928,63.9297772667138,0.08817566021328216,57380165.0,0.8287027407467371,1
2023-10-12,178.4522705078125,180.06189553412176,176.80312172309905,177.82026707710477,56743100.0,0.005061035185413898,0.007904267363701534,-0.003352200594385235,0.008451020575171553,176.83869018554688,173.14589920043946,175.88322845458984,1.0306468205823933,1.0146065209047828,0.007098107394635932,0.010928618850327022,64.01509470405031,0.19330783094397397,57172530.0,0.9924888753392582,0
2023-10-13,176.6155242919922,179.65703072033497,175.91438812346496,179.15340788479125,51427100.0,-0.010292646939114691,0.005061035185413898,0.007904267363701534,-0.003352200594385235,177.10729064941407,173.33550186157225,175.64499877929688,1.0189229695889963,1.005525494716276,0.008727572092874237,0.011177726937706073,56.38544329227113,-0.09368539963449296,54280910.0,0.9474251629163918,0
2023-10-16,176.48712158203125,176.84262444155877,174.3047260977915,174.5417330268598,52517000.0,-0.0007270182532123082,-0.010292646939114691,0.005061035185413898,0.007904267363701534,177.05396423339843,173.3725341796875,175.58526245117187,1.0179647105989447,1.0051363031171832,0.008020746175529335,0.010546170076983979,69.0958739559181,0.021193106358320835,53543880.0,0.9808217110900442,0
2023-10-17,174.93673706054688,176.19087429527403,172.61610626933813,174.44298390478113,57549400.0,-0.008784689259968226,-0.0007270182532123082,-0.010292646939114691,0.005061035185413898,176.80906372070314,173.27773208618163,175.5564501953125,1.0095742537393098,0.996470006461875,0.008175001102095741,0.010634754803914449,68.94011978134156,0.0958242093036541,53830005.0,1.0690952007156604,0
2023-10-18,173.64312744140625,175.36139405816417,172.92225196490105,173.38638119353993,54764400.0,-0.007394728179324073,-0.008784689259968226,-0.0007270182532123082,-0.010292646939114691,176.0269561767578,173.29501495361328,175.48302825927735,1.002008785353036,0.9895152207246354,0.008576716750837324,0.009755244136397938,63.70404969565195,-0.0483932065321272,53646415.0,1.0208398827768828,0
2023-10-19,173.2678680419922,175.61812287122567,173.00123711265553,173.84060845589931,59302900.0,-0.0021610956042051876,-0.007394728179324073,-0.008784689259968226,-0.0007270182532123082,174.99007568359374,173.3705612182617,175.43385620117186,0.9994076665868304,0.987653533895442,0.008367430827830988,0.009540946667814765,61.39407100182852,0.08287318038725888,53454105.0,1.1094171345680561,0
2023-10-20,170.7200927734375,173.22835212793277,170.4830858385587,173.11972583296543,64244000.0,-0.014704257040533464,-0.0021610956042051876,-0.007394728179324073,-0.008784689259968226,173.8109893798828,173.2762550354004,175.33806854248047,0.9852480522421224,0.9736624464531264,0.007904656202511346,0.010054963465681934,47.67252191066088,0.08331970274640876,53830035.0,1.1934601194296084,1
2023-10-23,170.83860778808594,171.8359838309846,167.80695589693704,168.77472302133776,55980100.0,0.000694206597027236,-0.014704257040533464,-0.0021610956042051876,-0.007394728179324073,172.68128662109376,173.1241798400879,175.24346618652345,0.9867980772292287,0.9748643501849642,0.007032162200898991,0.009888910486793651,51.71832451744166,-0.12863302409563537,54320405.0,1.0305538038606303,1
2023-10-24,171.27308654785156,171.50020876645127,169.3079436842464,170.8879597127696,43816600.0,0.0025432117797667964,0.000694206597027236,-0.014704257040533464,-0.0021610956042051876,171.94855651855468,173.19725494384767,175.1245703125,0.9888903066239708,0.9780071765042696,0.0072772039206536795,0.008356190947245648,49.338933378896385,-0.21728257005614493,53281790.0,0.8223560056822415,0
2023-10-25,168.9623565673828,170.89786073622298,168.5179666183954,169.73261037900426,57157000.0,-0.013491494939709359,0.0025432117797667964,0.000694206597027236,-0.014704257040533464,171.01240234375,173.2303382873535,174.99915771484376,0.9753623888161496,0.9655038274109996,0.006921463214767134,0.008683726805673895,39.25555695965349,0.30445995353359234,52793550.0,1.082651195079702,0
2023-10-26,164.80491638183594,169.23882483986895,163.60015755926395,168.24143389027685,70625300.0,-0.024605718516294894,-0.013491494939709359,0.0025432117797667964,0.000694206597027236,169.31981201171874,173.04271087646484,174.80797637939452,0.9523944438173425,0.9427768674820167,0.008371337811340312,0.010295203008856169,22.623860167208733,0.23563692985985973,53510095.0,1.3198500208231736,1
2023-10-27,166.11830139160156,166.8490614359056,164.745668316651,164.82467062426355,58499100.0,0.007969331489618092,-0.024605718516294894,-0.013491494939709359,0.0025432117797667964,168.39945373535156,172.89507827758788,174.6938198852539,0.9608041075923167,0.950911151297252,0.009679289844133592,0.010456503378867745,21.938522857660487,-0.17169767774437772,53841995.0,1.0864957734199856,1
2023-10-30,168.16244506835938,169.03145545417337,166.7601878982554,166.90832288755587,51131000.0,0.012305349017138312,0.007969331489618092,-0.024605718516294894,-0.013491494939709359,167.86422119140624,172.72423858642577,174.61086883544922,0.9735891525393304,0.9630697458291285,0.011231014674246646,0.010270658575238338,30.396938355001524,-0.1259523650791209,53790320.0,0.9505613649444733,1
2023-10-31,168.63644409179688,168.764809656098,165.8022909489589,167.23418704526227,44846000.0,0.0028186972617150197,0.012305349017138312,0.007969331489618092,-0.024605718516294894,167.3368927001953,172.64375762939454,174.51073516845702,0.9767885407927696,0.9663385116623936,0.011367914099832857,0.010173314637384507,27.11593750024474,-0.12291955956269196,53552890.0,0.8374151236282487,1
2023-11-01,171.79647827148438,172.05322449399938,167.99457285522465,168.86358325166134,56934900.0,0.01873873821703298,0.0028186972617150197,0.012305349017138312,0.007969331489618092,167.90371704101562,172.65906448364257,174.44635009765625,0.9950041069970009,0.9848098178913548,0.01324775533623593,0.010924013795471716,34.695742115848006,0.26956473264059233,53748620.0,1.059281149916035,1
2023-11-02,175.3515167236328,175.55888462715336,173.26787764016203,173.32712561259646,77334800.0,0.020693313902107713,0.01873873821703298,0.0028186972617150197,0.012305349017138312,170.013037109375,172.7904037475586,174.37623779296874,1.0148220787759483,1.005592957750482,0.01489242005336646,0.011766817021242038,47.30640365640795,0.3583022012860302,55188965.0,1.4012728812725515,0
2023-11-03,174.44300842285156,174.61089777938133,171.1842491912974,172.06312932936157,79829200.0,-0.005181068962255564,0.020693313902107713,0.01873873821703298,0.0028186972617150197,171.677978515625,172.74892807006836,174.38157012939453,1.0098066041376308,1.0003523210245868,0.01403539191997598,0.011362036318724034,45.78416914808514,0.032254560689366274,56317090.0,1.4174951156034519,1
2023-11-06,176.9907684326172,177.1882666996337,174.0085099439187,174.1763842242903,63841300.0,0.014605113915427514,-0.005181068962255564,0.020693313902107713,0.01873873821703298,173.44364318847656,172.76077880859376,174.3938153076172,1.0244846640145675,1.0148913143532021,0.014544376501097318,0.011686657035830066,54.068891222381204,-0.2002763399858698,57389615.0,1.112419032607206,1
2023-11-07,179.54840087890625,180.1606499568927,176.73400192517136,176.9413698079054,70530000.0,0.01445065451118599,0.014605113915427514,-0.005181068962255564,0.020693313902107713,175.62603454589845,172.93013687133788,174.42600799560546,1.0382713165403463,1.0293671393513164,0.014927042418144661,0.012078735502246805,61.14004969453291,0.10477073618488353,58731215.0,1.200894617964229,1
2023-11-08,180.6050567626953,181.15805797213443,179.32129534469576,180.07180990163698,49340300.0,0.005885075437133569,0.01445065451118599,0.014605113915427514,-0.005181068962255564,177.38775024414062,173.08270645141602,174.4017153930664,1.0434610162130253,1.0355692680868867,0.013471075670819488,0.012026509008691408,63.49437717913775,-0.3004352757691763,58820675.0,0.8388258040221401,0
2023-11-09,180.13099670410156,181.81962374743682,179.53848699912388,180.67412808897316,53763500.0,-0.0026248437728775276,0.005885075437133569,0.01445065451118599,0.014605113915427514,178.34364624023436,173.16664276123046,174.29822387695313,1.0402176414107298,1.0334643273890507,0.00874852743893704,0.012010045103365261,68.73757796526236,0.08964679987758495,58671695.0,0.9163447553373053,1
2023-11-10,184.31369018554688,184.48180071812672,181.47581782404296,181.91089548671326,66133400.0,0.023220287224170244,-0.0026248437728775276,0.005885075437133569,0.01445065451118599,180.31778259277343,173.5515510559082,174.2740414428711,1.0620111953143636,1.0576084003076665,0.009819264970499121,0.012735548838752284,73.0923087784992,0.23007988691212433,59407010.0,1.1132255267518092,0
2023-11-13,182.7316131591797,183.94784205398747,182.14822040593083,183.74020094629049,43627500.0,-0.0085836110425358,0.023220287224170244,-0.0026248437728775276,0.005885075437133569,181.46595153808593,173.86377563476563,174.1868145751953,1.051004514839495,1.0490553696892806,0.011473066242239286,0.012950346650714624,68.89339634604121,-0.3403106448481402,58962535.0,0.7399190011080765,1
2023-11-14,185.342025756836,186.0045247766197,184.214786141562,185.5991101996175,60108400.0,0.01428550075449908,-0.0085836110425358,0.023220287224170244,-0.0026248437728775276,182.6246765136719,174.38404006958007,174.1470559692383,1.0628382372772396,1.0642845767635325,0.011425942167197015,0.012983497719582673,76.74332972589448,0.37776402498424155,59090485.0,1.01722637747854,1
2023-11-15,185.90565490722656,187.3789832148446,185.67823345303117,185.7474572062222,53790500.0,0.0030410218518386323,0.01428550075449908,-0.0085836110425358,0.023220287224170244,183.68479614257814,174.9971664428711,174.25267364501954,1.0623352291130759,1.0668740457087391,0.011096683259251106,0.012752543327431238,89.0320304385133,-0.10510843742305565,59041790.0,0.9110580827579923,1
2023-11-16,187.5866241455078,188.8226331691939,186.53847581950137,187.44819173837502,54412900.0,0.00904205544000325,0.0030410218518386323,0.01428550075449908,-0.0085836110425358,185.1759216308594,175.71310424804688,174.49757385253906,1.067573331814226,1.075009927095203,0.0101878571793329,0.012737066755024968,89.17918386214656,0.01157081640810187,58797290.0,0.9254321075001926,0
2023-11-17,187.5668487548828,188.24912816814668,186.4593894684262,188.12057839811112,50922700.0,-0.00010542004641900249,0.00904205544000325,0.0030410218518386323,0.01428550075449908,185.8265533447266,176.55544204711913,174.72983337402343,1.0623679824314052,1.0734677938676946,0.009635306546326867,0.012002555225995073,88.23792247217295,-0.06414287788373718,58131225.0,0.875995646057691,1
2023-11-20,189.30714416503903,189.76200213676566,187.75472463510502,187.76460727588125,46505100.0,0.009278267570782095,-0.00010542004641900249,0.00904205544000325,0.0030410218518386323,187.14165954589845,177.4788688659668,174.97359344482422,1.0666461048273022,1.081918365154538,0.0093303177118855,0.012002051406455326,88.79702654696939,-0.0867510952875633,57657475.0,0.806575383330609,0
2023-11-21,188.50621032714844,189.37636552049437,187.61628985249988,189.26759612132614,38134500.0,-0.004230869581933638,0.009278267570782095,-0.00010542004641900249,0.00904205544000325,187.77449645996094,178.34052505493165,175.26176971435547,1.0570015439232647,1.075569478925033,0.009494596811649582,0.012175723443476885,84.40986071894747,-0.17999316204029236,57373370.0,0.6646724778412005,1
2023-11-22,189.16873168945312,190.77059476808083,188.69410838615653,189.34672485819107,39617700.0,0.0035145863956147494,-0.004230869581933638,0.009278267570782095,-0.00010542004641900249,188.42711181640624,179.35084381103516,175.60447479248046,1.054741241634537,1.0772432303504915,0.00949743679514618,0.011394276455400377,82.30143991598655,0.03889391495889538,56496405.0,0.701242848991896,0
2023-11-24,187.84375,188.76333367409984,187.13180743837248,188.73367065803237,24048300.0,-0.0070042320293624005,0.0035145863956147494,-0.004230869581933638,0.009278267570782095,188.4785369873047,180.50278549194337,175.89046264648437,1.0406695358636684,1.067958700964589,0.009961519116161563,0.009440457323311073,80.72944695246174,-0.39299101159330296,54167555.0,0.4439613344187309,0
2023-11-27,187.6657257080078,188.53588093642713,186.78568783853885,187.79427548166112,40552600.0,-0.0009477253940691766,-0.0070042320293624005,0.0035145863956147494,-0.004230869581933638,188.4983123779297,181.58015670776368,176.18730773925782,1.0335145046164835,1.0651489492406403,0.007465602800730814,0.009582179249491164,77.46370723970895,0.6862979919578516,53270230.0,0.761261965641973,1
2023-11-28,188.26890563964844,188.9413024556769,187.2800983304318,187.65584993609482,38415400.0,0.003214118770835661,-0.0009477253940691766,-0.0070042320293624005,0.0035145863956147494,188.29066467285156,182.58547973632812,176.43775634765626,1.0311274801891572,1.0670556548490668,0.006508075960552105,0.00949051108448636,74.94393684263828,-0.0527019229346577,52634450.0,0.7298527865304948,0
2023-11-29,187.2504272460937,189.9399842182602,186.85491037465812,188.7633011569372,43014200.0,-0.005409700503088644,0.003214118770835661,-0.0009477253940691766,-0.0070042320293624005,188.0395080566406,183.51617889404298,176.64610931396484,1.0203483331799685,1.0600314265245496,0.005638260244896607,0.009795688252647749,69.04987485576247,0.11971240700344143,52542860.0,0.8186497651631449,1
2023-11-30,187.82394409179688,188.18981305356235,186.08364867108205,187.71517468500207,48794400.0,0.003062833309050106,-0.005409700503088644,0.003214118770835661,-0.0009477253940691766,187.7705505371094,184.3175521850586,176.93663879394532,1.0190236462299467,1.0615322262933375,0.005639124836795191,0.009276702729767461,71.92786354198283,0.13437887953280536,52135835.0,0.9359090537247557,1
2023-12-01,189.0995178222656,189.4159283197641,187.11200544734405,188.19969953750024,45704800.0,0.006791326508644113,0.003062833309050106,-0.005409700503088644,0.003214118770835661,188.0217041015625,185.00495223999025,177.28349029541016,1.0221321944774961,1.066650467605112,0.005320214186312226,0.008487563796027069,66.35132908897909,-0.06331874149492567,50554335.0,0.9040728159118303,0
2023-12-04,187.3097686767578,187.9228394923183,185.35193435249073,187.85361573572166,43389500.0,-0.009464588625709647,0.006791326508644113,0.003062833309050106,-0.005409700503088644,187.9505126953125,185.64829025268554,177.57756134033204,1.0089496026158433,1.0548053890534836,0.006243486887453167,0.008775678946890103,65.42293109404044,-0.0506576989725368,48732350.0,0.8903633828452763,1
2023-12-05,191.255111694336,192.22413865175915,188.05137051787239,188.08104861869373,66628400.0,0.021063199455372272,-0.009464588625709647,0.006791326508644113,0.003062833309050106,188.54775390625,186.36150741577148,177.92506134033204,1.02625866439064,1.0749194647093951,0.008802352803255377,0.00930475520291122,68.27624522012425,0.5355881031125043,48871705.0,1.363332832361793,0
2023-12-06,190.16744995117188,192.5801273781731,189.95979375458376,192.2735994925461,41089700.0,-0.005686968225468547,0.021063199455372272,-0.009464588625709647,0.006791326508644113,189.13115844726562,186.89245986938477,178.33217864990235,1.0175233933144008,1.0663664370102508,0.00891095313745807,0.009194594593275159,62.75909830546251,-0.3833005144953203,47399690.0,0.8668769774654644,1
2023-12-07,192.0956115722656,192.817436726138,191.42321471638212,191.4627754603769,47477700.0,0.01013928315065904,-0.005686968225468547,0.021063199455372272,-0.009464588625709647,189.98549194335936,187.46698760986328,178.80807708740235,1.0246903415978226,1.07431171287843,0.009360729939636958,0.009315289298373325,63.302263312796896,0.15546475150706862,47306560.0,1.0036176800849608,1
2023-12-08,193.5194854736328,193.79635031367135,191.50231010992096,192.02637677770835,53406400.0,0.0074123187391585965,0.01013928315065904,-0.005686968225468547,0.021063199455372272,190.8694854736328,188.13641204833985,179.3073175048828,1.0286126080894422,1.0792615057015895,0.008995523581869523,0.0092591518710574,66.217690332708,0.12487336159923501,47288705.0,1.1293690533500547,0
2023-12-11,191.0177764892578,191.32431940935732,189.2774811684409,190.94856782781682,60943700.0,-0.012927426807962772,0.0074123187391585965,0.01013928315065904,-0.005686968225468547,191.6110870361328,188.47161636352538,179.74625396728516,1.013509514986179,1.0627079690018137,0.010287204519351776,0.008748102564061062,54.47488336595791,0.14113102549507173,47029220.0,1.2958688236802567,1
2023-12-12,192.5306854248047,192.54056806660662,189.57414602172835,190.9189246189266,52696900.0,0.00792025204854152,-0.012927426807962772,0.0074123187391585965,0.01013928315065904,191.86620178222657,188.96156997680663,180.16528289794923,1.018888049291907,1.068633658649206,0.010464220548143974,0.00848924138329652,60.14965027214729,-0.13531833479096278,47482690.0,1.1098128602233783,1
2023-12-13,195.74429321289065,195.7838388648497,192.66910200901862,192.90640609677627,70404200.0,0.01669140574135164,0.00792025204854152,-0.012927426807962772,0.0074123187391585965,192.9815704345703,189.48168334960937,180.6752474975586,1.0330512678195192,1.083404040808278,0.01097859572265889,0.008677760054711933,64.69282992518151,0.33602166351341345,47997480.0,1.46683117530337,1
2023-12-14,195.89259338378903,197.38568681182426,193.96442237725344,195.80360435764135,66831600.0,0.0007576219386231653,0.01669140574135164,0.00792025204854152,-0.012927426807962772,193.740966796875,189.9810302734375,181.1632925415039,1.0311165967562292,1.081304002790249,0.011036179772931785,0.0086890159297376,68.98304194206128,-0.05074413174214043,48649535.0,1.3737356379665293,0
2023-12-15,195.3586883544922,196.17938523204796,194.7950608853233,195.3191276085836,128538400.0,-0.0027254988056175655,0.0007576219386231653,0.01669140574135164,0.00792025204854152,194.1088073730469,190.36963348388673,181.6159716796875,1.0262071990122719,1.0756690975342325,0.011203627830179636,0.008632023143356319,67.84415852853974,0.92331771198056,52355810.0,2.455093331571033,0
2023-12-18,193.6974639892578,194.4291868327445,192.21425301938103,193.8952224343076,55751900.0,-0.008503457815093207,-0.0027254988056175655,0.0007576219386231653,0.01669140574135164,194.64474487304688,190.67616424560546,181.98447052001953,1.015845188388417,1.0643625988292764,0.01108528294546341,0.008941964351278201,62.002642318114525,-0.5662626888151712,52597270.0,1.0599770672508289,1
2023-12-19,194.73573303222656,194.74561567460933,193.6974822378966,193.964464462268,40714100.0,0.005360261417910683,-0.008503457815093207,-0.0027254988056175655,0.0007576219386231653,195.08575439453125,190.94759368896484,182.34411010742187,1.019838633575201,1.0679573522693142,0.00927115741561119,0.008807897739392785,66.53567751995689,-0.26972713037582574,52307720.0,0.7783573820460918,0
2023-12-20,192.6493225097656,195.46741418063525,192.64932250976562,194.69614571593394,52242800.0,-0.010714060999352792,0.005360261417910683,-0.008503457815093207,-0.0027254988056175655,194.46676025390624,191.1547492980957,182.6738717651367,1.0078186559170401,1.0546079778582362,0.009843493425240022,0.00914102964733855,59.9917976742804,0.28316234424928965,53013135.0,0.9854689785842697,0
2023-12-21,192.50099182128903,194.87413831888384,191.33420648650613,193.90511142023345,46482500.0,-0.0007699517784135468,-0.010714060999352792,0.005360261417910683,-0.008503457815093207,193.78843994140624,191.3213623046875,182.97281829833983,1.006165696827534,1.0520742567751968,0.009352337675141112,0.009132335699997803,57.38825920404504,-0.11026016982244446,53356375.0,0.8711705021190064,0
2023-12-22,191.43312072753903,193.22285972664613,190.8101672306993,192.99542315884526,37149600.0,-0.005547353723462267,-0.0007699517784135468,-0.010714060999352792,0.005360261417910683,193.0033264160156,191.50083084106444,183.2324353027344,0.999646423917703,1.0447556428055742,0.009145217105186959,0.009071468221367066,59.24618865197548,-0.20078309041036946,54011440.0,0.6878098417668553,0
2023-12-26,190.8892517089844,191.719846217368,190.6717128965979,191.44298138124012,28919300.0,-0.0028410392960614983,-0.005547353723462267,-0.0007699517784135468,-0.010714060999352792,192.44168395996093,191.6620071411133,183.51790985107422,0.9959681345110827,1.040166879973143,0.008196148767057501,0.00910253320344615,49.031916826486245,-0.22154478110127696,53429775.0,0.5412581280755908,1
2023-12-27,190.9881134033203,191.3342019743918,188.9511728919884,190.33551208827305,48087700.0,0.0005179007903841626,-0.0028410392960614983,-0.005547353723462267,-0.0007699517784135468,191.6921600341797,191.79796752929687,183.8079296875,0.9957775666947417,1.0390635144415568,0.007717941359625026,0.009086269689236296,52.29142115573554,0.6628237889575475,53913390.0,0.8919435412983676,1
2023-12-28,191.4133453369141,192.48125917871982,191.0079306668944,191.96707508718282,34049900.0,0.0022264837639178747,0.0005179007903841626,-0.0028410392960614983,-0.005547353723462267,191.44496459960936,192.0061134338379,184.13746185302733,0.9969127644619084,1.0395133255920197,0.004933331274846425,0.008973269312058637,47.92047453345219,-0.2919208030327922,53465175.0,0.636861284004027,0
2023-12-29,190.3750915527344,192.22415660179112,189.58404259835586,191.72975289130503,42672100.0,-0.005424145230585764,0.0022264837639178747,0.0005179007903841626,-0.0028410392960614983,191.01978454589843,192.13367080688477,184.4721011352539,0.990847105315976,1.031999366739757,0.004905443374389852,0.009077529120308759,40.18527250298868,0.25322247642430673,53159060.0,0.802724878882358,0
2024-01-02,183.5621795654297,186.33084291740326,181.83176685644636,185.0552730997862,82488700.0,-0.03578678246054856,-0.005424145230585764,0.0022264837639178747,0.0005179007903841626,189.44559631347659,191.85680389404297,184.67798736572266,0.9567665875785455,0.993958089882779,0.01151137092821268,0.01207506940838117,31.663519331343807,0.933082740244797,54998255.0,1.4998421313548949,0
2024-01-03,182.187728881836,183.79948946618282,181.37689972544035,182.15806587250447,58414500.0,-0.0074876572442516,-0.03578678246054856,-0.005424145230585764,0.0022264837639178747,187.70529174804688,191.60070190429687,184.90734008789062,0.950871928291982,0.9852920321888686,0.011492745038120901,0.012013643784585804,24.387842239301122,-0.29184845924350855,55749505.0,1.0478030253362787,0
2024-01-04,179.87393188476562,181.04071720671112,178.85546161628733,180.11123597031312,71983600.0,-0.012700070478243175,-0.0074876572442516,-0.03578678246054856,-0.005424145230585764,185.48245544433593,191.03164291381836,185.08804656982423,0.9415923411490189,0.9718290036461561,0.010905055272574309,0.011035771301134976,8.86735743098923,0.23228992801444837,56017265.0,1.2850252506972628,0
2024-01-05,179.152099609375,180.7144169560074,178.15340966673114,179.95304619735901,62379700.0,-0.004012989919256693,-0.012700070478243175,-0.0074876572442516,-0.03578678246054856,183.03020629882812,190.48087539672852,185.2456268310547,0.9405253899439603,0.9671056892088631,0.01091557089923077,0.011020693061054725,7.864814688217962,-0.1334178896304158,57081765.0,1.0928130901348267,1
2024-01-08,183.48306274414065,183.52262348166371,179.46850790157933,180.0519005320401,59144500.0,0.024174783015152634,-0.004012989919256693,-0.012700070478243175,-0.0074876572442516,181.6518005371094,190.05024795532228,185.53604095458985,0.9654450058243257,0.9889348818704627,0.014728221804490474,0.01227194358015487,24.905995946427936,-0.05186302595235304,57665105.0,1.0256549433145055,0
2024-01-09,183.0677490234375,183.077631662927,180.68472025053543,181.8614031337526,42841800.0,-0.0022634989545726736,0.024174783015152634,-0.004012989919256693,-0.012700070478243175,181.55291442871095,189.5276611328125,185.90129760742187,0.9659157292884641,0.9847577794213781,0.01474353559243396,0.012061182987782491,26.290281189779506,-0.2756418601898739,57136875.0,0.7498099957339284,1
2024-01-10,184.10601806640625,184.31365913260458,181.8614214601624,182.28661640904596,46792900.0,0.005671501662675826,-0.0022634989545726736,0.024174783015152634,-0.004012989919256693,181.936572265625,189.18207321166992,186.26105194091798,0.9731684135865017,0.9884300348781703,0.015082804573636331,0.011947823083812953,26.290281189779506,0.09222535000863652,56429335.0,0.8292300449757205,0
2024-01-11,183.51275634765625,184.9564217479187,181.56480461990643,184.45212033242825,49128400.0,-0.003222391777198741,0.005671501662675826,-0.0022634989545726736,0.024174783015152634,182.66433715820312,188.7311767578125,186.5680581665039,0.9723499821290642,0.9836236607226682,0.015018101347259848,0.011729846893932116,28.166441077460817,0.04991141818523759,56250910.0,0.8733796484359098,1
2024-01-12,183.8390655517578,184.64989484239166,183.11724039185432,183.97749798089004,40477800.0,0.0017781281835438367,-0.003222391777198741,0.005671501662675826,-0.0022634989545726736,183.6017303466797,188.13591537475585,186.87211059570313,0.9771609274367472,0.9837694076752453,0.014998493480118814,0.010901812944223547,29.475272039384336,-0.17608145186898005,54754590.0,0.7392585717471357,0
2024-01-16,181.5746917724609,182.1976301200088,178.90489995610474,180.12114381484557,65603000.0,-0.012317152355517114,0.0017781281835438367,-0.003222391777198741,0.005671501662675826,183.22005615234374,187.42002029418944,187.06767486572267,0.9688116108804532,0.9706363854834641,0.015231512700797095,0.01105085353374487,27.89361815695871,0.620715552722727,54693160.0,1.1994735721980592,0
2024-01-17,180.63528442382807,180.88248621338644,178.28193364707266,179.241077797599,47317400.0,-0.005173668970398393,-0.012317152355517114,0.0017781281835438367,-0.003222391777198741,182.73356323242186,186.68385009765626,187.17335021972656,0.9675999521615601,0.9650694621417882,0.010661485146697135,0.011052707641185208,27.40743828770914,-0.2787311555873969,50632110.0,0.9345334413280426,1
2024-01-18,186.51873779296875,187.0230241166397,183.7500741577492,184.00715864056133,78005800.0,0.03257089769535959,-0.005173668970398393,-0.012317152355517114,0.0017781281835438367,183.21610717773436,186.3249137878418,187.4148648071289,1.001040247389287,0.9952184848566714,0.014877056343336454,0.01365303318804313,42.15288564733978,0.6485647985730407,51744805.0,1.5075097876975283,1
2024-01-19,189.4159240722656,189.80155831594578,186.70660172518024,187.21088801676132,68903000.0,0.015532950273943191,0.03257089769535959,-0.005173668970398393,-0.012317152355517114,184.39674072265623,186.05892333984374,187.66336791992188,1.0180426752566452,1.009338829265238,0.014352075280884148,0.014115405471689836,46.77312560856857,-0.11669388686482285,53154250.0,1.2962839283782577,1
2024-01-22,191.7198486328125,193.14373357255337,190.10808789018887,190.14764863184953,60133900.0,0.012163309773617126,0.015532950273943191,0.03257089769535959,-0.005173668970398393,185.97289733886717,186.0124496459961,187.906796875,1.0306828870738398,1.0202922503135905,0.014098425390870167,0.014237887726068115,52.087130412376936,-0.12726731782360712,53548805.0,1.1229737059491804,1
2024-01-23,192.99539184570312,193.55901922053994,191.660511110776,192.83719415255706,42355600.0,0.0066531620068905895,0.012163309773617126,0.015532950273943191,0.03257089769535959,188.2570373535156,186.03716964721679,188.15460357666015,1.0374023224051476,1.0257277163408371,0.012734616443904292,0.014317285797940013,67.67970258096793,-0.29564521842089075,53342460.0,0.7940316213387983,0
2024-01-24,192.3230133056641,194.18197579456825,192.16480052192722,193.23271418014866,53631300.0,-0.003483909815715114,0.0066531620068905895,0.012163309773617126,0.015532950273943191,190.5945831298828,186.08166427612304,188.3984439086914,1.0335409136296183,1.020831219810259,0.012819011647792321,0.014280883951783263,69.50892993507831,0.2662150931635958,54166545.0,0.9901185316508557,0
2024-01-25,191.99673461914065,194.07323623297103,190.94860116972282,193.03498542605584,54822100.0,-0.0016965140100257958,-0.003483909815715114,0.0066531620068905895,0.012163309773617126,191.6901824951172,186.13703842163085,188.55210479736328,1.0314805492082486,1.0182688484198006,0.012987865424128915,0.014269802165267575,75.26795198809235,0.02220345208861252,55461685.0,0.9884679846997075,0
2024-01-26,190.26629638671875,192.58010181757646,189.7916731135176,192.09559590318426,44594000.0,-0.009012852410508643,-0.0016965140100257958,-0.003483909815715114,0.0066531620068905895,191.86025695800782,186.10094757080077,188.70279846191406,1.0223822010058992,1.0082855047065995,0.013479319573407329,0.01442347758828183,72.2309716092563,-0.18656892019824123,55287000.0,0.8065910611897914,0
2024-01-29,189.58404541015625,190.04878611194624,187.45811545873704,189.86091028509443,47145600.0,-0.0035857689434171114,-0.009012852410508643,-0.0016965140100257958,-0.003483909815715114,191.43309631347657,186.00948257446288,188.78763885498046,1.0192171000436088,1.0042185312555743,0.013669737861505315,0.014432887415249921,64.289094038402,0.05721845988249541,55941785.0,0.8427618103355122,0
2024-01-30,185.9353179931641,189.65324309628332,185.37170567810733,188.80286821503816,55859400.0,-0.019245962438971587,-0.0035857689434171114,-0.009012852410508643,-0.0016965140100257958,190.02108154296874,185.78749389648436,188.78823211669922,1.0007956622568044,0.9848882841290044,0.014679954518069782,0.015006584898103258,55.832706908099574,0.18482742822235787,56601150.0,0.986895142589859,0
2024-01-31,182.3360595703125,185.00585134318092,182.28663127585358,184.94651023142666,55467800.0,-0.019357583388132427,-0.019245962438971587,-0.0035857689434171114,-0.009012852410508643,188.02369079589843,185.7261878967285,188.68322082519532,0.9817466326918795,0.9663607541405967,0.01611579748513616,0.013366320789060672,46.73954228341102,-0.007010458400913744,55250105.0,1.0039401735073625,1
2024-02-01,184.76856994628903,184.8575590001162,181.7626017867558,181.93069725109765,64885400.0,0.013340808075533284,-0.019357583388132427,-0.019245962438971587,-0.0035857689434171114,186.57805786132812,185.85522994995117,188.62725524902345,0.9941531911479986,0.9795433311180815,0.012728501699418443,0.01358245593136695,52.166537588575515,0.16978499237395384,55573650.0,1.167556926708971,0
2024-02-02,183.76983642578125,185.2332669548565,177.24370243482153,177.84687547061628,102551700.0,-0.005405321482967129,0.013340808075533284,-0.019357583388132427,-0.019245962438971587,185.2787658691406,186.05002517700194,188.51650909423827,0.9877442169166524,0.9748209178534906,0.011381447039733069,0.013296039773660378,49.88327368808321,0.5805050134544905,57102055.0,1.7959371164487863,1
2024-02-05,185.5793609619141,187.13179578344227,183.75995901240586,186.04410163536497,69668800.0,0.009846689594587898,-0.005405321482967129,0.013340808075533284,-0.019357583388132427,184.4778289794922,186.37138824462892,188.4579721069336,0.9957502742766758,0.9847254477333219,0.011058340063231916,0.013373443099739197,56.85740055789384,-0.3206470492444299,57466510.0,1.2123374118247305,1
2024-02-06,187.18121337890625,187.19109601961685,184.67953227102765,184.76852130142626,43490800.0,0.008631630202244889,0.009846689594587898,-0.005405321482967129,0.013340808075533284,184.7270080566406,186.5562957763672,188.41822174072266,1.0033497534882885,0.9934347731849491,0.011269784237946842,0.012425769841982473,60.960276744471344,-0.37574925935282366,56683825.0,0.7672523863730085,1
2024-02-07,187.2899932861328,188.91163664571195,186.49894443287428,188.50622203381667,53439000.0,0.0005811475695820523,0.008631630202244889,0.009846689594587898,-0.005405321482967129,185.7177947998047,186.76740798950195,188.4071466064453,1.0027980540194692,0.9940705363865732,0.011323451243205846,0.012401847425807291,51.60095300175917,0.22874263062532774,57213685.0,0.934024787950645,0
2024-02-08,186.2122344970703,187.41856575868692,185.25309002092848,187.27025066980107,40962000.0,-0.005754492112218457,0.0005811475695820523,0.008631630202244889,0.009846689594587898,186.00652770996095,186.87271881103516,188.37807678222657,0.9964655926334933,0.9885026839526552,0.011360510952888701,0.012448760266912101,42.80650397813284,-0.23348116544097008,56922140.0,0.7196145471691683,1
2024-02-09,186.9745483398437,188.10322646586073,186.13298359451971,186.77652244170517,45155200.0,0.0040937903185163105,-0.005754492112218457,0.0005811475695820523,0.008631630202244889,186.64747009277343,187.04580841064453,188.35218963623046,0.9996190234285048,0.9926858227714398,0.011345285646988088,0.012436710823173304,38.552493444116884,0.10236804843513503,56723480.0,0.7960583518500628,0
2024-02-12,185.2914276123047,186.79633688725167,184.93500212895557,186.54881961012742,41781900.0,-0.00900187080264947,0.0040937903185163105,-0.005754492112218457,0.0005811475695820523,186.58988342285156,187.11842651367186,188.3130096435547,0.9902361358236749,0.9839544700763406,0.011573073795189417,0.012633616341159793,31.77346676938369,-0.07470457444546807,56788685.0,0.7357433967699728,0
2024-02-13,183.202377319336,184.36077144619387,181.68757282391297,183.92513863049606,56529500.0,-0.01127440335415697,-0.00900187080264947,0.0040937903185163105,-0.005754492112218457,185.7941162109375,187.19981079101564,188.22057830810547,0.9786461671366631,0.9733387229288235,0.010494877267129414,0.012580110687792547,29.777396750471496,0.352966236576125,56335010.0,1.003452382452759,0
2024-02-14,182.3212127685547,183.6875129162611,180.62820312290157,183.4796068721132,54630500.0,-0.004809787753165318,-0.01127440335415697,-0.00900187080264947,0.0040937903185163105,184.80036010742188,187.28410720825195,188.08501220703124,0.9735007176333508,0.9693553496323665,0.008564408099364245,0.012571701434453937,29.062282688158433,-0.03359307971943848,56700665.0,0.9634895816477638,0
2024-02-15,182.0341033935547,182.65785175424014,179.54903541760635,181.727184392981,65434500.0,-0.0015747447630488631,-0.004809787753165318,-0.01127440335415697,-0.00900187080264947,183.96473388671876,187.05987548828125,187.97949890136718,0.9731328159948368,0.9683721068384588,0.007173542772019947,0.010060488831370703,30.998675026467623,0.1977649847612597,56072100.0,1.1669707394586613,0
2024-02-16,180.49948120117188,183.0142649801448,179.86583763061847,181.59845842120637,49752500.0,-0.008430410366924379,-0.0015747447630488631,-0.004809787753165318,-0.01127440335415697,182.6697204589844,186.61405334472656,187.7643862915039,0.9672341282236692,0.9613083970085079,0.00741771625802717,0.009370066194519478,29.825104777189054,-0.2396595068350793,55114575.0,0.9027103992002116,0
2024-02-20,179.7569122314453,180.61826736487214,178.21240712023044,179.984623854957,53665600.0,-0.0041139673354460005,-0.008430410366924379,-0.0015747447630488631,-0.004809787753165318,181.5628173828125,186.0159065246582,187.55617553710937,0.9663523705571749,0.9584163876058513,0.006202870468111122,0.008726447124843538,34.24548696008087,0.0786513240540676,54791160.0,0.9794572701143761,1
2024-02-21,180.5093994140625,181.0737309260645,178.86588113831095,180.13316833455778,41371400.0,0.0041861376749079415,-0.0041139673354460005,-0.008430410366924379,-0.0015747447630488631,181.02422180175782,185.39160690307617,187.32445129394532,0.9736654341015226,0.9636189945690069,0.005366357706758695,0.008596606486708146,44.55105563283344,-0.22908902537193288,54741950.0,0.7557531289988756,1
2024-02-22,182.5390167236328,183.12316891523534,180.6479964148563,181.65785591778803,52292200.0,0.011243831712689278,0.0041861376749079415,-0.0041139673354460005,-0.008430410366924379,181.06778259277343,184.90240707397462,187.1048419189453,0.9872181742372004,0.9755975037926039,0.007077966492632838,0.009190596916310344,43.185422037825425,0.26396979555925104,54674995.0,0.956418926055686,0
2024-02-23,180.70741271972656,183.20237592421455,180.42028422645075,183.17267506039363,45119700.0,-0.010034041142444217,0.011243831712689278,0.0041861376749079415,-0.0041139673354460005,180.8024444580078,184.33794097900392,186.8986346435547,0.980305040622696,0.9668739050146847,0.007415029666734213,0.009336960787836818,41.09324228010578,-0.137161947670972,54189875.0,0.8326223302784884,0
2024-02-26,179.3609161376953,180.9450175834942,178.85597124394113,180.43019254491847,40867400.0,-0.007451252617509563,-0.010034041142444217,0.011243831712689278,0.0041861376749079415,180.5747314453125,183.79267196655275,186.6352392578125,0.975887200607955,0.9610238497882566,0.007084129081995479,0.009290302843145914,31.41367226052175,-0.09424486421673905,54003545.0,0.7567540242034111,1
2024-02-27,180.81629943847656,182.09348175278842,177.77678047240937,179.3014951345761,54318900.0,0.008114272228984198,-0.007451252617509563,-0.010034041142444217,0.011243831712689278,180.78660888671874,183.35428466796876,186.3366793823242,0.9861580260636497,0.9703741637870397,0.007806120235222752,0.009608163732520141,30.807850758656855,0.32914988474921336,54362210.0,0.9992033068559942,0
2024-02-28,179.61831665039062,181.30143093346823,178.34113428414614,180.69748823755316,48953900.0,-0.006625413703334582,0.008114272228984198,-0.007451252617509563,-0.010034041142444217,180.60839233398437,183.03843460083007,186.01119384765624,0.9813147552430831,0.965631760836386,0.00734462482726522,0.008820202486037817,28.29337581652773,-0.09876856858294258,54016935.0,0.9062694875227556,0
2024-02-29,178.95498657226562,180.75691955299587,177.74710108364005,179.4698267249393,136682600.0,-0.003692997966438516,-0.006625413703334582,0.008114272228984198,-0.007451252617509563,179.89158630371094,182.86938095092773,185.6831198120117,0.9785945883432912,0.9637655095058842,0.007304682865288809,0.007805919281971007,28.972850138600776,1.7920676391462171,58077675.0,2.3534447616919927,0
2024-03-01,177.87582397460938,178.7371792855814,175.61846756104012,177.76691576574171,73563100.0,-0.00603035779179284,-0.003692997966438516,-0.006625413703334582,0.008114272228984198,179.3252685546875,182.52474365234374,185.36668701171874,0.974529920794798,0.9595889468713664,0.007421800451294801,0.007116402113100389,24.112667251304657,-0.461796161325582,58511560.0,1.2572404495795362,0
2024-03-04,173.36111450195312,175.14322688917085,172.06411122315788,174.40067502541135,81510100.0,-0.025381242778111823,-0.00603035779179284,-0.003692997966438516,-0.006625413703334582,178.12530822753905,182.00430755615236,184.9391946411133,0.9525110522368675,0.9373952062372274,0.010342678324800491,0.00883279085013416,20.76661524391656,0.10802970511030674,57459480.0,1.418566614247118,0
2024-03-05,168.43052673339844,170.3314573247722,167.9354922531265,169.06417026385637,95132400.0,-0.028441140233320006,-0.025381242778111823,-0.00603035779179284,-0.003692997966438516,175.64815368652344,181.14686584472656,184.45481872558594,0.929800943273133,0.9131261947890508,0.012918376582364204,0.010002421145006962,18.228242262573602,0.16712407419448638,58732660.0,1.6197529619806084,0
2024-03-06,167.44046020507812,169.53941670485264,167.00482743895031,169.36119643359416,68587700.0,-0.005878189349175722,-0.028441140233320006,-0.025381242778111823,-0.00603035779179284,173.21258239746095,180.15982818603516,183.95360809326172,0.9293995331310881,0.9102319978425665,0.01238193637953589,0.009490958945155633,18.143248482171856,-0.2790290164024034,59987505.0,1.1433664393943372,0
2024-03-07,167.32168579101562,169.03450118476172,166.81675596481475,167.47019012011697,71765100.0,-0.0007093531271774589,-0.005878189349175722,-0.028441140233320006,-0.025381242778111823,170.88592224121095,179.1614128112793,183.47137939453125,0.9339158648367263,0.9119770415592297,0.010864179395100383,0.009451646747335419,18.274964151962763,0.04632609053809933,60903810.0,1.17833514849071,1
2024-03-08,169.03451538085938,171.97502220207014,167.26229810663585,167.32169984326515,76267000.0,0.010236745952841186,-0.0007093531271774589,-0.005878189349175722,-0.028441140233320006,169.11766052246094,178.30252685546876,183.03428466796876,0.9480208629790088,0.9235128581920841,0.012357973042798434,0.010090738229004456,25.466143534070653,0.06273104893604264,62669060.0,1.2169801174614714,1
2024-03-11,171.03443908691406,172.6482565736913,170.34139373001014,171.2225546353428,60139500.0,0.01183145171001665,0.010236745952841186,-0.0007093531271774589,-0.005878189349175722,168.65232543945314,177.50552139282226,182.6352111816406,0.963544332282557,0.9364811855300512,0.013645279800269718,0.010585043452901746,32.28792395069685,-0.21146105130659398,63418275.0,0.9482992087060078,1
2024-03-12,171.50965881347656,172.3017170819102,169.31170429451927,171.43045147590772,59825400.0,0.0027785031429898854,0.01183145171001665,0.010236745952841186,-0.0007093531271774589,169.26815185546874,176.81643295288086,182.23713745117186,0.9699870987623731,0.9411345086532124,0.01318699095415057,0.010642620995414102,31.51676664458398,-0.005222856857805547,64320450.0,0.9301147613239646,0
2024-03-13,169.4305419921875,171.4700820663792,169.06420612614593,171.05425482761498,52488700.0,-0.012122447421752391,0.0027785031429898854,0.01183145171001665,0.010236745952841186,169.66616821289062,176.12784118652343,181.81824645996093,0.9619747840590215,0.931867649650326,0.013366766683611208,0.010675594248156726,23.133072256488305,-0.12263520177048548,64118410.0,0.8186213600742751,1
2024-03-14,171.28196716308594,172.57895536432744,170.34140446890183,171.19286456313577,72913500.0,0.01092734018984487,-0.012122447421752391,0.0027785031429898854,0.01183145171001665,170.45822448730468,175.57587890625,181.57264221191406,0.9755438402478006,0.9433247491281322,0.014377045922596025,0.01116930292427932,30.697435474375368,0.3891275645996186,65032560.0,1.1211845266432692,0
2024-03-15,170.9057159423828,170.9057159423828,168.59885322457814,169.47011882986195,121752700.0,-0.002196677367354627,0.01092734018984487,-0.012122447421752391,0.0027785031429898854,170.83246459960938,175.01945953369142,181.347001953125,0.9764955074008973,0.9424237186262331,0.014376265715739129,0.011165820182301046,31.967827678401747,0.6698238323492907,67848470.0,1.7944796691804545,1
2024-03-18,171.99478149414062,175.94516209588443,171.79677072295308,173.82641511894556,75604200.0,0.006372317893246882,-0.002196677367354627,0.01092734018984487,-0.012122447421752391,171.0245330810547,174.59422454833984,181.1894189453125,0.9851115175148334,0.9492540044297673,0.012485793181491343,0.01128314703002352,30.8879719187633,-0.3790347154518955,69141055.0,1.0934776740100365,1
2024-03-19,174.3313751220703,174.8561105550952,171.31166123855039,172.6086493883763,55215200.0,0.013585258852805815,0.006372317893246882,-0.002196677367354627,0.01092734018984487,171.58887634277343,174.32294769287108,181.09300445556642,1.0000483437740744,0.9626621174361533,0.008580497598272178,0.01181883547097827,39.08426055501614,-0.26968078492993774,69218535.0,0.7976938546879099,1
2024-03-20,176.8956298828125,176.8956298828125,173.3511809805003,173.97492929704185,53423100.0,0.014709083542458368,0.013585258852805815,0.006372317893246882,-0.002196677367354627,173.08189392089844,174.1422592163086,180.96125579833983,1.0158110425286482,0.9775331691991682,0.008554756621317635,0.012307738591383378,46.057588270622574,-0.03245664237383905,69821120.0,0.765142409631928,0
2024-03-21,169.66812133789062,175.72735394947048,169.14338597139206,175.29172116809335,106181300.0,-0.040857473696268576,0.014709083542458368,0.013585258852805815,0.006372317893246882,172.75912475585938,173.49871444702148,180.6932632446289,0.9779214899583561,0.9389842116481563,0.0170334210339045,0.01484577870859226,37.281318600249875,0.9875540730507963,72515575.0,1.4642550927852396,1
2024-03-22,170.569091796875,171.33144918231721,168.37113733503185,170.05425166968308,71160100.0,0.0053101929335923614,-0.040857473696268576,0.014709083542458368,0.013585258852805815,172.69179992675782,172.9917984008789,180.42252471923828,0.9859952516454583,0.9453869025627674,0.01682345208410007,0.014889112079190294,45.127800120994195,-0.32982455479448824,73817595.0,0.9639991657815458,0
2024-03-25,169.15330505371094,170.2324767040703,167.76719930445816,168.87608692531137,54288300.0,-0.008300371000685591,0.0053101929335923614,-0.040857473696268576,0.014709083542458368,172.12350463867188,172.48141784667968,180.13533569335937,0.9807045139440637,0.9390345564495857,0.016590705178021487,0.014904347709550592,51.43763316195528,-0.23709635034239696,74488640.0,0.7288131451990532,0
2024-03-26,168.02462768554688,169.71763732680742,167.8959138727621,168.31174106723407,57388400.0,-0.006672511470028231,-0.008300371000685591,0.0053101929335923614,-0.040857473696268576,170.86215515136718,171.8418342590332,179.81904693603516,0.9777865117074327,0.9344095108307199,0.016622008446960983,0.014698812596375021,51.15555920444983,0.05710438529112172,74642115.0,0.7688474529426182,1
2024-03-27,171.58883666992188,171.87596510768358,168.42061924778187,168.71764293581896,60273300.0,0.021212420068832394,-0.006672511470028231,-0.008300371000685591,0.0053101929335923614,169.80079650878906,171.44036026000975,179.61932983398438,1.0008660528342739,0.9552915982289613,0.017659809989980624,0.015678440795922392,57.42840992523033,0.05026974092325287,75208085.0,0.8014204855767834,0
2024-03-28,169.7770538330078,170.51960569647457,168.81668554767697,170.04437673388762,65672700.0,-0.010558861940414666,0.021212420068832394,-0.006672511470028231,-0.008300371000685591,169.8225830078125,170.98146362304686,179.40216522216798,0.9929559043154856,0.9463489675431697,0.017680131429016976,0.015788417462516538,51.288199538436864,0.08958195419862536,71657590.0,0.9164793289866433,0
2024-04-01,168.34146118164062,169.54934678777494,167.79692011211174,169.48994505423667,46240500.0,-0.008455751934411726,-0.010558861940414666,0.021212420068832394,-0.006672511470028231,169.37705688476564,170.50474548339844,179.0386196899414,0.9873124686610647,0.9402522286709644,0.017847442929337765,0.015826155692621708,45.23475617164782,-0.2958946411522596,70291460.0,0.6578395156395955,0
2024-04-02,167.1632537841797,167.65828830624176,166.55931106297376,167.40087579338118,49329500.0,-0.006998913928813133,-0.008455751934411726,-0.010558861940414666,0.021212420068832394,168.9790466308594,170.19485244750976,178.5935662841797,0.9821874832303459,0.9359981843813343,0.01770361435620985,0.014944580810778298,42.49570311388566,0.06680291086817824,68682430.0,0.7182258985303811,1
2024-04-03,167.96522521972656,168.98499523543435,166.9058590852198,167.11376514661308,47691700.0,0.004797534251051783,-0.006998913928813133,-0.008455751934411726,-0.010558861940414666,168.9671661376953,170.17158737182618,178.11847381591798,0.9870344856848594,0.9429972176457979,0.017009785670016875,0.013603632271069463,47.35333237422602,-0.03320122847383411,66310395.0,0.7192190606012828,0
2024-04-04,167.1434783935547,170.2126836435028,167.1434783935547,168.59886612133832,53704400.0,-0.004892362839372777,0.004797534251051783,-0.006998913928813133,-0.008455751934411726,168.07809448242188,170.15673828125,177.601435546875,0.9822912691079284,0.9411155820834561,0.01575065388959659,0.013583171645964218,42.23624353497383,0.12607434836669684,65566230.0,0.8190862887800625,1
2024-04-05,167.89590454101562,168.69785802201392,167.27215623034843,167.90579979250484,42104800.0,0.004501678167120993,-0.004892362839372777,0.004797534251051783,-0.006998913928813133,167.70186462402344,170.18544921875,177.11289337158203,0.9865467659647478,0.9479598088252716,0.009891972167949526,0.013618784800315139,44.43221278126004,-0.2159897513052934,64083215.0,0.6570332028441457,0
2024-04-08,166.77713012695312,167.51968192191484,166.5692240844266,167.3513719945941,37425500.0,-0.0066635003225418155,0.004501678167120993,-0.004892362839372777,0.004797534251051783,167.38899841308594,170.07257995605468,176.60850128173828,0.9806232737225891,0.9443324014221633,0.009766401666067149,0.013490903879658903,40.35857319605303,-0.1111345974805723,62141140.0,0.6022660672140872,1
2024-04-09,167.98501586914062,168.39094781013864,166.67813256359855,167.02464767080627,42373800.0,0.007242514254010901,-0.0066635003225418155,0.004501678167120993,-0.004892362839372777,167.55335083007813,169.92010879516602,176.16287567138673,0.9886117485461471,0.9535778479371497,0.00992374864300256,0.013306383948105413,37.762418828541755,0.13221733844571215,61252855.0,0.6917848972100974,0
2024-04-10,166.11378479003906,167.4107728345435,165.45044033625643,167.12365945587084,49709300.0,-0.011139273758554946,0.007242514254010901,-0.0066635003225418155,0.004501678167120993,167.1830627441406,169.65031509399415,175.69347045898436,0.979154000969608,0.9454750045979559,0.010317714247765432,0.013471518438973049,28.638619713081127,0.17311404688746346,60747050.0,0.8182998186743224,1
2024-04-11,173.30166625976562,173.71750852250418,166.49000200344838,166.6682071669761,91070300.0,0.04327083076706573,-0.011139273758554946,0.007242514254010901,-0.0066635003225418155,168.41470031738282,169.84387130737304,175.4407974243164,1.0203586677916383,0.987807105325809,0.01626231355299584,0.016523398553209258,57.21023181454836,0.8320575827863197,62676130.0,1.4530300450905314,1
2024-04-12,174.7967071533203,176.58872985356905,172.47994902506244,172.52944039553972,101670900.0,0.008626811996797157,0.04327083076706573,-0.011139273758554946,0.007242514254010901,169.79486083984375,170.01960830688478,175.29001037597655,1.0280973406185767,0.997185788159872,0.01585938823662194,0.016460443213216165,58.19584405411498,0.1164001875474221,64114000.0,1.5857831362884862,0
2024-04-15,170.9750213623047,174.8758957155582,170.78690583147454,173.6185038309996,73531800.0,-0.02186360288620015,0.008626811996797157,0.04327083076706573,-0.011139273758554946,170.63443908691406,170.02307357788087,175.01413940429688,1.0055989329235822,0.9769211901636045,0.01742745503141375,0.017239570989064305,53.23032415800199,-0.2767665084109613,61702955.0,1.1917062967243628,0
2024-04-16,167.69789123535156,172.03438316124112,166.59891404642835,170.0443499195711,73711200.0,-0.01916730350925777,-0.02186360288620015,0.008626811996797157,0.04327083076706573,170.57701416015624,169.8082290649414,174.6927005004883,0.9875722287358479,0.9599593500753217,0.01849361486107694,0.017695164304539383,49.46164053688616,0.002439760756570708,61608305.0,1.1964490826358556,0
2024-04-17,166.3316192626953,168.95529649982927,166.3316192626953,167.92563121825307,50901200.0,-0.00814722214210073,-0.01916730350925777,-0.02186360288620015,0.008626811996797157,170.6205810546875,169.40824127197266,174.3077456665039,0.9818390062598074,0.9542411246654007,0.0186098268822589,0.0174098700007695,40.661349402580285,-0.3094509382563301,61392605.0,0.8291096297347214,0
2024-04-18,165.381103515625,166.96521980912772,164.8959794200199,166.36127717179573,43122900.0,-0.005714582418446357,-0.00814722214210073,-0.01916730350925777,-0.02186360288620015,169.03646850585938,168.83251495361327,173.87174346923828,0.97955718755397,0.9511672237006384,0.0186316067602683,0.016958855244543155,41.944784785478895,-0.152811721531123,60877595.0,0.7083541982892064,0
2024-04-19,163.36138916015625,164.74747975255278,162.45052746983075,164.559379327856,68149400.0,-0.012212485662111527,-0.005714582418446357,-0.00814722214210073,-0.01916730350925777,166.74940490722656,168.51717834472657,173.39317138671876,0.9694049637240935,0.9421443062242132,0.01884117674233533,0.014668101902771478,41.0656877559512,0.5803528983440354,58976000.0,1.155544628323386,1
2024-04-22,164.1930389404297,165.59893510418706,163.13367296874276,163.8762247169617,48116400.0,0.005090858889906347,-0.012212485662111527,-0.005714582418446357,-0.00814722214210073,165.39300842285155,168.1983757019043,172.95278747558595,0.976186828530537,0.9493517932667446,0.018924365272162694,0.014662593986898252,44.604303783994744,-0.29395710013587795,57823815.0,0.8321208138895713,1
2024-04-23,165.24252319335938,165.39104261951863,163.28219064755024,163.70792820716713,49537800.0,0.006391770684690545,0.005090858889906347,-0.012212485662111527,-0.005714582418446357,164.9019348144531,168.00283660888672,172.51814697265624,0.9835698404191031,0.9578269074473074,0.018883056428206584,0.014687917884975418,45.09801766894923,0.02954086340623996,57586290.0,0.860236004090557,1
2024-04-24,167.3414764404297,167.6186945681344,164.55938480415762,164.88609429896647,48251800.0,0.012702258513773712,0.006391770684690545,0.005090858889906347,-0.012212485662111527,165.10390625,167.96867904663085,172.15914794921875,0.9962659549996994,0.9720161747651649,0.01903338446419584,0.014935631186395182,50.34080427287035,-0.025959973999652775,57129460.0,0.8446045175291347,1
2024-04-25,168.2028350830078,168.9156860278579,166.4801094484109,167.84640961058278,50558300.0,0.005147311120353049,0.012702258513773712,0.006391770684690545,0.005090858889906347,165.66825256347656,167.79937896728515,171.8591571044922,1.0024043957624023,0.9787248926208727,0.012191375706435801,0.014139969092624827,50.52633066282339,0.04780132554640448,56643710.0,0.8925668887154461,0
2024-04-26,167.61868286132812,169.63841695172266,167.49986430971396,168.19292468782604,44838400.0,-0.0034729035416758425,0.005147311120353049,0.012702258513773712,0.006391770684690545,166.51971130371095,167.69146041870118,171.56510650634766,0.9995660031990219,0.9769975158388426,0.011499437310895613,0.013973059491724442,51.47006611459223,-0.11313473752084224,55601995.0,0.8064171078753559,1
2024-04-29,171.77699279785156,174.28186646983917,171.38097119165224,171.64827897757164,68169400.0,0.024808153038427205,-0.0034729035416758425,0.005147311120353049,0.012702258513773712,168.0365020751953,167.8632369995117,171.35996429443358,1.0233151455214178,1.002433640232916,0.012887286140157474,0.014929213385034674,56.00502224780385,0.5203352483585497,56698440.0,1.202315266522324,0
2024-04-30,168.6384735107422,173.2521991943247,168.31174889120035,171.60868084411632,65934800.0,-0.018270894349645572,0.024808153038427205,-0.0034729035416758425,0.005147311120353049,168.71569213867187,167.93699798583984,171.122744140625,1.0041770159840626,0.985482522254077,0.01273719941696155,0.015455163999252756,53.84384498797999,-0.03278010368288409,57528705.0,1.1461200108710947,0
2024-05-01,167.61868286132812,170.9948217396029,167.43056733625505,167.8959009696714,50383100.0,-0.006047200429320165,-0.018270894349645572,0.024808153038427205,-0.0034729035416758425,168.77113342285156,167.91967086791993,170.87997955322265,0.9982075476623072,0.9809146940418567,0.01259286066598633,0.015488568756028063,39.34676724557126,-0.23586482403829234,57663275.0,0.8737467651637892,1
2024-05-02,171.31166076660156,171.69778712393833,169.19291342760516,170.79682058773386,94214900.0,0.02203201840172353,-0.006047200429320165,-0.018270894349645572,0.024808153038427205,169.3928985595703,168.12807998657226,170.69602478027343,1.0189354495708485,1.0036066216956172,0.013969209370904904,0.016194108933277423,43.96434993007614,0.8699702876559798,59688800.0,1.5784351503129566,1
2024-05-03,181.5588531494141,185.14289799826793,180.84600228009177,184.796367814728,163224100.0,0.05981608220337975,0.02203201840172353,-0.006047200429320165,-0.018270894349645572,172.18093261718752,168.81122741699218,170.67642150878908,1.0755140871106466,1.0637606035117428,0.02146112272537492,0.020821878955350585,64.9929533624998,0.732465883846398,65744765.0,2.482693488979693,0
2024-05-06,179.9054412841797,182.37070337959045,178.62824383792136,180.5390848280799,78569700.0,-0.009106754292360075,0.05981608220337975,0.02203201840172353,-0.006047200429320165,173.80662231445314,169.4676429748535,170.66038208007814,1.0615916886911267,1.0541722635998994,0.022334094829178718,0.020895522233512168,68.12699048554703,-0.5186390980253528,67801975.0,1.158811376807239,1
2024-05-07,180.58859252929688,183.06376520709566,179.51933122687228,181.6281680754234,77305800.0,0.0037972795055045694,-0.009106754292360075,0.05981608220337975,0.02203201840172353,176.19664611816407,170.09782180786132,170.68493560791015,1.061674926874053,1.0580230287231498,0.022387928143690016,0.02088157480898485,71.60855864002376,-0.016086353899785744,69548575.0,1.1115367928099174,1
2024-05-08,180.9252319335937,181.25195654794928,179.6480343404535,181.03414013837894,45057100.0,0.0018641233069149887,0.0037972795055045694,-0.009106754292360075,0.05981608220337975,178.85795593261716,170.83839416503906,170.6871142578125,1.0590431548941521,1.059981784332689,0.022458573504552708,0.020591478543233666,74.00614964642352,-0.417157574205299,69315965.0,0.6500248535817109,1
2024-05-09,182.737060546875,182.82616313989396,180.30148392023486,180.74701199258516,48983000.0,0.010014239550325987,0.0018641233069149887,0.0037972795055045694,-0.009106754292360075,181.14303588867188,171.31016387939454,170.74948913574218,1.0667029696820862,1.0702056063055214,0.022441247300689172,0.018533874514263107,80.11691911860967,0.08713166182466248,67211600.0,0.7287878878050813,0
2024-05-10,181.4779510498047,183.50042466657956,180.56585391849484,183.3120539854214,50759500.0,-0.006890279909845254,0.010014239550325987,0.0018641233069149887,0.0037972795055045694,181.12685546874997,171.64422607421875,170.79994842529297,1.0572913240398418,1.0625175986465958,0.02266942483300079,0.018602409567137285,76.5147663680904,0.036267684706939196,64666030.0,0.7849484497502012,1
2024-05-13,184.68020629882807,185.4931713127623,183.03445892506747,183.84742393900163,72044800.0,0.017645423207057087,-0.006890279909845254,0.010014239550325987,0.0018641233069149887,182.08180847167966,172.32948532104493,170.93603607177735,1.0716692268579233,1.0804053407514342,0.022194604505036082,0.01801922532223981,77.96978072405756,0.4193362818782691,64591680.0,1.1153882357603953,1
2024-05-14,185.8203582763672,186.68289706997302,184.69014911402812,185.8996730578337,52393600.0,0.006173655533469935,0.017645423207057087,-0.006890279909845254,0.010014239550325987,183.12816162109374,173.2356086730957,171.18522094726563,1.0726452817620167,1.0854929955291523,0.020308685644321863,0.017174553523182274,77.34464542315563,-0.27276361375144353,63525800.0,0.8247609632621706,1
2024-05-15,188.0906677246093,189.0126735344407,185.76084369802737,186.29621459797372,70400000.0,0.01221776488486559,0.006173655533469935,0.017645423207057087,-0.006890279909845254,184.56124877929685,174.3235610961914,171.57842376708984,1.0789744458055286,1.0962372983443076,0.01951805891309192,0.016938594477427755,78.2515282502493,0.3436755634275943,64500740.0,1.0914603460363401,1
2024-05-16,188.2096405029297,189.458829238671,188.03119361367854,188.83423487080034,52845200.0,0.0006325288742903279,0.01221776488486559,0.006173655533469935,0.017645423207057087,185.6557647705078,175.46498794555663,171.99380737304688,1.072633593211926,1.0942814940697916,0.01943921597062598,0.016760179012917497,79.64210229426897,-0.2493579545454545,64986855.0,0.8131675244170533,1
2024-05-17,188.2393798828125,189.1713095252472,187.55530322495105,187.8824709799172,41282900.0,0.00015801199026443946,0.0006325288742903279,0.01221776488486559,0.006173655533469935,187.00805053710934,176.70888748168946,172.41216125488282,1.0652513439784845,1.0917987368914874,0.008262991685186157,0.016249201870829216,76.89576584747114,-0.21879565220682295,63643530.0,0.6486582375301936,1
2024-05-20,189.3993225097656,190.27176982167657,187.38675756521698,187.7040166341828,44361300.0,0.006162061454278112,0.00015801199026443946,0.0006325288742903279,0.01221776488486559,187.95187377929685,177.96920166015624,172.81945739746095,1.064225274614851,1.0959374908473023,0.006950115773726505,0.01624352629001443,86.26289246422832,0.07456840483590055,63455775.0,0.6990900355405004,1
2024-05-21,190.69810485839844,191.07483113273048,189.2803778274553,189.44891605266244,42309400.0,0.006857375894604223,0.006162061454278112,0.00015801199026443946,0.0006325288742903279,188.9274230957031,179.2419807434082,173.21273071289062,1.0639142909907369,1.10094739615006,0.006949961279630424,0.0162425067241183,89.92362809569629,-0.04625428019467415,63094355.0,0.6705734609696858,0
2024-05-22,189.2605438232422,191.16406816634918,188.63596455316463,190.6187885434668,34648500.0,-0.00753841280291534,0.006857375894604223,0.006162061454278112,0.00015801199026443946,189.1613983154297,180.33793411254882,173.56774841308595,1.0494771649381587,1.090413083960782,0.008043955867024123,0.01651722803912159,83.67640592004904,-0.18106850959833987,62414190.0,0.5551381825190714,0
2024-05-23,185.27505493164065,189.35966699130785,185.0272019643745,189.33983451815809,51005900.0,-0.021058213249792512,-0.00753841280291534,0.006857375894604223,0.006162061454278112,188.57448120117186,181.19154510498046,173.884638671875,1.022536977783893,1.0655055923672458,0.01111205391243384,0.017616324955665834,59.11399178956743,0.4720954731085041,62436570.0,0.8169234793006727,1
2024-05-24,188.3484344482422,188.94328765804346,186.42509288132968,187.19840810516956,36327000.0,0.016588199192468123,-0.021058213249792512,-0.00753841280291534,0.006857375894604223,188.5962921142578,182.22803268432617,174.2259680175781,1.0335864996935922,1.0810583324136802,0.011625825559839245,0.01768012593384542,69.35817023098824,-0.28778827547401375,62011000.0,0.5858154198448662,1
2024-05-28,188.3583526611328,191.34249703943843,187.47599667367734,189.86528785982966,52280100.0,5.2658854954978906e-05,0.016588199192468123,-0.021058213249792512,-0.00753841280291534,188.38809814453126,183.05710067749024,174.57502075195313,1.0289595539535084,1.078953631795719,0.010579151666463414,0.017152219705123598,68.3820646723604,0.4391526963415642,61216535.0,0.8540192612992552,1
2024-05-29,188.6557464599609,190.5989202616182,187.88244645923604,187.9815936912238,53068000.0,0.00157887237081078,5.2658854954978906e-05,0.016588199192468123,-0.021058213249792512,187.97962646484376,184.05796432495117,174.90824005126953,1.024980077074483,1.078598391960617,0.010478223547850198,0.016303002869968653,68.32324150018346,0.015070743935072795,60573195.0,0.8760970921213583,1
2024-05-30,189.6471710205078,190.52952698465035,188.99285067972127,189.12172393667825,49889100.0,0.00525520467385987,0.00157887237081078,5.2658854954978906e-05,0.016588199192468123,188.05695190429688,185.15938873291014,175.2145559692383,1.024237400643352,1.0823710962335995,0.009907506609444358,0.01606681930089702,67.04144260765186,-0.05990238938720127,60548495.0,0.8239527671166723,1
2024-05-31,190.5989532470703,190.9162123421418,188.27905284340878,189.7959119633218,75158300.0,0.005018699838446716,0.00525520467385987,0.00157887237081078,5.2658854954978906e-05,189.12173156738282,186.1237533569336,175.48862243652343,1.0240442168687331,1.0861043331513556,0.009992607979063931,0.015635338021693538,72.84007507466205,0.5065074334874753,59595665.0,1.2611370306883898,1
2024-06-03,192.3636474609375,193.31540952983562,190.86662095571478,191.24334718637152,50080500.0,0.009258677363141787,0.005018699838446716,0.00525520467385987,0.00157887237081078,189.92477416992188,186.66399307250975,175.94253295898437,1.0305343001326115,1.0933322615389494,0.010286391235668652,0.00911057967011854,70.73295057775685,-0.3336664081013009,53938485.0,0.928474353701258,1
2024-06-04,192.6809234619141,193.64259428823095,191.3722523931234,192.96842627855952,47471400.0,0.0016493552974503611,0.009258677363141787,0.005018699838446716,0.00525520467385987,190.78928833007814,187.3027671813965,176.38476959228515,1.0287137043485803,1.0923898016098421,0.010192674303280441,0.008669168688831828,69.37283268874147,-0.05209812202354214,52383570.0,0.9062268951887014,1
2024-06-05,194.1878662109375,195.20901937445223,193.19645419760306,193.72190135445058,54156800.0,0.007820923431069549,0.0016493552974503611,0.009258677363141787,0.005018699838446716,191.89571228027344,187.98273086547852,176.8854608154297,1.0330090711890945,1.0978170015542539,0.010250540181337371,0.008723634528382028,67.9929502627893,0.14083005767683288,51226120.0,1.0572106573755733,0
2024-06-06,192.8097686767578,194.8124248113502,192.50243342955554,194.0093836485974,41181800.0,-0.0070967231942428155,0.007820923431069549,0.0016493552974503611,0.009258677363141787,192.52823181152343,188.57695770263672,177.3811636352539,1.0224460667182664,1.086979951677561,0.010206387382335676,0.0090456009429839,62.63603243821436,-0.23958210233987232,51032355.0,0.8069743205070588,1
2024-06-07,195.19911193847656,195.2486855650071,192.47272888451312,192.978343568532,53103900.0,0.01239223135900569,-0.0070967231942428155,0.007820923431069549,0.0016493552974503611,193.4482635498047,189.2000602722168,177.853369140625,1.0317074511373223,1.0975283340521744,0.006734608907692435,0.009154511804829,66.92374993785035,0.2894992448120286,51238400.0,1.0364082406944792,0
2024-06-10,191.4614715576172,195.60558138834554,190.49980075281104,195.20900753042525,97010200.0,-0.01914783496575234,0.01239223135900569,-0.0070967231942428155,0.007820923431069549,193.26782836914063,189.69923629760743,178.28705749511718,1.0092896275936774,1.0738943939487073,0.009112367354566421,0.010223615542147875,54.455863394626455,0.826799914883841,53550935.0,1.8115500691071034,1
2024-06-11,205.37095642089844,205.3808802210458,191.96707924808354,191.98689659289002,172373300.0,0.07264900217324088,-0.01914783496575234,0.01239223135900569,-0.0070967231942428155,195.8058349609375,190.73377380371093,179.02764739990235,1.0767414303470502,1.1471465966491299,0.02416265639335881,0.01849713885906339,70.5212254688554,0.7768574850891967,58567360.0,2.9431632226550763,1
2024-06-12,211.2401580810547,218.3089152196564,205.1231328450552,205.58909768640683,198134300.0,0.028578537892804956,0.07264900217324088,-0.01914783496575234,0.01239223135900569,199.21629333496094,192.0047637939453,179.90918548583986,1.1001818595904855,1.174148821310076,0.024750331189921756,0.019206149332591186,77.35002878438752,0.14944889956855256,65854395.0,3.0086723900508083,1
2024-06-13,212.40008544921875,214.88852380834695,209.782758705521,212.8957913864929,97862700.0,0.005491036262711857,0.028578537892804956,0.07264900217324088,-0.01914783496575234,203.1343566894531,193.2202346801758,180.79788269042967,1.0992641935291614,1.1747929914251252,0.024743685305108405,0.01916146736565614,86.30563075832163,-0.5060789575555571,67227530.0,1.4556938206713828,0
2024-06-14,210.6651306152344,213.32210737882852,209.4853479747781,212.01345147179217,70122700.0,-0.008168333973665676,0.005491036262711857,0.028578537892804956,0.07264900217324088,206.2275604248047,194.343009185791,181.66831573486328,1.0839861515874725,1.1596140458674735,0.025477555505695106,0.019397233076614444,80.97985114050914,-0.2834583554306186,68091405.0,1.0298318855368016,1
2024-06-17,214.8092193603516,217.06963733267014,210.8931452933454,211.5375569916551,93728300.0,0.019671450766506338,-0.008168333973665676,0.005491036262711857,0.028578537892804956,210.89710998535156,195.67150115966797,182.60658203125,1.0978053425627232,1.1763498170268072,0.025640594288068717,0.019587010337956623,82.9382105009543,0.3366327879559685,70713675.0,1.3254621542438574,0
2024-06-18,212.4496459960937,216.7523850703462,211.17073132176122,215.7213082393038,79943300.0,-0.010984506955912465,0.019671450766506338,-0.008168333973665676,0.005491036262711857,212.31284790039064,196.8240173339844,183.5200323486328,1.079388831067271,1.1576373613127058,0.026471336973615082,0.019987595245706452,78.18218621286677,-0.14707404273842584,72492775.0,1.1027761042393536,0
2024-06-20,207.8792419433593,212.4000929584359,207.05638337080816,212.0927425591543,86172500.0,-0.021512881470362233,-0.010984506955912465,0.019671450766506338,-0.008168333973665676,211.64066467285156,197.6830741882324,184.3179168701172,1.0515783548844357,1.1278298142325742,0.0283155341795617,0.020904978434470575,69.9068713415704,0.07792022596014925,74685930.0,1.153798312480008,0
2024-06-21,205.7080841064453,210.07029091430852,205.33134270047418,208.58317289420788,241805100.0,-0.01044432246633642,-0.021512881470362233,-0.010984506955912465,0.019671450766506338,210.30226440429686,198.50545120239258,185.1098028564453,1.0362843078637123,1.111276015273887,0.02852220333673479,0.02100310279945091,66.06917167310931,1.8060587774522032,85043760.0,2.84330208353911,1
2024-06-24,206.3524780273437,210.87331399723786,204.8157865138524,205.93608683303725,80727000.0,0.0031325648853204324,-0.01044432246633642,-0.021512881470362233,-0.010984506955912465,209.43973388671876,199.5593223571777,185.77081909179688,1.0340407834117986,1.1107905915265226,0.028472635496980706,0.020139891290766813,65.24087232054684,-0.6661484807392399,86529815.0,0.9329385484066965,1
2024-06-25,207.2745056152344,209.5646648210329,206.81844945769743,207.35380525957078,55549700.0,0.004468216697492311,0.0031325648853204324,-0.01044432246633642,-0.021512881470362233,207.93279113769526,200.50562591552733,186.42037506103514,1.033759051242576,1.1118661549059297,0.027108532144937046,0.01997316842766761,65.69295589488597,-0.31188202212394867,87490950.0,0.6349193830904797,1
2024-06-26,211.4185791015625,213.01475280094434,208.83099354238436,209.68360834691896,66213200.0,0.019993165459628592,0.004468216697492311,0.0031325648853204324,-0.01044432246633642,207.72657775878906,201.65863723754882,187.22924621582033,1.0483983329338713,1.1291963375094667,0.016094406423074643,0.020210382501191105,67.53427720515393,0.19196323292475026,88187605.0,0.750822068475496,1
2024-06-27,212.26129150390625,213.88720639689362,210.52632069800987,212.84622088780682,49772700.0,0.003985990284888441,0.019993165459628592,0.004468216697492311,0.0031325648853204324,208.60298767089844,202.8389144897461,188.1205142211914,1.0464525115304562,1.1283261285068051,0.013410637591096305,0.020189949678864484,70.01227322092457,-0.2482964121957555,88022840.0,0.5654521031132375,0
2024-06-28,208.81118774414065,214.2143951724623,208.49394377490637,213.91696855097956,82542700.0,-0.016254041117535145,0.003985990284888441,0.019993165459628592,0.004468216697492311,209.2236083984375,203.79711532592773,188.9701055908203,1.0246032551059128,1.1049958780056064,0.01425895291992023,0.020800970206964683,63.70534223218863,0.6583930548272448,89655520.0,0.9206650075756629,1
2024-07-01,214.88853454589844,215.64200216221636,210.10001313722785,210.26855134899324,60402900.0,0.029104507605236307,-0.016254041117535145,0.003985990284888441,0.019993165459628592,210.93081970214843,205.01159439086913,189.9602542114258,1.0481774710565794,1.1312289270087388,0.01696858883553895,0.021486520010382086,72.52626006650557,-0.2682223867162087,88917750.0,0.6793120608652378,1
2024-07-02,218.3782958984375,218.48735180877674,213.2526983679821,214.293668724795,58046200.0,0.0162398676128237,0.029104507605236307,-0.016254041117535145,0.003985990284888441,213.15157775878907,206.31232681274415,191.0605923461914,1.0584839949803135,1.1429792675548074,0.016604916844375314,0.02159475701232699,65.64144399440876,-0.03901633861950338,89316035.0,0.6498967402661795,1
2024-07-03,219.6473083496093,219.64730834960938,217.14894613859082,218.11061688690268,37369800.0,0.005811074062790578,0.0162398676128237,0.029104507605236307,-0.016254041117535145,214.79732360839844,207.6606460571289,192.169677734375,1.0577223586657956,1.1429862970016271,0.01600991744804105,0.02156479136378644,61.36730031182286,-0.35620591873369833,88810955.0,0.42077917076784055,1
2024-07-05,224.39614868164065,224.5052045874235,219.74642480522968,219.74642480522968,60412400.0,0.02162029832149215,0.005811074062790578,0.0162398676128237,0.029104507605236307,217.22429504394532,209.17106018066406,193.35275024414062,1.0727877388383769,1.1605531775384756,0.014250208652404039,0.02181888946537336,64.78496585165503,0.6166102039614876,89123735.0,0.6778486112593912,1
2024-07-08,225.8634796142578,225.89322076278884,221.3327197032473,225.13973799267995,59085900.0,0.006539020126851369,0.02162029832149215,0.005811074062790578,0.0162398676128237,220.63475341796874,210.82374572753906,194.5231903076172,1.0713379502618057,1.1611133832273641,0.012774416102991184,0.02155094225260476,68.85612544511774,-0.02195741271659457,90018940.0,0.6563718701864296,1
2024-07-09,226.7160797119141,227.42989753320916,224.4259205051531,225.97252074204383,48076100.0,0.0037748470851171056,0.006539020126851369,0.02162029832149215,0.005811074062790578,223.00026245117186,212.39959411621095,195.6934552001953,1.0674035449797994,1.1585266327889325,0.012740614904483442,0.0215479805154417,66.08629182945472,-0.18633548782366016,89767550.0,0.5355621268487332,1
2024-07-10,230.97915649414065,231.0783037422216,227.28119408246098,227.3307677065015,62627700.0,0.018803592527021573,0.0037748470851171056,0.006539020126851369,0.02162029832149215,225.5204345703125,214.3754783630371,196.96066467285155,1.0774513869678033,1.1727171863366386,0.012913325916963026,0.02071153170074185,73.8089916367083,0.3026784618552669,88048425.0,0.7112869991711948,0
2024-07-11,225.6156311035156,230.39422897123262,223.83108651749725,229.40281699319425,64710600.0,-0.02322081988710145,0.018803592527021573,0.0037748470851171056,0.006539020126851369,226.71409912109374,215.38771209716796,198.03743743896484,1.0474860840795481,1.1392574758651397,0.01633309437298715,0.01589049118654767,72.33466683575637,0.033258446342433245,82665290.0,0.7828025523166978,1
2024-07-12,228.56008911132807,230.64206011910093,226.71606240173486,226.9540066999144,53046500.0,0.013050771320279209,-0.02322081988710145,0.018803592527021573,0.0037748470851171056,227.54688720703126,216.25370864868165,199.23586975097658,1.0569071417990752,1.1471834333697222,0.01642071550714107,0.015024934337686435,78.22680446568945,-0.18025022175655925,75410900.0,0.7034327928721179,1
2024-07-15,232.386947631836,235.1926451763578,231.08820043911544,234.44908623752588,62631300.0,0.01674333666646377,0.013050771320279209,-0.02322081988710145,0.018803592527021573,228.85158081054686,217.2530517578125,200.5312350463867,1.069660222268796,1.1588566119292112,0.014282721724135172,0.01528987224920612,79.81383336566,0.1806867559593941,73649330.0,0.8503987748428941,1
2024-07-16,232.8033599853516,234.24090427881208,230.33473879844306,232.98180687397965,43234300.0,0.0017918921770740948,0.01674333666646377,0.013050771320279209,-0.02322081988710145,230.06903686523438,218.35996322631837,201.76106903076172,1.066144894630081,1.1538566934826113,0.012952934513006211,0.015011164434680455,79.57733307074723,-0.3097013793422777,72304910.0,0.5979441783414156,0
2024-07-17,226.91436767578125,229.47221227385296,224.69359950369105,227.47946461019197,57345900.0,-0.025295993622862167,0.0017918921770740948,0.01674333666646377,0.013050771320279209,229.2560791015625,218.96522064208983,202.66817932128907,1.0363032403519676,1.1196349048759884,0.016288363565239553,0.01604805920137285,67.2554928679543,0.32639825323874794,70485790.0,0.8135810068951487,0
2024-07-18,222.2547302246093,228.46097889584826,220.36114484151935,228.3023493485251,66034600.0,-0.020534783667069068,-0.025295993622862167,0.0017918921770740948,0.01674333666646377,228.58389892578126,219.45547485351562,203.51516510009765,1.0127554592700965,1.092079453220573,0.01799706631181536,0.016614022305994517,60.256422302820646,0.15151388329418491,69790355.0,0.9461851856176975,1
2024-07-19,222.3836212158203,224.85224251867803,221.36246807560826,222.88925101284036,49151500.0,0.0005799246255895341,-0.020534783667069068,-0.025295993622862167,0.0017918921770740948,227.34860534667968,220.18069381713866,204.35106567382812,1.0100050888226886,1.0882430217945356,0.016531213199611143,0.015647466923475985,64.94868612066523,-0.25567051212546155,67939305.0,0.7234619194294084,0
2024-07-22,222.03663635253903,225.82382229500527,221.17409763275575,225.06043082550624,48201800.0,-0.0015602986469247515,0.0005799246255895341,-0.020534783667069068,-0.025295993622862167,225.2785430908203,220.99712142944335,205.17329376220704,1.0047037487021186,1.0821907290228345,0.016330140823161348,0.0153542997865873,59.01027706056669,-0.019321892515996475,58259140.0,0.8273688901003344,1
2024-07-23,223.0775909423828,224.9910238167192,220.76759935066607,222.44308791792702,39960300.0,0.004688210949975735,-0.0015602986469247515,0.0005799246255895341,-0.020534783667069068,223.33338928222656,221.8333770751953,205.98010437011717,1.005608776657472,1.0830055243662944,0.01636597584334364,0.01535394165549802,56.31327408448469,-0.17097909206710127,56220805.0,0.7107742409593744,0
2024-07-24,216.6631622314453,222.86941075843336,215.26528287042115,222.07627816799848,61777600.0,-0.02875424951399197,0.004688210949975735,-0.0015602986469247515,0.0005799246255895341,221.28314819335938,222.30280990600585,206.68380859375,0.9746307854725493,1.0482831901811445,0.016718007055812004,0.017010297605102996,46.47788550304894,0.5459743795717249,56532200.0,1.0927860582110727,0
2024-07-25,215.6221923828125,218.95333716975932,212.77682977395946,217.04981289629316,51391200.0,-0.004804553934834699,-0.02875424951399197,0.004688210949975735,-0.0015602986469247515,219.956640625,222.51299057006835,207.30264831542968,0.9690319285647011,1.0401323578593356,0.015619200346511765,0.016554658921779944,38.650978051570696,-0.1681256636709746,55791100.0,0.9211361668796636,1
2024-07-26,216.08816528320312,217.60502442671483,214.15489978899527,216.82180047841348,41601300.0,0.0021610618797685,-0.004804553934834699,-0.02875424951399197,0.004688210949975735,218.69754943847656,222.7043342590332,207.9080044555664,0.970291691906927,1.0393450980834409,0.014613866273851236,0.0165430294090188,37.01947215944399,-0.19049759491897444,55382530.0,0.7511628667018282,1
2024-07-29,216.36575317382807,217.41664743865044,213.8971319294418,215.09674706599597,36311800.0,0.001284604782779919,0.0021610618797685,-0.004804553934834699,-0.02875424951399197,217.56337280273436,223.0820625305176,208.47350616455077,0.9698930999628411,1.0378573141233969,0.0126907593654767,0.016036004221354108,36.04277872405392,-0.12714746894928763,53070985.0,0.68421190976576,1
2024-07-30,216.9209442138672,218.43780333279796,214.26395224147618,217.3075942808937,41643800.0,0.002565983904084357,0.001284604782779919,0.0021610618797685,-0.004804553934834699,216.33204345703126,223.183683013916,209.04773223876953,0.9719390830213231,1.0376622692376545,0.012752855391087116,0.01470967823820465,28.936398058887406,0.14683931944987583,52133030.0,0.798798765389236,1
2024-07-31,220.1727600097656,221.89782218872546,218.7352157578384,219.53825698895486,50036300.0,0.014990787577857656,0.002565983904084357,0.001284604782779919,0.0021610618797685,217.03396301269532,223.2734062194824,209.6863998413086,0.9861127831468257,1.0500097296553002,0.012682483944689309,0.014642161298819636,41.29395684857958,0.20153059999327638,51732535.0,0.9672114463364303,0
2024-08-01,216.48472595214844,222.55216258005441,215.15623749650504,222.44310665442717,62501000.0,-0.0167506373515669,0.014990787577857656,0.002565983904084357,0.001284604782779919,217.2064697265625,223.1152770996094,210.22810791015624,0.9702819491625365,1.0297610919119629,0.012144140226477603,0.015075109917222974,31.13385536188636,0.24911314385755934,52989095.0,1.179506840039446,1
2024-08-02,217.97183227539065,223.66254232334134,215.84030263063204,217.2679231335739,105568600.0,0.006869336008356264,-0.0167506373515669,0.014990787577857656,0.002565983904084357,217.583203125,222.79406127929687,210.7735824584961,0.9783556663215497,1.0341515750357946,0.012482956418413984,0.0142692294196677,25.701841518976735,0.6890705748708021,55246905.0,1.9108509336405362,0
2024-08-05,207.47280883789065,211.66647767263768,194.31676638799527,197.38022606416695,119548600.0,-0.04816688160071658,0.006869336008356264,-0.0167506373515669,0.014990787577857656,215.8046142578125,221.87452774047853,211.13782775878906,0.935090706223685,0.9826415808109694,0.019214641606997908,0.017544121389089427,18.134136373810165,0.13242574022957587,58270040.0,2.0516306493010816,0
2024-08-06,205.45025634765625,208.1865625077704,199.3431713568102,203.53683889765693,69660500.0,-0.00974851837965296,-0.04816688160071658,0.006869336008356264,-0.0167506373515669,213.5104766845703,220.8112365722656,211.54133178710939,0.9304338834243061,0.9712062158822794,0.01881108177551633,0.017485585741602087,20.088322752294957,-0.4173039249309486,59349260.0,1.1737383077733403,1
2024-08-07,208.0180511474609,211.80523672133984,204.61750047992084,205.12311510057037,63516400.0,0.01249837720065683,-0.00974851837965296,-0.04816688160071658,0.006869336008356264,211.07953491210938,219.66318130493164,211.93472412109375,0.9469864267270844,0.9815194372235342,0.018278374706294575,0.017090658815414998,28.93191255868156,-0.08820063019932389,59393695.0,1.0694131759271754,1
2024-08-08,211.4781036376953,212.36045976406422,207.03658185433542,211.27982425167653,47161100.0,0.016633424220389603,0.01249837720065683,-0.00974851837965296,-0.04816688160071658,210.07821044921874,218.95630493164063,212.397119140625,0.9658461477221217,0.9956731263274752,0.019385464441522393,0.01718741396804691,35.309850053194225,-0.25749727629399655,58516220.0,0.8059491881054518,1
2024-08-09,214.38291931152344,214.91827509282652,210.1495861717322,210.2784745623819,42201600.0,0.01373577511743096,0.016633424220389603,0.01249837720065683,-0.00974851837965296,209.3604278564453,218.2474464416504,212.91166259765626,0.9822929102120782,1.006910174369581,0.019982374459844198,0.017221914839902614,40.354799928929296,-0.10516082110044078,57973975.0,0.7279404249924212,1
2024-08-12,215.9114532470703,217.8767166928247,213.99582080224636,214.46232494953352,38028100.0,0.00712992406510593,0.01373577511743096,0.016633424220389603,0.01249837720065683,211.04815673828125,217.4236717224121,213.4369482421875,0.9930448305680696,1.011593611252701,0.020128872022871724,0.01676847933516953,41.07887758435973,-0.09889435471640884,56743815.0,0.6701717182744938,1
2024-08-13,219.6236724853516,220.23905460642766,217.3804780396727,217.3804780396727,44155300.0,0.017193248354608226,0.00712992406510593,0.01373577511743096,0.016633424220389603,213.88283996582032,216.76468734741212,214.0174426269531,1.0131893491182784,1.0261952006789021,0.020856335154229938,0.017368846703086024,53.95138585663735,0.16112295907499985,56789865.0,0.7775207776951045,1
2024-08-14,220.0702667236328,221.37051708688293,218.06529253738043,218.9288294958838,41960600.0,0.0020334521922311666,0.017193248354608226,0.00712992406510593,0.01373577511743096,216.29328308105468,216.4224822998047,214.57157501220703,1.016854923689374,1.0256263753067616,0.02031633232712914,0.016559071500963092,56.03254785018222,-0.04970411253009266,56020600.0,0.7490208958847281,1
2024-08-15,223.0479888916016,223.67330627029455,221.10256546081067,222.92888658909135,46414000.0,0.013530779111147417,0.0020334521922311666,0.017193248354608226,0.00712992406510593,218.60726013183594,216.4621452331543,215.1789163208008,1.0304249209549023,1.0365699051995836,0.01976792183496023,0.016235874334719742,58.836963744965146,0.10613289609776788,55039570.0,0.843284204436917,1
2024-08-16,224.3680725097656,225.14226768918678,221.98592068094572,222.25391598005478,44340200.0,0.005918383863149579,0.013530779111147417,0.0020334521922311666,0.017193248354608226,220.6042907714844,216.56136779785157,215.78252044677734,1.036048464189611,1.0397879867433741,0.01975043289204643,0.01628443400279969,59.89858312325932,-0.04468048433662253,54799005.0,0.8091424287722012,0
2024-08-19,224.20925903320312,224.30852103873067,221.38045847347976,224.0405257400108,40687800.0,-0.0007078256491040991,0.005918383863149579,0.013530779111147417,0.0020334521922311666,222.26385192871095,216.66999893188478,216.41051025390624,1.034796049930699,1.0360368300511233,0.008653733564077892,0.01627967290153388,59.1046662922989,-0.08237220400449252,54423305.0,0.7476172202331336,1
2024-08-20,224.8246459960937,225.47973889834265,223.7725353535306,224.0901616619868,30299000.0,0.0027446991508921492,-0.0007078256491040991,0.005918383863149579,0.013530779111147417,223.30404663085938,216.75735168457032,217.0030209350586,1.0372180885622881,1.0360438533405294,0.0064587512248144765,0.016259868400556626,56.220973036859014,-0.2553296074007442,53940240.0,0.5617142229993786,0
2024-08-21,224.71548461914065,226.28373058529078,223.37553826276908,224.8346020684513,34765500.0,-0.000485540081557323,0.0027446991508921492,-0.0007078256491040991,0.005918383863149579,224.23309020996095,217.15996780395508,217.66810119628906,1.0347924016179928,1.032376739559539,0.006977441082809169,0.014738916601840138,62.17212761473145,0.14741410607610805,52589635.0,0.6610713308810757,0
2024-08-22,222.859375,226.64102413052154,222.2340576918725,226.09511339685906,43695300.0,-0.008259820734145107,-0.000485540081557323,0.0027446991508921492,-0.0007078256491040991,224.19536743164062,217.52182693481444,218.0178695678711,1.024537988395919,1.0222069202021153,0.00785083644343292,0.014841917556213764,57.14994915055987,0.25685809207403887,52204840.0,0.8369971060154576,1
2024-08-23,225.1521911621093,226.52192810531062,222.66087229355688,223.98097823318813,38677300.0,0.010288174603869882,-0.008259820734145107,-0.000485540081557323,0.0027446991508921492,224.35219116210936,217.97502822875975,218.2961102294922,1.0329265374647287,1.031407251945119,0.00750656443829241,0.014964269926407713,84.03460576778473,-0.11484072657700028,52058640.0,0.7429564045468725,1
2024-08-26,225.4896850585937,225.5889470777534,222.22417060374596,225.07281183958708,30602200.0,0.0014989589696747796,0.010288174603869882,-0.008259820734145107,-0.000485540081557323,224.60827636718744,218.43122482299805,218.55790222167968,1.0323143371160206,1.0317160018761675,0.007535062103068961,0.01496368301913113,91.25444804085188,-0.20878137822443654,51773160.0,0.5910823291450628,1
2024-08-27,226.33335876464844,227.147264886192,223.21672230373292,224.31846403822652,35934600.0,0.0037415179582849234,0.0014989589696747796,0.010288174603869882,-0.008259820734145107,224.91001892089838,218.9018455505371,218.87126678466797,1.0339490660547932,1.0340935203126589,0.006046169443872716,0.014967605329017529,90.58618264444956,0.17424891020906985,51487700.0,0.6979259124023796,0
2024-08-28,224.80479431152344,228.14971479709,224.0008084384826,226.22414704916858,38052200.0,-0.006753597708566095,0.0037415179582849234,0.0014989589696747796,0.010288174603869882,224.92788085937497,219.133447265625,219.0711782836914,1.0258807914385788,1.0261723886855036,0.006798813793663009,0.014780805302793298,82.29618574435476,0.05892927707557627,50888495.0,0.7477564427873137,1
2024-08-29,228.0802459716797,231.18696212304621,227.1770283167567,228.3879521456165,51906300.0,0.014570203763614176,-0.006753597708566095,0.0037415179582849234,0.0014989589696747796,225.9720550537109,219.71322326660157,219.38379028320313,1.0380815618681516,1.0396403748756928,0.006997164815342933,0.014440019336285491,82.60860720647965,0.3640814460136339,50358760.0,1.0307303039232896,0
2024-08-30,227.29611206054688,228.68568922028223,225.78741746908054,228.4772602189495,52990800.0,-0.003437973805193839,0.014570203763614176,-0.006753597708566095,0.0037415179582849234,226.40083923339844,220.17943725585937,219.77212768554688,1.03232215911433,1.0342353894201062,0.007078040457027705,0.014467787310700607,78.09885639437734,0.020893417562030114,47729870.0,1.1102230112925093,0
2024-09-03,221.11248779296875,227.2961293418145,219.52438650802387,226.84948058831634,50190600.0,-0.027205147556289666,-0.003437973805193839,0.014570203763614176,-0.006753597708566095,225.52539978027343,220.86142120361328,220.08021575927734,1.0011367607252877,1.004690435394795,0.011499964694367709,0.010961610971836214,53.27505405780977,-0.05284313503476079,44261970.0,1.1339441059672672,0
2024-09-04,219.206771850586,220.12984491677884,215.86183603349318,220.01074262314262,43840200.0,-0.008618762157690085,-0.027205147556289666,-0.003437973805193839,0.014570203763614176,224.10008239746094,221.54924697875975,220.3373016357422,0.9894268422929989,0.9948690948978527,0.011613479229363382,0.010893824451954897,48.215090011947865,-0.1265256840922404,42970955.0,1.0202286637567166,1
2024-09-05,220.7253875732422,223.80231295165626,219.87178579311316,219.9809679444758,36615400.0,0.00692777741232975,-0.008618762157690085,-0.027205147556289666,-0.003437973805193839,223.2842010498047,222.18461380004882,220.60631927490235,0.993432370487545,1.00053973203819,0.011984639005983877,0.010716093990794553,44.89081034633213,-0.16479851825493497,41625905.0,0.8796301245582528,0
2024-09-06,219.176986694336,223.56409767944487,218.13479623481732,222.28368749781316,48423000.0,-0.007015055657756619,0.00692777741232975,-0.008618762157690085,-0.027205147556289666,221.50354919433593,222.56955795288087,220.7614874267578,0.9847572539131201,0.9928225672381035,0.011915487962525267,0.010436416162493401,38.69436710614909,0.3224763350939768,41689000.0,1.1615294202307562,1
2024-09-09,219.2663116455078,219.62363365317324,215.0975649862482,219.17698492990527,67180000.0,0.00040754712672641524,-0.007015055657756619,0.00692777741232975,-0.008618762157690085,219.89758911132813,222.81372756958007,220.90158782958986,0.9840790064294199,0.9925972637854303,0.011208830028351888,0.010055519868253152,39.20210344002293,0.38735724758895573,42937920.0,1.5645844046474537,0
2024-09-10,218.47227478027344,219.83207646515766,215.1174187834135,217.29112653781655,51591000.0,-0.0036213354403393794,0.00040754712672641524,-0.007015055657756619,0.00692777741232975,219.36954650878906,222.94176864624023,221.0948095703125,0.9799521915830007,0.9881384153923114,0.011117948460769116,0.010007684848904816,36.23068186253201,-0.23204822863947605,43616065.0,1.182843981913545,1
2024-09-11,221.00331115722656,221.4301044903715,216.26879790334314,219.81224273641337,44587100.0,0.011585160540387607,-0.0036213354403393794,0.00040754712672641524,-0.007015055657756619,219.72885437011718,223.010750579834,221.21710510253905,0.990998463449013,0.9990335559937221,0.011903229588833397,0.009589213025637106,42.718086835439735,-0.13575817487546282,43637655.0,1.021757470698185,1
2024-09-12,221.11248779296875,221.8866830044339,218.1844402475294,220.84449248276735,37455600.0,0.0004940045249570701,0.011585160540387607,-0.0036213354403393794,0.00040754712672641524,219.8062744140625,223.06286163330077,221.2717889404297,0.9912563937087013,0.9992800657136467,0.011823398014466743,0.009581223830140073,46.32111365330724,-0.15994536536352444,43412405.0,0.8627856484799679,0
2024-09-13,220.8444976806641,222.37303270856336,220.25889118684435,221.9164638014437,36766600.0,-0.0012120080370837671,0.0004940045249570701,0.011585160540387607,-0.0036213354403393794,220.13977661132813,222.95268707275392,221.2957327270508,0.9905442297208022,0.9979609410410852,0.010393238551825177,0.009061125092693257,40.08231800070413,-0.01839511314729969,42930035.0,0.8564307017219995,0
2024-09-16,214.71047973632807,215.60377723416104,212.32832783334672,214.92882889414335,59357400.0,-0.027775280836770833,-0.0012120080370837671,0.0004940045249570701,0.011585160540387607,219.22861022949218,222.46980743408204,221.10201934814452,0.9651218842356707,0.9710923508041217,0.012988510860091649,0.010782181730831958,30.411248809023277,0.6144381041488742,43680895.0,1.358886991669928,1
2024-09-17,215.17697143554688,215.28615358843467,212.904016801209,214.14471619981742,45519300.0,0.002172654542953234,-0.027775280836770833,-0.0012120080370837671,0.0004940045249570701,218.56954956054688,222.01819305419923,220.8882891845703,0.9691862116138281,0.97414386353343,0.010676211577824212,0.010821509533949131,29.44400741555853,-0.2331318420281212,43922470.0,1.0363556512190686,1
2024-09-18,219.0479736328125,221.05294820219595,215.92140190435074,215.93133719300198,59894900.0,0.017989853521221955,0.002172654542953234,-0.027775280836770833,-0.0012120080370837671,218.17848205566406,221.72935943603517,220.73492706298828,0.9879069429053386,0.9923575600263098,0.012230360604309917,0.01167630809429689,40.23573232460475,0.3158132923836703,45402265.0,1.3192051101415314,1
2024-09-19,227.1670837402344,228.11002736409566,222.95864123060412,223.31596324984213,66781300.0,0.03706544266431733,0.017989853521221955,0.002172654542953234,-0.027775280836770833,219.3894012451172,221.85193939208983,220.65868560791014,1.0239580702458988,1.02949531813984,0.016936292120350065,0.014484616521167027,48.66973922932237,0.11497473073667375,47003055.0,1.4207863722900564,0
2024-09-20,226.5020751953125,231.3556905514529,225.92638886705737,228.2589097535001,318679900.0,-0.0029273983447458685,0.03706544266431733,0.017989853521221955,0.002172654542953234,220.5209167480469,222.03407440185546,220.6764144897461,1.020123041048963,1.0263991089353008,0.01671536004440861,0.014360679908977454,48.83924795366092,3.7719930579368777,60752285.0,5.245562368559471,0
2024-09-23,224.78494262695312,227.742765583781,224.12984974700805,225.64846451262724,54146000.0,-0.007581089784182704,-0.0029273983447458685,0.03706544266431733,0.017989853521221955,222.5358093261719,222.01571197509764,220.6009115600586,1.0124731291637867,1.0189665175783076,0.01706250762424102,0.014302173543111541,56.174878697569035,-0.8300928298270459,61525720.0,0.8800547153288089,1
2024-09-24,225.67823791503903,227.64351653597865,224.05044101841318,226.94871280288095,43556100.0,0.003973999671180728,-0.007581089784182704,-0.0029273983447458685,0.03706544266431733,224.6360626220703,222.02513961791993,220.46673736572265,1.0164535345114778,1.0236384890146546,0.016922331790043665,0.01432637444801563,61.26466004213537,-0.1955804676245706,62173415.0,0.7005582691573239,0
2024-09-25,224.6856842041016,225.59883710649478,222.35317851779175,223.2563961324406,42308700.0,-0.0043980922578414905,0.003973999671180728,-0.007581089784182704,-0.0029273983447458685,225.76360473632812,221.94275588989257,220.30438385009765,1.0123587197212682,1.0198874860201834,0.01681556347149453,0.01433426134262482,57.022156662637194,-0.028638927727689167,62492120.0,0.677024559256431,1
2024-09-26,225.82711791992188,226.79982188690562,223.73281698946673,225.6087536412769,36636700.0,0.005080135478428671,-0.0043980922578414905,0.003973999671180728,-0.007581089784182704,225.49561157226563,221.9938720703125,220.28263885498046,1.0172673498320497,1.0251698413173247,0.016839109605818806,0.014296643997656316,61.96427816494449,-0.13406226142613697,62421345.0,0.5869258344241061,1
2024-09-27,226.0951232910156,227.81226214161182,225.6087788258606,226.7601514881057,34026000.0,0.0011867723130964958,0.005080135478428671,-0.0043980922578414905,0.003973999671180728,225.41422119140626,221.8946159362793,220.35944671630858,1.0189301905186494,1.0260287301505668,0.016801533257929605,0.013902505690703566,62.20725878735071,-0.071259147248524,61527330.0,0.5530225348637752,1
2024-09-30,231.266342163086,231.26634216308594,227.94126208675945,228.32835965023514,54541900.0,0.022871872673760896,0.0011867723130964958,0.005080135478428671,-0.0043980922578414905,226.71050109863282,222.09312744140624,220.53710113525392,1.041303460522883,1.0486505035778624,0.014081857628523018,0.014809639563795208,69.77599196952345,0.6029477458414154,61604885.0,0.8853502445463538,0
2024-10-01,224.5269012451172,227.94129335648356,222.0752779583648,227.81227091446172,63285000.0,-0.029141468900892864,0.022871872673760896,0.0011867723130964958,0.005080135478428671,226.48023376464843,222.26384811401368,220.58690643310547,1.0101818318647242,1.0178614174146667,0.018268268292479514,0.015008519356308148,54.81945765083317,0.16030061292327558,62259605.0,1.0164696676119291,1
2024-10-02,225.09263610839844,225.67824256269316,221.360617941662,224.20925878310885,32880600.0,0.002519675193235038,-0.029141468900892864,0.022871872673760896,0.0011867723130964958,226.5616241455078,222.5581413269043,220.62720733642578,1.0113880119881633,1.0202397012856328,0.017634741174044618,0.014843511599849875,55.37677164072099,-0.48043612230386346,61711625.0,0.5328104712847863,0
2024-10-03,223.9908905029297,225.12240767637772,221.65838486968212,223.46483520314058,34044200.0,-0.004894631936951388,0.002519675193235038,-0.029141468900892864,0.022871872673760896,226.1943786621094,222.72141647338867,220.77376190185547,1.0056998291841086,1.0145720604358066,0.012967191163893773,0.014848458335100657,54.156815660116834,0.0353886486256334,61583065.0,0.5528175643742318,1
2024-10-04,225.1125030517578,226.30357145139808,222.46237094034984,226.20430944090455,37245100.0,0.005007402516726156,-0.004894631936951388,0.002519675193235038,-0.029141468900892864,225.99785461425782,223.01819229125977,220.96356811523438,1.0093907619776727,1.0187765565695415,0.013100735903556983,0.014756834433985228,65.84042624878302,0.09402188919111043,61024170.0,0.6103335776627523,0
2024-10-07,220.04049682617188,224.01073444452058,219.68317483471031,222.8295863298211,39505400.0,-0.022530984093850126,0.005007402516726156,-0.004894631936951388,0.002519675193235038,223.752685546875,223.05690155029296,221.04261474609376,0.9864769720050963,0.9954664039734012,0.01474378781288842,0.015702429868544168,56.4952140142206,0.060687177642159584,59640440.0,0.6623928327825884,1
2024-10-08,224.09014892578125,224.29857792676054,221.58889489724396,222.63108533790577,31855700.0,0.01840412177767692,-0.022530984093850126,0.005007402516726156,-0.004894631936951388,223.66533508300782,223.33779525756836,221.19710266113282,1.0033686804660413,1.0130790423104252,0.016045660757345606,0.01617858253962336,56.70182085156956,-0.19363681927027698,58653675.0,0.5431151585983316,1
2024-10-09,227.8321075439453,228.04055170887608,223.1571606453159,223.554178398676,33591100.0,0.016698452101093553,0.01840412177767692,-0.022530984093850126,0.005007402516726156,224.21322937011718,223.6792350769043,221.4153259277344,1.0185661957651688,1.0289807473323018,0.016855699296396704,0.016387155038334537,51.00031260486144,0.05447690680160844,58103875.0,0.5781215108286668,0
2024-10-10,227.33580017089844,227.7923841625437,225.47971892420364,226.0851807689644,28183500.0,-0.00217839082646043,0.016698452101093553,0.01840412177767692,-0.022530984093850126,224.88221130371093,223.9904006958008,221.55858673095702,1.0149354591299695,1.0260753307970718,0.01684164235270586,0.01640796058091149,51.26046581800515,-0.1609831175519706,57640270.0,0.4889550309184881,0
2024-10-11,225.85690307617188,227.7030642360917,225.64845893034402,227.59388209213523,31759200.0,-0.006505341849435076,-0.00217839082646043,0.016698452101093553,0.01840412177767692,225.03109130859374,224.24102096557618,221.7460302734375,1.0072060058576158,1.0185386534210565,0.01699667239705103,0.016496741318763147,51.632400780741705,0.1268721060194795,57389900.0,0.5533935413722624,1
2024-10-14,229.5790100097656,230.0058033150611,226.89910245149323,226.99834931201846,39882100.0,0.016479934342934044,-0.006505341849435076,-0.00217839082646043,0.016698452101093553,226.9387939453125,224.98444747924805,221.978173828125,1.020421689507855,1.0342413672955335,0.016140640019768313,0.015324727042025527,55.46898432262004,0.25576525857074484,56416135.0,0.7069271937895072,1
2024-10-15,232.1100311279297,235.72294688412148,230.64103225198252,231.87181141001133,64751400.0,0.011024619010494119,0.016479934342934044,-0.006505341849435076,-0.00217839082646043,228.5427703857422,225.8311004638672,222.47091827392578,1.027803657915873,1.043327518620368,0.012931450659019508,0.015413022529917253,59.978654757519784,0.6235704739720325,57377740.0,1.1285108127298147,0
2024-10-16,230.0554351806641,230.3929017691756,228.12986736523644,229.87678174389526,34082200.0,-0.008851818843336412,0.011024619010494119,0.016479934342934044,-0.006505341849435076,228.98743591308593,226.38147354125977,222.96302185058593,1.0162290737927135,1.0318098188265092,0.01350497554964557,0.015290371997076058,55.54689035690168,-0.47364535747489633,56087105.0,0.6076655231180144,1
2024-10-17,230.42266845703125,232.1100316250369,228.80480686495974,231.69314333147315,32993800.0,0.0015962816791472711,-0.008851818843336412,0.011024619010494119,0.016479934342934044,229.6048095703125,226.54425277709962,223.41111419677733,1.0171199032082605,1.0313840888599581,0.013276665308323108,0.012957176900291714,55.66232038339508,-0.031934558215138686,54397730.0,0.6065289856764243,1
2024-10-18,233.25148010253903,234.4226930307779,232.26884075534687,234.4226930307779,46431500.0,0.012276620457744913,0.0015962816791472711,-0.008851818843336412,0.011024619010494119,231.08372497558594,226.88172302246093,223.84658172607422,1.0280752323070443,1.042014929618062,0.013599078946785782,0.013171727600034183,52.76704170831815,0.40727954949111655,40785310.0,1.1384368538574305,1
2024-10-21,234.720443725586,235.08770100400858,232.70554934615632,232.70554934615632,36254500.0,0.006297767638607121,0.012276620457744913,0.0015962816791472711,-0.008851818843336412,232.11201171875,227.37849807739258,224.25333221435548,1.032289533576277,1.0466753889802867,0.010018706724672222,0.013030075087877027,66.6557630130785,-0.21918309768153088,39890735.0,0.9088451240620159,0
2024-10-22,234.10508728027344,234.4624093106695,230.86934872103873,232.14974382855843,38846600.0,-0.0026216567911399036,0.006297767638607121,0.012276620457744913,0.0015962816791472711,232.51102294921876,227.7998405456543,224.61720489501954,1.0276788900269467,1.0422402299489404,0.009437968300610654,0.013067446932366172,64.70207537626398,0.07149733136576142,39655260.0,0.9796077493881014,0
2024-10-23,229.04299926757807,233.39041424004768,226.06532109909307,232.33830371042365,52287000.0,-0.021623143997016037,-0.0026216567911399036,0.006297767638607121,0.012276620457744913,232.30853576660155,228.01770629882813,224.80559143066407,1.0044965497872618,1.0188492101550817,0.011462178913561959,0.014037160874678283,57.2984969410216,0.3459865213429232,40154175.0,1.3021560024580259,0
2024-10-24,228.8544464111328,229.10258628095696,226.71051430099084,228.26882480795348,31109500.0,-0.0008232203431154383,-0.021623143997016037,-0.0026216567911399036,0.006297767638607121,231.99489135742186,228.16907272338867,224.98127502441406,1.0030037974891322,1.0172155277646926,0.01143379423010316,0.014010103695975731,55.555545487002796,-0.4050241933941515,39877815.0,0.7801204755074971,1
2024-10-25,229.688217163086,231.48474758840828,227.86191116183892,228.03064447383113,38802300.0,0.0036432359739051456,-0.0008232203431154383,-0.021623143997016037,-0.0026216567911399036,231.28223876953126,228.34872741699218,225.11407958984375,1.0058659829693193,1.0203191980775983,0.011168028103006853,0.014024805212362938,66.3857754096619,0.2472813770713127,40116630.0,0.9672372779069428,1
2024-10-28,231.6633758544922,232.98348177622344,230.81970938626554,231.5839844241638,36087100.0,0.008599303507170086,0.0036432359739051456,-0.0008232203431154383,-0.021623143997016037,230.6708251953125,228.3685791015625,225.25998565673828,1.0144275397512739,1.0284266652112448,0.010252888129098766,0.013184996129215264,63.83752253425231,-0.0699752334268845,39193890.0,0.9207327978927328,1
2024-10-29,231.931381225586,232.5864741436605,230.59143496071306,231.36563017470797,35417200.0,0.001156874150284981,0.008599303507170086,0.0036432359739051456,-0.0008232203431154383,230.236083984375,228.73880310058593,225.41442810058595,1.0139573088681249,1.0289109848908695,0.00963176772463136,0.011236737190548692,58.57916398418108,-0.018563420169534273,37800500.0,0.9369505694369122,0
2024-10-30,228.387939453125,231.7328600109945,227.8420287171323,230.87925826342104,47070900.0,-0.015277974691206175,0.001156874150284981,0.008599303507170086,0.0036432359739051456,230.10507202148438,228.90356826782227,225.48569396972655,0.9977473972179675,1.01287108477839,0.010463806899129336,0.011854789582775973,51.952890236766656,0.32904069209310727,38510015.0,1.2223028217464988,0
2024-10-31,224.22911071777344,228.11994197442104,223.693120129287,227.63358238786932,64370100.0,-0.018209493659384512,-0.015277974691206175,0.001156874150284981,0.008599303507170086,229.1800048828125,228.91547927856445,225.4759664916992,0.9795279525195925,0.9944701167342743,0.011777528150643897,0.012544844296869868,47.25201579976932,0.367513686800125,40026310.0,1.608194709929544,0
2024-11-01,221.25143432617188,223.67328184782377,218.6310779402587,219.32586653780092,65276700.0,-0.013279615577432402,-0.018209493659384512,-0.015277974691206175,0.001156874150284981,227.49264831542968,228.72242584228516,225.44380767822267,0.9673359903883457,0.9814039099355765,0.01091811240682958,0.012833608874288619,35.57920871088146,0.014084178834583128,41427890.0,1.5756703998200245,0
2024-11-04,220.35812377929688,221.13231895883285,218.0752491010658,219.34572401852256,44944500.0,-0.0040375356191276746,-0.013279615577432402,-0.018209493659384512,-0.015277974691206175,225.23159790039062,228.7383071899414,225.3479263305664,0.9633634457052892,0.9778573398365783,0.010170940759165711,0.011809819240788272,28.42562012409499,-0.311477142686441,41699845.0,1.077809761642999,1
2024-11-05,221.7874298095703,222.28370958768312,219.49461965793014,220.14971259990074,28111300.0,0.006486286984840106,-0.0040375356191276746,-0.013279615577432402,-0.018209493659384512,223.2028076171875,228.62317123413087,225.27388122558594,0.9701003997641161,0.9845234991422537,0.010912460878200941,0.011120212349043894,34.464771271587594,-0.37453303518784276,41512625.0,0.6771747149210632,0
2024-11-06,221.0628356933593,224.38791581537038,219.54422098922427,220.95365355112233,54561100.0,-0.0032670657522526625,0.006486286984840106,-0.0040375356191276746,-0.013279615577432402,221.73778686523437,228.28470764160156,225.16847076416016,0.968364626685462,0.9817663856006685,0.009291994680494521,0.010369899675574184,32.64632226714791,0.9408956540608224,42561125.0,1.281946847034706,1
2024-11-07,225.7874450683593,226.18447798056903,222.89910825147632,222.95865940199351,42137700.0,0.02137224631259871,-0.0032670657522526625,0.006486286984840106,-0.0040375356191276746,222.0494537353515,228.2072898864746,225.1881237792969,0.989396286072548,1.0026614249410852,0.01219886589240786,0.011553134864522368,37.07018733786959,-0.22769702223745492,43258835.0,0.9740830977070927,0
2024-11-08,225.51914978027344,227.20835428792034,224.9726384261151,225.72780810336752,38328800.0,-0.0011882648656778017,0.02137224631259871,-0.0032670657522526625,0.006486286984840106,222.90299682617183,228.19040222167968,225.13690185546875,0.9882937563745069,1.001697846606462,0.012077221484185153,0.011463123425624014,33.36894802975527,-0.0903917394637106,43587315.0,0.8793567578090093,0
2024-11-11,222.8064727783203,224.26714170400084,220.0938084143074,223.57158868270503,42005600.0,-0.012028588279958119,-0.0011882648656778017,0.02137224631259871,-0.0032670657522526625,223.39266662597652,227.8517753601074,225.04710906982422,0.9778570846164649,0.9900437010687895,0.011870245786314225,0.011070158093975112,31.017313620170995,0.09592786625200889,43693490.0,0.9613697601175827,0
2024-11-12,222.8064727783203,224.15783943194586,221.9420008205612,223.12444853772337,40398300.0,0.0,-0.012028588279958119,-0.0011882648656778017,0.02137224631259871,223.59647521972653,227.38659744262696,225.08098876953125,0.9798575434268403,0.9898946774507913,0.01182181120964214,0.010684713181019127,37.37454614199862,-0.038263945759613005,42475835.0,0.9510890133178076,1
2024-11-13,223.6908264160156,225.2111120360391,221.34580821096,222.58787261698694,48566200.0,0.003969155952552539,0.0,-0.012028588279958119,-0.0011882648656778017,224.1220733642578,227.06836700439453,225.17066986083984,0.9851254464329963,0.9934279031734514,0.011327804333038876,0.010635791075150391,39.833003149217355,0.2021842503273652,43200035.0,1.1242166817688921,1
2024-11-14,226.7711334228516,227.41700079571672,223.5715745650122,223.5914518391994,44923900.0,0.013770376980535293,0.003969155952552539,0.0,-0.012028588279958119,224.31881103515624,226.88579025268555,225.29158477783204,0.9994946495780707,1.00656726102965,0.010748270726357895,0.011149145837884598,44.723183391003424,-0.07499660257545371,43796540.0,1.0257408461946993,0
2024-11-15,223.5715789794922,225.4793879673537,222.84621765747355,224.96268496170848,47923700.0,-0.014109178690716817,0.013770376980535293,0.003969155952552539,0.0,223.929296875,226.40179519653321,225.37947662353517,0.9874991441009371,0.9919784282440995,0.010874726555839095,0.011088870685823118,35.98335671625546,0.0667751464142694,43871150.0,1.0923739177112977,1
2024-11-18,226.5724029541016,228.28148462394066,223.7404903183321,223.81998425203597,44633700.0,0.01342220683105988,-0.014109178690716817,0.013770376980535293,0.003969155952552539,224.68248291015624,225.994393157959,225.52559844970702,1.0025576289219644,1.0046416216677416,0.01135003215605946,0.011479009566081713,41.52000780377748,-0.06865079282275788,44290110.0,1.0077577138553053,1
2024-11-19,226.8307647705078,228.6988344551977,225.22105418122663,225.53901477922054,36211800.0,0.0011403057611503176,0.01342220683105988,-0.014109178690716817,0.013770376980535293,225.48734130859376,225.63067703247071,225.69276824951172,1.0053188145948098,1.0050422374178067,0.011285062524374001,0.011493964419915438,47.250041902429594,-0.18868926394181973,44158370.0,0.8200438557854377,1
2024-11-20,227.5461883544922,228.47027695087482,224.45593165289552,226.61215353970658,35169600.0,0.00315399714279585,0.0011403057611503176,0.01342220683105988,-0.014109178690716817,226.25841369628907,225.55583648681642,225.82362579345704,1.0088242091123725,1.0076279111850353,0.01111397288749004,0.010505237951526544,56.669022734830655,-0.028780673703047044,43302500.0,0.8121840540384504,0
2024-11-21,227.06922912597656,228.69881686539628,224.27707103239013,227.42694424740614,42108300.0,-0.0020960985194468096,0.00315399714279585,0.0011403057611503176,0.01342220683105988,226.31803283691406,225.4665756225586,225.94276062011718,1.007108164476232,1.0049856366398626,0.009084185064247288,0.010512584996578053,63.004392382534945,0.19729254810973118,43852440.0,0.9602270706031409,1
2024-11-22,228.41065979003903,229.25526960886552,226.6121530455377,226.6121530455377,38168300.0,0.005907584524886156,-0.0020960985194468096,0.00315399714279585,0.0011403057611503176,227.28584899902344,225.40269775390624,226.0940838623047,1.013344836002881,1.0102460705214436,0.009205017300985448,0.010569767299797462,67.64614813601139,-0.09356825138986846,43820740.0,0.8710099373036603,1
2024-11-25,231.39163208007807,231.76922452168117,228.2815130321861,229.99059491471002,90152800.0,0.013050933317994895,0.005907584524886156,-0.0020960985194468096,0.00315399714279585,228.24969482421875,225.38911056518555,226.42770690917968,1.0266318168603648,1.0219227816182823,0.008560082731078623,0.010809541952799583,69.70629396902315,1.361981015659592,46524025.0,1.9377687119719327,1
2024-11-26,233.5677185058593,234.07449047305911,231.84870566104107,231.84870566104107,45986200.0,0.00940434364985232,0.013050933317994895,0.005907584524886156,-0.0020960985194468096,229.59708557128903,225.4709274291992,226.79552185058594,1.0359105768933452,1.0298603632030041,0.00861011041771488,0.011011555388910682,74.21563355061377,-0.4899082446690508,47052475.0,0.9773385990853829,0
2024-11-27,233.43853759765625,234.1937224347506,232.32565277909848,232.9814664022851,33498400.0,-0.0005530768936282682,0.00940434364985232,0.013050933317994895,0.005907584524886156,230.77555541992183,225.72345733642578,227.08333312988282,1.034179346498896,1.0279862215345346,0.008773550087714233,0.010381741672001227,68.02426231016786,-0.27155537965737553,46373850.0,0.7223553791630413,1
2024-11-29,235.8232879638672,236.3002363892814,232.48461866213367,233.31928219708777,28481400.0,0.01021575268056707,-0.0005530768936282682,0.00940434364985232,0.013050933317994895,232.52636718749994,226.30316619873048,227.25645721435546,1.0420680007489445,1.0376967539427546,0.00841220118405006,0.009500938522812504,72.07315574359932,-0.14976834714493825,44579415.0,0.6388912909691614,1
2024-12-02,238.06895446777344,239.26133321145704,235.654388648958,235.76369091824088,48137100.0,0.009522666413888325,0.01021575268056707,-0.0005530768936282682,0.00940434364985232,234.45802612304684,227.14404220581054,227.48779479980467,1.0480968470749679,1.0465130873385118,0.005635075044909623,0.00884477813637079,83.36226253483854,0.6901240809791653,43722435.0,1.1009702455958823,1
2024-12-03,241.10952758789065,241.21882985808793,237.3833345065081,238.28756099978403,38861000.0,0.012771817001148822,0.009522666413888325,0.01021575268056707,-0.0005530768936282682,236.40160522460937,228.18161239624024,227.81428649902344,1.0566562531305148,1.0583599970536712,0.005547019764393599,0.008868762172735025,85.31438843710504,-0.19270167916222625,43418260.0,0.8950381705761585,1
2024-12-04,241.4672698974609,242.56029272240895,239.7184485394643,241.32815927991484,44383900.0,0.0014837336091575448,0.012771817001148822,0.009522666413888325,0.01021575268056707,237.98151550292968,229.16560440063478,228.13006713867188,1.0536802437215664,1.0584631518592498,0.005512814651382466,0.008881731986934885,85.00976970424038,0.14211934844702911,44231890.0,1.003436660744092,1
2024-12-05,241.4970550537109,242.98753231090083,240.59284370740727,242.4410361127995,40033900.0,0.00012335069785085473,0.0014837336091575448,0.012771817001148822,0.009522666413888325,239.5932189941406,230.18731536865235,228.46629455566406,1.0491327667944936,1.057035811446016,0.005780921236162119,0.008761298404626687,82.96261078299176,-0.09800851209560224,43505530.0,0.9202025581575491,0
2024-12-06,241.29830932617188,243.07695387436263,240.5431396985891,241.36787220390693,36870600.0,-0.0008229737107759982,0.00012335069785085473,0.0014837336091575448,0.012771817001148822,240.68822326660157,230.96285858154297,228.77571838378907,1.044749406065131,1.0547374128288176,0.005594228745967508,0.007867310022495761,95.83747949278668,-0.07901553433465136,43242175.0,0.8526536882106416,1
2024-12-09,245.1835021972656,245.67039687977774,240.21524480725012,240.29473874492055,44649200.0,0.016101202208764542,-0.0008229737107759982,0.00012335069785085473,0.0014837336091575448,242.1111328125,231.94607620239253,229.15748596191406,1.0570711357208833,1.069934508873147,0.006420819437174237,0.008280634125761301,96.0195292013632,0.21097025814605685,43558195.0,1.0250470663442321,1
2024-12-10,246.1970367431641,246.63424582967986,243.7824557106041,245.32261857013248,36914800.0,0.004133779543955773,0.016101202208764542,-0.0008229737107759982,0.00012335069785085473,243.12863464355468,233.11560440063477,229.45609985351564,1.0561156443223227,1.072959214857813,0.006119246578330673,0.0073473746524729275,96.16283282145925,-0.17322594805730007,43303655.0,0.8524638393687554,0
2024-12-11,244.9251708984375,249.20780656351602,244.69662013013263,246.3858398593606,45205800.0,-0.005166048550183877,0.004133779543955773,0.016101202208764542,-0.0008229737107759982,243.82021484375,234.22153930664064,229.86406524658204,1.045698750095668,1.0655217927852227,0.006958650100407981,0.007619273503610426,90.35526268235995,0.22459826411087147,43544030.0,1.0381629812399082,1
2024-12-12,246.3858337402344,247.1608807008323,244.12029436088807,245.32261935264157,32777500.0,0.005963710615935813,-0.005166048550183877,0.004133779543955773,0.016101202208764542,244.7979705810547,235.35628967285157,230.28992919921876,1.0468631795764372,1.0698940878438996,0.006704100010408684,0.007621276223250248,92.8949235609959,-0.274927111122909,42754595.0,0.7666427433121515,1
2024-12-13,246.55474853515625,247.70737273801882,244.67674782957272,246.24671899982582,33155300.0,0.0006855702389931828,0.005963710615935813,-0.005166048550183877,0.004133779543955773,245.84925842285156,236.3454704284668,230.74120635986327,1.0431964195809686,1.068533672094226,0.006625538173060583,0.007374741257618714,92.50460580263238,0.011526199374571,42166165.0,0.786301054411754,1
2024-12-16,249.4462738037109,249.7841268474892,246.07779571830554,246.4156487620838,51694800.0,0.011727720864164848,0.0006855702389931828,0.005963710615935813,-0.005166048550183877,246.70181274414062,237.63920516967772,231.22788177490236,1.0496848515614365,1.0787897717566082,0.006845079003446519,0.0061582242402416386,92.47306192687743,0.5591715351693394,42354720.0,1.2205204048096647,1
2024-12-17,251.8707733154297,252.21855739876366,248.19426586582333,248.49236434269267,51356400.0,0.009719525871236812,0.011727720864164848,0.0006855702389931828,0.005963710615935813,247.83656005859376,238.90412368774415,231.8644873046875,1.0542755370963517,1.0862843906943473,0.006504757730723615,0.005960269587734794,92.56001822314435,-0.006546112955268191,42690855.0,1.2029836366594204,0
2024-12-18,246.47525024414065,252.66569465886903,246.16722071424974,250.559158393614,56774100.0,-0.02142179102508235,0.009719525871236812,0.011727720864164848,0.0006855702389931828,248.14657592773438,239.88634796142577,232.3121893310547,1.0274667664029569,1.0609656383243111,0.010468841683058653,0.008420918669062548,74.35040801855072,0.1054922073977147,43718970.0,1.2986147660843794,1
2024-12-19,248.2042236328125,250.40020031475416,245.52136737610985,245.9287681662764,60882300.0,0.007014795144580477,-0.02142179102508235,0.009719525871236812,0.011727720864164848,248.51025390625,240.91924972534179,232.71963165283202,1.0302382392265288,1.0665375407738706,0.01055045009416371,0.00844002251962699,73.7062736837185,0.07236046013939457,45004605.0,1.3528015633066883,1
2024-12-20,252.87440490722656,253.3811617724802,244.13026766465495,246.4653398622687,147495300.0,0.01881588155938485,0.007014795144580477,-0.02142179102508235,0.009719525871236812,249.77418518066406,242.2095085144043,233.2304037475586,1.0440316999040855,1.0842257306252834,0.011580037471053921,0.008878379183818978,75.94014269765299,1.422630222577005,50273955.0,2.9338312452242916,1
2024-12-23,253.64944458007807,254.0270218726176,251.84099141600396,253.1526187871241,40858800.0,0.0030649194137930547,0.01881588155938485,0.007014795144580477,-0.02142179102508235,250.6148193359375,243.4714477539062,233.78625457763673,1.041803656732922,1.084963036164494,0.0108733337875124,0.008893139023858087,73.86538535254914,-0.7229823594378939,50408480.0,0.8105540972471299,1
2024-12-24,256.56085205078125,256.5707679464462,253.6693071300515,253.86804957710976,23234700.0,0.011478075481391459,0.0030649194137930547,0.01881588155938485,0.007014795144580477,251.5528350830078,244.72990875244142,234.32589141845702,1.0483428582908005,1.0948890474617559,0.011168393656998234,0.008827626024037392,76.18063543502285,-0.4313415959352698,47062575.0,0.49369801801112667,1
2024-12-26,257.3755798339844,258.44874034869076,255.99442012888886,256.55086249805703,27237100.0,0.0031755732672802406,0.011478075481391459,0.0030649194137930547,0.01881588155938485,253.73290100097657,245.92030181884766,234.83120239257812,1.046581262020307,1.0960024784258344,0.010693516901232948,0.008781734485035275,76.8120549961275,0.1722595944858336,46125120.0,0.5905046967899488,0
2024-12-27,253.96739196777344,257.05766400729357,251.45345479939442,256.19316170058187,42355300.0,-0.013242079409434782,0.0031755732672802406,0.011478075481391459,0.0030649194137930547,254.88553466796876,246.9467445373535,235.30944152832032,1.0284298035334416,1.0792911254145643,0.012133427506506637,0.009615366500474527,69.30071825513609,0.555059092194103,46567965.0,0.9095372752491976,0
2024-12-30,250.598876953125,251.89062678955742,249.15808547329988,250.62868528180354,35557500.0,-0.01326357288842761,-0.013242079409434782,0.0031755732672802406,0.011478075481391459,254.43042907714843,247.6855239868164,235.7129656982422,1.011762306167169,1.063152704437734,0.01319726615465846,0.010262429545894229,58.38200964929438,-0.16049467244949278,46921770.0,0.7578038935871345,0
2024-12-31,248.8302001953125,251.6720440162376,247.84647977817443,250.83738041728796,39480700.0,-0.007057800016172178,-0.01326357288842761,-0.013242079409434782,0.0031755732672802406,253.46658020019532,248.22358627319335,236.02454010009765,1.002443820634561,1.0542556299009584,0.012947004042583669,0.010384690125434014,53.98255740156514,0.11033396611122837,46488950.0,0.8492491226409716,0
