Price,Close,High,Low,Open,Volume
Ticker,AAPL,AAPL,AAPL,AAPL,AAPL
Date,,,,,
2015-01-02,24.19260025024414,24.659502293956603,23.754464067072234,24.648437592390618,212818400
2015-01-05,23.511062622070312,24.042136374239757,23.325187737341313,23.962475227002493,257142000
2015-01-06,23.513269424438477,23.7721672375332,23.15258108261458,23.575227702283048,263188400
2015-01-07,23.84297752380371,23.942553088747736,23.610632287952324,23.721272554884127,160423600
2015-01-08,24.759084701538086,24.816618126764887,24.053199089993452,24.170479219019555,237458000
2015-01-09,24.785634994506836,25.060022405088077,24.387329327343235,24.93167928030907,214798000
2015-01-12,24.174898147583008,24.922825738800306,24.075322583368106,24.91618759295084,198603200
2015-01-13,24.389537811279297,24.96044192591161,24.09966088663629,24.657287022815467,268367600
2015-01-14,24.296611785888672,24.449294259620693,24.008946316023966,24.128438048664517,195826400
2015-01-15,23.637191772460938,24.35414038758057,23.601787757118135,24.34086409285663,240056000
2015-01-16,23.453519821166992,23.805356695533074,23.278708022841688,23.68365174472551,314053200
2015-01-20,24.05762481689453,24.112944961639695,23.566381661439586,23.86289682691998,199599600
2015-01-21,24.24128532409668,24.57541774452879,23.95804479734744,24.108515641336837,194303600
2015-01-22,24.871925354003906,24.887414919491768,24.278893622383396,24.398385279676635,215185600
2015-01-23,25.00027847290039,25.170663761693863,24.679420647171945,24.849807624202118,185859200
2015-01-26,25.026836395263672,25.305650433694787,24.960453225890493,25.16845584914426,222460000
2015-01-27,24.150556564331055,24.88963440186182,24.126215571319666,24.8763564222506,382274800
2015-01-28,25.515865325927734,26.13766495700858,25.515865325927734,26.029236247987182,585908400
2015-01-29,26.310260772705078,26.37443234220827,25.571182772424184,25.739356482562314,337745600
2015-01-30,25.925233840942383,26.55366988452238,25.856635712406298,26.199621290376125,334982000
2015-02-02,26.250513076782227,26.370004785647765,25.68624864341562,26.122171630877833,250956400
2015-02-03,26.25493812561035,26.35230042157659,26.0248061463723,26.221745704792397,207662800
2015-02-04,26.456308364868164,26.666525950743203,26.17970761100918,26.221751465831595,280598800
2015-02-05,26.645130157470703,26.709554969732874,26.49184347674695,26.662901175243686,168984800
2015-02-06,26.420761108398438,26.714004163225805,26.314126499870483,26.662908024891667,174826400
2015-02-09,26.596261978149414,26.622919358205184,26.30968327825307,26.336342353208384,155559200
2015-02-10,27.10721206665039,27.13609315192371,26.694007464418103,26.696227782593457,248034000
2015-02-11,27.742572784423828,27.75145914200605,27.213847220027088,27.273828015082834,294247200
2015-02-12,28.093582153320312,28.32018008177655,27.895865316767186,28.004720253825706,297898000
2015-02-13,28.23131561279297,28.27574571104656,27.913635495070917,28.27574571104656,217088800
2015-02-17,28.39792823791504,28.631190468113697,28.195767412422946,28.32239504441379,252609600
2015-02-18,28.59564208984375,28.608970777658705,28.313505768499276,28.3534935268434,179566800
2015-02-19,28.535667419433594,28.664517086594802,28.509010036503504,28.542331765166118,149449600
2015-02-20,28.768918991088867,28.768918991088867,28.446796637874154,28.573422549502805,195793600
2015-02-23,29.546464920043945,29.546464920043945,28.804471802520936,28.884447331881436,283896400
2015-02-24,29.362075805664062,29.679757593961313,29.139921941606865,29.533135230131812,276912400
2015-02-25,28.611196517944336,29.235451763904805,28.469018171309017,29.226563710478064,298846800
2015-02-26,28.97330665588379,29.073275217137283,28.126900972912463,28.611194771331103,365150000
2015-02-27,28.537893295288086,29.006638189606278,28.489019163004695,28.880008831472114,248059200
2015-03-02,28.677837371826172,28.942200974389138,28.502337335981014,28.713382798513294,192386800
2015-03-03,28.737825393676758,28.773370827213807,28.455689023399984,28.648965199633246,151265200
2015-03-04,28.555660247802734,28.782258170449772,28.506789509388113,28.680069276765426,126665200
2015-03-05,28.082469940185547,28.602309153184912,27.93806959383036,28.564543404185695,226068400
2015-03-06,28.124683380126953,28.740048936913926,28.049151867734945,28.524559382890047,291368400
2015-03-09,28.244640350341797,28.784475968478535,27.782559935616113,28.426806439526047,354114000
2015-03-10,27.660383224487305,28.262420104484363,27.50265415510651,28.082475983552712,275426400
2015-03-11,27.15608787536621,27.718136880404018,27.12720848319452,27.713694548877402,275756000
2015-03-12,27.647050857543945,27.747021124712568,27.020576957239324,27.17164166982553,193450800
2015-03-13,27.455995559692383,27.858095210772237,27.231621374752795,27.635941344171023,207309200
2015-03-16,27.758121490478516,27.758121490478516,27.29604279372521,27.520416950669613,143497200
2015-03-17,28.222429275512695,28.284632091074627,27.913635516187682,27.969173986496493,204092400
2015-03-18,28.54010772705078,28.693394438520734,28.073584942676437,28.21354126951889,261083600
2015-03-19,28.324615478515625,28.713384710573685,28.302400432806465,28.602307787128524,183238000
2015-03-20,27.96916961669922,28.524552538116783,27.804776244841232,28.491230817057243,274780400
2015-03-23,28.260189056396484,28.402367374748902,28.106902368369962,28.240196024862197,150838800
2015-03-24,28.144678115844727,28.444583846778304,28.11579702412687,28.264641425158008,131369200
2015-03-25,27.409339904785156,28.173549649385247,27.409339904785156,28.111346845968825,206620800
2015-03-26,27.600399017333984,27.74257737236355,27.236066770708273,27.271612206915506,190291600
2015-03-27,27.38047218322754,27.702594707423156,27.30494065972236,27.673715306359412,158184800
2015-03-30,28.073593139648438,28.0802574864583,27.54708770796922,27.558196082585656,188398800
2015-03-31,27.642610549926758,28.10024705323261,27.62705984432607,28.0113851519859,168362400
2015-04-01,27.602622985839844,27.795897495381485,27.347145653429575,27.729250645222354,162485600
2015-04-02,27.840322494506836,27.893638947918962,27.58928923541274,27.77589766980492,128880400
2015-04-06,28.291301727294922,28.32684716849199,27.620397626249552,27.651499039847025,148776000
2015-04-07,27.993614196777344,28.46235737958407,27.98694985077485,28.355724453744553,140049200
2015-04-08,27.902530670166016,28.080254475572733,27.762574317465607,27.958069147493138,149316800
2015-04-09,28.115793228149414,28.12023725469051,27.693702231319484,27.958064183930947,129936000
2015-04-10,28.235754013061523,28.260191072168222,27.826991742366516,27.980276746427457,160752000
2015-04-13,28.180213928222656,28.562320494539065,28.126897481831673,28.51788701523125,145460400
2015-04-14,28.05803680419922,28.277968679310423,27.97139692324936,28.213543848237514,102098400
2015-04-15,28.164670944213867,28.24242446960834,27.99361318834602,28.082475086611023,115881600
2015-04-16,28.029151916503906,28.23575507267787,28.015823227363466,28.053588976527664,113476000
2015-04-17,27.71369743347168,28.022491201146448,27.649272602783466,27.891421221225347,207828000
2015-04-20,28.346832275390625,28.462351537154245,27.806998326302168,27.895860209527733,188217200
2015-04-21,28.19354820251465,28.48012520073409,28.140230053864958,28.457911847812642,129740400
2015-04-22,28.573427200317383,28.62896566300797,28.06247436050361,28.211317033738535,150618000
2015-04-23,28.806699752807617,28.97331520063431,28.466804510425153,28.50234995284684,183083600
2015-04-24,28.942203521728516,29.019958725725385,28.70894129953666,28.98885732208639,178103600
2015-04-27,29.468711853027344,29.575348159798903,29.135481021414673,29.393180344746973,387816800
2015-04-28,29.00441551208496,29.88858717244409,28.78448529879101,29.87081784170909,475696000
2015-04-29,28.57787322998047,29.233226457714377,28.502341728977694,28.915548055956197,253544400
2015-04-30,27.802553176879883,28.5778695972683,27.675925556960287,28.5778695972683,332781600
2015-05-01,28.64674186706543,28.90888520558984,27.835881568938238,28.013603654255334,234050400
2015-05-04,28.591203689575195,29.00663375040625,28.49345543996789,28.768927471606737,203953200
2015-05-05,27.946958541870117,28.535664962892916,27.942514515164522,28.469018121505634,197085600
2015-05-06,27.77145767211914,28.15800495791627,27.404903422444445,28.11579517734717,288564000
2015-05-07,27.943227767944336,28.126154782564676,27.666605100388406,27.833916456516,175763600
2015-05-08,28.469694137573242,28.469694137573242,28.132840211539968,28.259996743595362,222201600
2015-05-11,28.179697036743164,28.456318032718876,28.02577002755684,28.41839452963739,168143200
2015-05-12,28.079313278198242,28.30462472292589,27.845076653188137,28.01908022514789,192640000
2015-05-13,28.110544204711914,28.37378085400866,28.079312882081744,28.141775527342084,138776800
2015-05-14,28.766401290893555,28.766401290893555,28.36708631302993,28.42285677051672,180814000
2015-05-15,28.72624397277832,28.88686313904668,28.601318711004723,28.793169192716487,152832000
2015-05-18,29.04302406311035,29.161257160981794,28.634783904740452,28.63924649445973,203531600
2015-05-19,29.016250610351562,29.19694631905053,28.92032366877132,29.154560233512147,178532800
2015-05-20,29.014022827148438,29.219257706248666,28.853403634120667,29.000638461722566,145819600
2015-05-21,29.31071662902832,29.364257484742,28.962709576784434,29.01625043249812,158921600
2015-05-22,29.567258834838867,29.663185774227095,29.312945731377887,29.357564812372207,182384000
2015-05-26,28.91585922241211,29.649800184525905,28.804318332458095,29.58064537738767,282790400
2015-05-27,29.455720901489258,29.504799172350534,29.011790275005385,29.076482502617996,183332800
2015-05-28,29.39771842956543,29.43564192592671,29.246024444120316,29.415565381492744,122933200
2015-05-29,29.063095092773438,29.32410037647806,28.978322923995577,29.275022110760137,203538000
2015-06-01,29.1210994720459,29.310720381846835,29.011791558077427,29.063099423898514,128451200
2015-06-02,28.991716384887695,29.147872986498268,28.848944148563945,28.96940684010392,134670400
2015-06-03,29.02741050720215,29.210339266134035,28.97833222573062,29.147876617708278,123934000
2015-06-04,28.857864379882812,29.13002447267988,28.757478241644847,28.906942652613985,153800400
2015-06-05,28.699472427368164,28.931479407354722,28.634780202616195,28.889093320398054,142507200
2015-06-08,28.509859085083008,28.824405288183716,28.293469433641413,28.75524706027214,210699200
2015-06-09,28.42508316040039,28.57231796852488,28.02353693293006,28.26446398862062,224301600
2015-06-10,28.75078582763672,28.853401557823254,28.521010125158224,28.536625784357813,156349200
2015-06-11,28.68609046936035,29.04078974685961,28.661551332957096,28.817707926451256,141563600
2015-06-12,28.369314193725586,28.6280899177964,28.35592982936992,28.596858599647057,147544800
2015-06-15,28.313549041748047,28.384935168311724,28.043620197492285,28.130621986054905,175955600
2015-06-16,28.465240478515625,28.521010934665533,28.190850787366475,28.338083906573015,125976400
2015-06-17,28.39832305908203,28.52770925166871,28.273396053096125,28.49201703708675,131672400
2015-06-18,28.527698516845703,28.623623754034263,28.380465421381277,28.382696715821655,141628800
2015-06-19,28.24216079711914,28.51432091610068,28.197545109605183,28.489781777374187,218867600
2015-06-22,28.467470169067383,28.567856303688377,28.349237081009143,28.440699738911512,136157200
2015-06-23,28.338083267211914,28.467471131035477,28.304620653881102,28.438471107204354,121075600
2015-06-24,28.579017639160156,28.956026532713082,28.358167071081134,28.378243621824886,221123600
2015-06-25,28.442928314208984,28.82216667760684,28.442928314208984,28.746319685718866,127752400
2015-06-26,28.275619506835938,28.552240475555756,28.222080348820942,28.480854364209378,176267200
2015-06-29,27.780378341674805,28.21315761039988,27.769225272035214,27.987844499138156,196645600
2015-06-30,27.981157302856445,28.135084328331757,27.854000712848862,28.012388626579046,177482800
2015-07-01,28.24216079711914,28.31800950826813,28.106080737628375,28.30908603036946,120955200
2015-07-02,28.20647621154785,28.26224668700442,28.057010043819567,28.20424491597523,108844000
2015-07-06,28.108314514160156,28.159624091112555,27.851770033357234,27.871848285896704,112241600
2015-07-07,28.03915023803711,28.141767655400127,27.61083191524409,28.08376591446313,187787200
2015-07-08,27.343137741088867,27.804917025746732,27.33644555901804,27.769224820709265,243046400
2015-07-09,26.785432815551758,27.67552875946639,26.595813617752484,27.628681783679212,314380000
2015-07-10,27.501522064208984,27.62867861303297,27.039742839324095,27.20259329054447,245418000
2015-07-13,28.032466888427734,28.054774733668854,27.73353631586235,27.891924229647643,165762000
2015-07-14,28.02130126953125,28.190843891307548,27.894144728693735,28.117226498722978,127072400
2015-07-15,28.29123306274414,28.36485046328007,28.014612114584335,28.04584342960339,134596800
2015-07-16,28.668241500854492,28.68162926846338,28.409467492392967,28.496469260080637,144889600
2015-07-17,28.91585922241211,28.91585922241211,28.623622635365845,28.79539655900322,184658800
2015-07-20,29.46241569519043,29.66318795861783,29.15679130687146,29.21702434748297,235600800
2015-07-21,29.167945861816406,29.652032967835815,29.072022320033117,29.636419011620063,307025600
2015-07-22,27.934307098388672,27.996769738636274,27.213752036722603,27.213752036722603,461802400
2015-07-23,27.920923233032227,28.351469539872234,27.898613687990725,28.15292684325403,203998000
2015-07-24,27.7736873626709,28.050308350612383,27.639838607343037,27.956614392080805,168649200
2015-07-27,27.387754440307617,27.575144055147923,27.24275261810859,27.459140555013633,177822000
2015-07-28,27.523828506469727,27.642063275677813,27.338671928609408,27.523828506469727,134472400
2015-07-29,27.436830520629883,27.550602716905665,27.276211349882686,27.472524426119968,148046800
2015-07-30,27.298524856567383,27.343140542930758,27.151290028005434,27.28737008398687,134513200
2015-07-31,27.059825897216797,27.3587547240426,26.972824122126944,27.34983124685656,171540000
2015-08-03,26.421817779541016,27.343145309180322,26.216581161347918,27.104447771371706,279904000
2015-08-04,25.574094772338867,26.256724465144575,25.26401123854942,26.19426183991776,496554400
2015-08-05,25.743642807006836,26.198729931797953,25.007472107672537,25.197091317507358,397250400
2015-08-06,25.79966163635254,26.106667700331585,25.57333038339867,25.98789944271197,211612000
2015-08-07,25.887062072753906,26.05064970055352,25.658489382480674,25.676417121630855,154681600
2015-08-10,26.8282470703125,26.888751051054925,26.11339430736292,26.11339430736292,219806400
2015-08-11,25.432144165039062,26.48313385989663,25.396290413638674,26.400219388404345,388331200
2015-08-12,25.824316024780273,25.864652581979026,24.567161986716236,25.217027981725828,404870000
2015-08-13,25.80414581298828,26.084260288357925,25.667449812233247,26.00358718267682,194143200
2015-08-14,25.985666275024414,26.064098006803345,25.54868826248213,25.618156123531538,171718000
2015-08-17,26.25457191467285,26.36437631677474,25.88257904882109,26.003588714471064,163538800
2015-08-18,26.106666564941406,26.317313177027447,25.99686217998892,26.09098022423391,138242800
2015-08-19,25.77277946472168,26.11115660318592,25.698828814719494,26.017038526646864,193146000
2015-08-20,25.243919372558594,25.62487441307107,25.015344980504512,25.564370432635133,274006400
2015-08-21,23.699932098388672,25.075854618051384,23.675281881449802,24.746439636853328,513102000
2015-08-24,23.10832405090332,24.38116427748664,20.616425097540755,21.25956853943907,648825200
2015-08-25,23.24725914001465,24.898814636838587,23.193477641585982,24.898814636838587,414406400
2015-08-26,24.580610275268555,24.625427915268247,23.54082529818865,23.99797069717231,387098400
2015-08-27,25.30442237854004,25.376131620216796,24.654556414147635,25.14980034129892,338464400
2015-08-28,25.387332916259766,25.391813995177866,24.99517268813353,25.136349754773125,212657600
2015-08-31,25.26856803894043,25.665209398967942,25.098257952693018,25.104980426809615,224917200
2015-09-01,24.139142990112305,25.071362985786642,24.058469892160893,24.683685546442884,307383600
2015-09-02,25.174442291259766,25.174442291259766,24.4551086670713,24.701610724002983,247555200
2015-09-03,24.73299217224121,25.273052075556876,24.659041528939685,25.208065302020685,212935600
2015-09-04,24.486482620239258,24.750910714430084,24.31617427526965,24.41925618186162,199985200
2015-09-08,25.167722702026367,25.223745592350305,24.72178097375906,25.04223197479929,219374400
2015-09-09,24.68368911743164,25.550922481347587,24.59853321856181,25.4926598985961,340043200
2015-09-10,25.225990295410156,25.38509511963697,24.627666158595982,24.710578952953487,251571200
2015-09-11,25.5935001373291,25.5935001373291,25.04447642895034,25.051198903061266,199662000
2015-09-14,25.84000587463379,26.194071068119193,25.73916532279667,26.12460320839511,233453600
2015-09-15,26.057371139526367,26.11339403988128,25.64056062411118,25.978939420966142,173364800
2015-09-16,26.086503982543945,26.11563527506457,25.8691348569455,26.050648505887892,148694000
2015-09-17,25.528514862060547,26.10443021019383,25.483697225582045,25.91843548009313,256450400
2015-09-18,25.423192977905273,25.61367221795262,25.06912952639982,25.14531985467209,297141200
2015-09-21,25.817588806152344,25.853444276933047,25.470247908799738,25.47248759346132,200888000
2015-09-22,25.411983489990234,25.586774634919642,25.214781821099262,25.407500701324746,201384800
2015-09-23,25.618146896362305,25.707783861688494,25.389574258979287,25.463523173916702,143026800
2015-09-24,25.770530700683594,25.88257648633874,25.181170483623408,25.378370450890582,200878000
2015-09-25,25.705547332763672,26.149249454783625,25.550923581051936,26.09322655456149,224607600
2015-09-28,25.19685173034668,25.674166065237287,25.19685173034668,25.51281989296929,208436000
2015-09-29,24.439428329467773,25.436636933681488,24.170519104557986,25.28425458365043,293461600
2015-09-30,24.717294692993164,24.995167691809776,24.365471084188094,24.688161701958734,265892000
2015-10-01,24.555957794189453,24.564921663298826,24.047268907752663,24.441670600148974,255716400
2015-10-02,24.735227584838867,24.876406372152566,24.101049723055393,24.204131643026145,232079200
2015-10-05,24.82486915588379,24.957084099471995,24.441672694460394,24.623186357849537,208258800
2015-10-06,24.943632125854492,25.0399915694046,24.59853090266767,24.791249789767882,192787200
2015-10-07,24.82486915588379,25.046719378879786,24.51786473357705,25.039996903892536,187062400
2015-10-08,24.53803062438965,24.69265437816253,24.248952250228,24.69265437816253,247918400
2015-10-09,25.125152587890625,25.161006357395998,24.53579054393031,24.650077746740173,211064400
2015-10-12,25.00861930847168,25.266324960425933,24.972765545678314,25.2618438812079,121868800
2015-10-13,25.051197052001953,25.1990966005633,24.80245527017863,24.83382795350022,132197200
2015-10-14,24.69713020324707,24.990689594765872,24.551470349782807,24.939149494263113,177849600
2015-10-15,25.066883087158203,25.12066458509717,24.7598770216274,24.858477859251334,150694000
2015-10-16,24.883127212524414,25.09825490656156,24.76884003736367,25.04895448944583,156930400
2015-10-19,25.03775405883789,25.042235138369406,24.6747250681917,24.829348812117825,119036800
2015-10-20,25.494895935058594,25.584532900665106,24.833826519366045,24.950353377876468,195871200
2015-10-21,25.49266242980957,25.90050909798165,25.479215770415255,25.546443938336843,167180800
2015-10-22,25.882579803466797,25.882579803466797,25.568851221488128,25.62039304175565,166616400
2015-10-23,26.684831619262695,26.718445705584173,26.068579638874876,26.151492447493283,237467600
2015-10-26,25.833276748657227,26.47193740180466,25.75260364408249,26.460733848753367,265335200
2015-10-27,25.669692993164062,26.115634790275454,25.54420053688064,25.8601705077346,279537600
2015-10-28,26.72740364074707,26.73412782469506,26.00806982979809,26.203030131893545,342205600
2015-10-29,27.009763717651367,27.045619198870167,26.503316158378205,26.59967562704942,204909200
2015-10-30,26.778949737548828,27.1643876140152,26.7677444721953,27.11284578694581,197461200
2015-11-02,27.15542221069336,27.195758770132144,26.80359844046524,27.07026801173741,128813200
2015-11-03,27.466903686523438,27.67306752074972,27.04785183483226,27.068020965182114,182076000
2015-11-04,27.339170455932617,27.747017028773147,27.254016278195074,27.59239330450581,179544400
2015-11-05,27.213146209716797,27.611487144117117,27.046609074697137,27.42244355228266,158210800
2015-11-06,27.24465560913086,27.413443748226587,27.145634401755885,27.255908838537938,132169200
2015-11-09,27.134374618530273,27.41343712700554,27.017348959170107,27.222144292300733,135485600
2015-11-10,26.2791805267334,26.57174724647798,26.11939466862718,26.30843822890864,236511600
2015-11-11,26.13064956665039,26.4254655769582,25.928103495178785,26.1891632577425,180872000
2015-11-12,26.042877197265625,26.29043271814813,26.02712371094586,26.164404827590033,130102400
2015-11-13,25.282209396362305,26.00912433211974,25.266455906955873,25.925854906970567,183249600
2015-11-16,25.696304321289062,25.70980682190247,24.98064259975126,25.06616129863884,152426800
2015-11-17,25.586027145385742,25.892096384430133,25.502757727542303,25.86283868024117,110467600
2015-11-18,26.396209716796875,26.441219192006294,25.993368560767326,26.051882252140704,186698800
2015-11-19,26.731536865234375,26.94983644140062,26.276934951724414,26.474979060688888,173183200
2015-11-20,26.84856605529785,26.9880964780301,26.74729214650655,26.826059597565344,137148400
2015-11-23,26.499732971191406,26.94533433204748,26.407461314604493,26.841809448120213,129930000
2015-11-24,26.75404167175293,26.85981583506874,26.35795345282768,26.4052139204153,171212800
2015-11-25,26.5627498626709,26.83281189570902,26.53799413338403,26.828309917474165,85553200
2015-11-27,26.51323127746582,26.64826311618977,26.4659708207129,26.62125640504475,52185600
2015-11-30,26.623510360717773,26.873316886396125,26.49973173375955,26.55374344506798,156721200
2015-12-01,26.4074649810791,26.7382899936015,26.299441538419742,26.7247874925195,139409600
2015-12-02,26.168914794921875,26.580758297623625,26.12390530788423,26.407468166824764,133546400
2015-12-03,25.92584991455078,26.283681557878825,25.70530110533081,26.229669849886356,166278000
2015-12-04,26.78780174255371,26.8373132030574,25.90560284431139,25.946112064996072,231108000
2015-12-07,26.619007110595703,26.9745877701295,26.513232964797563,26.77654369346573,128336800
2015-12-08,26.607757568359375,26.691025267759507,26.29943734579293,26.447969985021057,137238000
2015-12-09,26.020376205444336,26.486231330206245,25.89884855763669,26.474978102501257,185445600
2015-12-10,26.14415168762207,26.31744176954201,25.99561904869208,26.114895700999856,116850800
2015-12-11,25.471248626708984,25.96861066941635,25.396981453503482,25.923601197959165,187544800
2015-12-14,25.313716888427734,25.35872636544817,24.70832963559441,25.246200955895596,257274800
2015-12-15,24.86586570739746,25.38573429187087,24.83435872858108,25.192190440855068,213292400
2015-12-16,25.05714988708496,25.20343321918921,24.48552248834074,24.996386939565244,224954000
2015-12-17,24.52603530883789,25.261950620429094,24.52603530883789,25.210188184389988,179091200
2015-12-18,23.862131118774414,24.647557767725505,23.812619678284488,24.510278387732047,385813200
2015-12-21,24.154708862304688,24.163711102613128,23.758618873742133,24.14345563266869,190362400
2015-12-22,24.1322021484375,24.2424765784534,23.95666105226723,24.170460378871354,131157600
2015-12-23,24.442771911621094,24.496783632553132,24.125449402516853,24.141202892663767,130629600
2015-12-24,24.312236785888672,24.5305363288565,24.294232310447736,24.5305363288565,54281600
2015-12-28,24.039928436279297,24.235723267087668,23.895896049363305,24.213216811568333,106816800
2015-12-29,24.472026824951172,24.62731244741854,24.048931881781158,24.071436621428216,123724800
2015-12-30,24.15245246887207,24.46302196351547,24.12094549334309,24.43601696563428,100855200
2015-12-31,23.6888484954834,24.087187669568237,23.58982559067075,24.082687408895573,163649200
2016-01-04,23.7091064453125,23.713608423784326,22.955186449441953,23.092467603803655,270597600
2016-01-05,23.11496925354004,23.821628682951236,23.047455038507994,23.79912394460722,223164000
2016-01-06,22.66261863708496,23.038454840426148,22.47582774698311,22.631111657212283,273829600
2016-01-07,21.706148147583008,22.534335128762088,21.70164788723477,22.208012167974665,324377600
2016-01-08,21.82093048095703,22.304790157866496,21.775920997198742,22.17876222974189,283192000
2016-01-11,22.17425537109375,22.293532022104593,21.906444365766593,22.273278273971293,198957600
2016-01-12,22.496076583862305,22.660364414739302,22.244019082941826,22.6288574417494,196616800
2016-01-13,21.91769790649414,22.772891657948627,21.8974441580709,22.577096838183675,249758400
2016-01-14,22.397056579589844,22.613106875133813,21.546364765015802,22.04597785408347,252680400
2016-01-15,21.85918426513672,21.989714145273158,21.46084509223923,21.649886945952915,319335600
2016-01-19,21.753414154052734,22.20126482709412,21.492354365866788,22.147253108401078,212350800
2016-01-20,21.782670974731445,22.097742493626843,21.024249027026293,21.40233450630044,289337600
2016-01-21,21.672391891479492,22.02797083685336,21.36632267791624,21.843429256646218,208646000
2016-01-22,22.824657440185547,22.833659680480253,22.138253358481553,22.196765344894477,263202000
2016-01-25,22.379047393798828,22.849402642694564,22.327284965206946,22.847151654407703,207178000
2016-01-26,22.502826690673828,22.70312174465863,22.07072961131343,22.48932419350668,300308000
2016-01-27,21.024242401123047,21.746655162652843,21.006237927545712,21.613876033272483,533478800
2016-01-28,21.175033569335938,21.271805503136676,20.79244781263631,21.10751934480162,222715200
2016-01-29,21.90644645690918,21.90644645690918,21.233544971670028,21.33256788400009,257666000
2016-02-01,21.701656341552734,21.76467031298408,21.46985421078659,21.71065858275749,163774000
2016-02-02,21.262798309326172,21.61387697436504,21.217787123422998,21.474344873566967,149428800
2016-02-03,21.683643341064453,21.79391774774974,21.17277880164377,21.379825117012427,183857200
2016-02-04,21.85787582397461,22.02305515087919,21.538833187512928,21.690435019918965,185886800
2016-02-05,21.274093627929688,21.93028280241884,21.19942517660604,21.839773653124055,185672400
2016-02-08,21.49810028076172,21.65422676564027,21.052344225150087,21.072707873748893,216085600
2016-02-09,21.493576049804688,21.70853547812662,21.253728290560428,21.335186345835517,177324800
2016-02-10,21.330665588378906,21.80131187098601,21.292199753844734,21.70401481954626,169374400
2016-02-11,21.20168113708496,21.432479494048906,20.95051913314548,21.22204651037848,200298800
2016-02-12,21.267301559448242,21.382700745252002,21.045555999939317,21.312556988350742,161405600
2016-02-16,21.866920471191406,21.914437372145343,21.40758870231874,21.50035930142369,196231600
2016-02-17,22.201810836791992,22.222174489604072,21.75605468895267,21.87371537772114,179452800
2016-02-18,21.780942916870117,22.376037647567838,21.742475365374155,22.36472335718932,156084000
2016-02-19,21.731163024902344,21.894079140646554,21.676858228427058,21.72211193777007,141496800
2016-02-22,21.921234130859375,21.92576053829812,21.70401318440241,21.792259139953092,137123200
2016-02-23,21.425695419311523,21.83524717134706,21.394017478619176,21.812620317469428,127770400
2016-02-24,21.74473762512207,21.808093505328504,21.11570177690352,21.265042117091483,145022800
2016-02-25,21.89408302307129,21.89408302307129,21.55241176009324,21.733430082201536,110330800
2016-02-26,21.92801856994629,22.179178881360585,21.853348401686738,21.993635925463597,115964400
2016-02-29,21.878236770629883,22.226695802651435,21.869185684903833,21.916702590227032,140865200
2016-03-01,22.74712562561035,22.801430426399506,22.04341951361982,22.095462837185025,201628400
2016-03-02,22.796897888183594,22.828575821585314,22.545735897414303,22.74259310611177,132678400
2016-03-03,22.966604232788086,23.014121137835684,22.729017981232012,22.758434441250582,147822800
2016-03-04,23.30828285217285,23.475723675015796,22.937196852186524,23.163468887608364,184220400
2016-03-07,23.050331115722656,23.267552046038453,22.844422750525865,23.16799180560761,143315600
2016-03-08,22.86026382446289,23.02544317251674,22.717713061364464,22.80369581471164,126247600
2016-03-09,22.88062286376953,22.98470776570407,22.68829030286975,22.923613365367988,108806800
2016-03-10,22.89194107055664,23.13405207582251,22.661144357421886,22.94624760120367,134054400
2016-03-11,23.138572692871094,23.143097372800096,22.966605508160118,23.13404628662392,109632800
2016-03-14,23.197404861450195,23.285652530351765,23.029964063512647,23.059380528585958,100304400
2016-03-15,23.663528442382812,23.799291310131537,23.498349106970874,23.523239167461966,160270800
2016-03-16,23.978036880493164,24.054968508645125,23.66578050987727,23.670306915249643,153214000
2016-03-17,23.9395809173584,24.09118275967689,23.74951151881701,23.876223300298903,137682800
2016-03-18,23.966732025146484,24.097970211506816,23.80155441672617,24.061765859551475,176820800
2016-03-21,23.964468002319336,24.358180793260605,23.79023759809888,23.96899268267387,142010800
2016-03-22,24.147748947143555,24.276723922528895,23.806077732017386,23.81512881948704,129777600
2016-03-23,24.014245986938477,24.22694221270348,23.96220439530553,24.093442565514504,102814000
2016-03-24,23.91016387939453,24.04140206498335,23.733671980446086,23.864910166034907,104532000
2016-03-28,23.801549911499023,24.02782188943492,23.772133449523714,23.984829661205282,77645600
2016-03-29,24.364973068237305,24.389863130469006,23.731410672679043,23.733673876423374,124760400
2016-03-30,24.790355682373047,24.984949708411346,24.5731348053271,24.58444909398996,182404400
2016-03-31,24.661380767822266,24.867289082816846,24.636490713782962,24.826560060417812,103553600
2016-04-01,24.887657165527344,24.88992036893003,24.48263007236564,24.61386824862732,103496000
2016-04-04,25.143339157104492,25.385450069271393,24.951006622744835,24.984947759768183,149424800
2016-04-05,24.846923828125,25.055095347121583,24.758677900221766,24.779043274678404,106314800
2016-04-06,25.107147216796875,25.111673624671656,24.708907913436978,24.94196958206201,105616400
2016-04-07,24.559566497802734,24.98495729540314,24.46453265892157,24.87860916442339,127207600
2016-04-08,24.586715698242188,24.837876023385373,24.475841178225927,24.6432836967458,94326800
2016-04-11,24.668176651000977,25.02795008659553,24.625186137977725,24.656864084971126,117630000
2016-04-12,24.98948097229004,25.003056740270104,24.58671707657627,24.740580383866106,108929200
2016-04-13,25.351511001586914,25.419391554856478,25.07093425017294,25.07093425017294,133029200
2016-04-14,25.36509132385254,25.43071041222434,25.190862640210334,25.256481728582134,101895600
2016-04-15,24.855976104736328,25.41034347919359,24.82882457258405,25.367351251528262,187756000
2016-04-18,24.31971549987793,24.652333892236424,24.197528411813874,24.638758124557654,243286000
2016-04-19,24.19074249267578,24.437378165902466,24.036877449985877,24.410224902021245,129539600
2016-04-20,24.240520477294922,24.45774140571795,23.998409488981064,24.12964767271117,122444000
2016-04-21,23.978036880493164,24.195257727785446,23.876213475428827,24.195257727785446,126210000
2016-04-22,23.912425994873047,24.0934442927117,23.672578217607494,23.76082416306627,134732400
2016-04-25,23.776660919189453,23.905635883328365,23.647685955050544,23.758558745828626,112126400
2016-04-26,23.611478805541992,23.826438204469056,23.511920316512022,23.511920316512022,224064800
2016-04-27,22.133928298950195,22.335310252927346,21.649706328003063,21.72211330329464,458408400
2016-04-28,21.457374572753906,22.147503149777744,21.326136396000567,22.086410468223406,328970800
2016-04-29,21.210739135742188,21.43248647977647,20.93242551178816,21.267307141980485,274126000
2016-05-02,21.18811798095703,21.287678251153437,20.907541077871446,21.262788183604336,192640400
2016-05-03,21.536571502685547,21.663283284817446,21.19716346370205,21.314824157636163,227325200
2016-05-04,21.312562942504883,21.69948790454765,21.228841670384366,21.541096448615743,164102000
2016-05-05,21.226051330566406,21.41500094311543,21.09856809165568,21.399065538251588,143562000
2016-05-06,21.107677459716797,21.273860744455853,20.90962162362799,21.25565009103631,174799600
2016-05-09,21.123611450195312,21.346707136876383,21.07808047762743,21.171417668769827,131745600
2016-05-10,21.267026901245117,21.30117469131813,20.96880645738688,21.24653926929856,134747200
2016-05-11,21.059865951538086,21.30117398285851,21.04848277628276,21.280686351593356,114876400
2016-05-12,20.565868377685547,21.121334074889095,20.367814295389742,21.107675651787034,305258800
2016-05-13,20.60684585571289,20.86864330441437,20.488468800183266,20.488468800183266,177571200
2016-05-16,21.371747970581055,21.487849775426163,20.864090236678617,21.032550487061453,245039200
2016-05-17,21.282962799072266,21.55841863488551,21.17369195249664,21.52427258084862,187667600
2016-05-18,21.52654457092285,21.674517151075783,21.3740197631964,21.435486124824305,168249600
2016-05-19,21.44459342956543,21.544759817778345,21.30117479475683,21.544759817778345,121768400
2016-05-20,21.676801681518555,21.724607903415812,21.517445871698555,21.544764457138047,128104000
2016-05-23,21.952245712280273,22.125259852937635,21.779231571622912,21.82476252275811,152074400
2016-05-24,22.28690528869629,22.33015754931581,22.045595433108833,22.13210342800652,140560800
2016-05-25,22.678455352783203,22.705772195110654,22.334703946589983,22.462187175661384,152675200
2016-05-26,22.858293533325195,22.931141324263248,22.45535283280195,22.69210858755771,225324800
2016-05-27,22.844636917114258,22.871955494258334,22.594222705527034,22.637476685131336,145364800
2016-05-31,22.733089447021484,22.856020440804034,22.49633365197679,22.67390006405315,169228800
2016-06-01,22.41438102722168,22.660243029826294,22.38478720234156,22.54186425664834,116693200
2016-06-02,22.245929718017578,22.27324657137526,21.997790633432217,22.218611127830464,160766400
2016-06-03,22.291454315185547,22.371131348908463,22.184458696973742,22.261860484611056,114019600
2016-06-06,22.45308494567871,23.19522331053951,22.207224637192535,22.307389304787257,93170000
2016-06-07,22.544137954711914,22.735364507821203,22.52820255335518,22.59422114092693,89638000
2016-06-08,22.52365493774414,22.664796596709508,22.46446554765898,22.541865588145942,83392400
2016-06-09,22.685285568237305,22.76268560736526,22.414381957631843,22.423488151087273,106405600
2016-06-10,22.498620986938477,22.616998070517113,22.41894393675772,22.430325380023866,126851600
2016-06-13,22.159408569335938,22.564626267611885,22.104773158208776,22.46673688189367,152082000
2016-06-14,22.18673324584961,22.41893684645813,22.025102213221146,22.15486243585689,127727600
2016-06-15,22.1138858795166,22.403001894795192,22.0888442801829,22.268687704111798,117780800
2016-06-16,22.20722007751465,22.252749304634087,21.870297891613266,21.956804117871677,125307200
2016-06-17,21.701839447021484,22.00233688641061,21.695010236076318,21.995507675465443,244032800
2016-06-20,21.64948272705078,21.9841280114565,21.63354732002332,21.85436777228174,137647600
2016-06-21,21.833881378173828,21.934046055117438,21.553871510958555,21.613060913354236,142185600
2016-06-22,21.751924514770508,22.056974208762426,21.70639354317016,21.911278573299274,116876400
2016-06-23,21.87713050842285,21.920384496701352,21.683628657792593,21.840707468421712,128960800
2016-06-24,21.262475967407227,21.54931498992115,21.091738743477556,21.150928134085255,301245600
2016-06-27,20.952869415283203,21.18279599784611,20.829938422729626,21.171412823102244,181958400
2016-06-28,21.305736541748047,21.321673689564705,20.97564514123071,21.14865941539771,161779600
2016-06-29,21.490129470825195,21.524277269128728,21.314838250054,21.392240041997287,146124000
2016-06-30,21.763303756713867,21.802003776043296,21.467360286935588,21.499231095422036,143345600
2016-07-01,21.829320907592773,21.961358097890752,21.7018376821071,21.738260716462143,104106000
2016-07-05,21.62443733215332,21.71777451182094,21.503783309132288,21.715497529265225,110820800
2016-07-06,21.74736976623535,21.776965330917307,21.483297087776542,21.535655532195683,123796400
2016-07-07,21.8407039642334,21.96818718902703,21.767856159090083,21.786066807754406,100558400
2016-07-08,22.009164810180664,22.05697102082978,21.86574617823332,21.965910827619155,115648400
2016-07-11,22.077465057373047,22.229989914574308,22.02055264168639,22.02510487073652,95179600
2016-07-12,22.17762565612793,22.241367272101378,22.109331811940137,22.120713250890383,96670000
2016-07-13,22.05242156982422,22.234540242351116,22.045590621589493,22.17535258561507,103568800
2016-07-14,22.48950958251953,22.53503881870016,22.154864312421935,22.17079971876806,155676000
2016-07-15,22.487228393554688,22.605607164408692,22.423486780092702,22.51909920028568,120548000
2016-07-18,22.726261138916016,22.79455498028692,22.446251352492066,22.469015966282367,145975600
2016-07-19,22.735366821289062,22.764960644869074,22.61471107093518,22.664794262246478,95119600
2016-07-20,22.755859375,22.869684202848237,22.70577617285413,22.764965569647345,105104000
2016-07-21,22.635204315185547,22.99261418904708,22.56690872682313,22.726264520725785,130808000
2016-07-22,22.459915161132812,22.6056107972683,22.380236394671762,22.59650460290621,113254800
2016-07-25,22.159408569335938,22.50088292833039,22.063796165656306,22.366570514136875,161531600
2016-07-26,22.006881713867188,22.302826825376364,21.949969326025286,22.041029493937977,224959200
2016-07-27,23.436525344848633,23.75523512840097,23.39099612012484,23.737022743780013,369379200
2016-07-28,23.752965927124023,23.77800752997383,23.40693919011725,23.40921617314791,159479200
2016-07-29,23.723373413085938,23.80077520896637,23.602719358194836,23.718821183600856,110934800
2016-08-01,24.142244338989258,24.165008954984405,23.76889907881645,23.76889907881645,152671600
2016-08-02,23.784835815429688,24.146797919457065,23.675563220974293,24.1422456907347,135266400
2016-08-03,24.083059310913086,24.09444075255813,23.850855669940664,23.859961865354208,120810400
2016-08-04,24.231830596923828,24.261584742018446,24.09678879267462,24.16545435364713,109634800
2016-08-05,24.60033416748047,24.639243840287477,24.302785707365693,24.32338432959132,162213600
2016-08-08,24.804033279418945,24.804033279418945,24.52708526060686,24.60948147407652,112148800
2016-08-09,24.904747009277344,24.93450290293659,24.72164174276166,24.771996258580785,105260800
2016-08-10,24.719343185424805,24.92533806121746,24.664411800625842,24.881849769039775,96034000
2016-08-11,24.70332908630371,24.932211964247323,24.685018036971154,24.83836914609631,109938000
2016-08-12,24.76055145263672,24.820061493806705,24.66899794612241,24.66899794612241,74641600
2016-08-15,25.058094024658203,25.07182643622555,24.73765770026603,24.751390111833377,103472800
2016-08-16,25.035205841064453,25.22975766317112,24.996296175138156,25.092426554334043,135177600
2016-08-17,24.998586654663086,25.032919433468297,24.797168616999258,24.97112008237138,101424000
2016-08-18,24.96653938293457,25.085557685558168,24.952805225766053,25.00087215649976,87938800
2016-08-19,25.030630111694336,25.10616187580563,24.801747248014788,24.895588314079816,101472400
2016-08-22,24.836076736450195,24.971116769936508,24.685013228240997,24.91618537887745,103280800
2016-08-23,24.913894653320312,25.02146985831504,24.840652220635842,24.854384631065013,85030800
2016-08-24,24.726211547851562,24.891007462865762,24.64610290756338,24.849808484112213,94700400
2016-08-25,24.62092399597168,24.69187710883518,24.417218433164564,24.57972501999736,100344800
2016-08-26,24.476730346679688,24.70790074719465,24.33253304649595,24.584305555947743,111065200
2016-08-29,24.449268341064453,24.591176350488606,24.327960698184036,24.403492465114848,99881200
2016-08-30,24.261585235595703,24.37602667538625,24.147143795805157,24.215809358174603,99455600
2016-08-31,24.28447151184082,24.3920467372776,24.179185603989712,24.183764239161054,118649600
2016-09-01,24.428665161132812,24.444686889348482,24.174605080686185,24.29362338368296,106806000
2016-09-02,24.657556533813477,24.719354150845867,24.449272248607475,24.650688579709424,107210000
2016-09-06,24.650680541992188,24.788011639486246,24.60719399094068,24.696458156569353,107521600
2016-09-07,24.801753997802734,24.89330751743834,24.506494813752923,24.680446326436766,169457200
2016-09-08,24.151718139648438,24.552263136701015,24.087631219518045,24.547686247936387,212008000
2016-09-09,23.604692459106445,24.197500068374616,23.604692459106445,23.950306121353805,186228000
2016-09-12,24.133407592773438,24.197494509596165,23.467357679571137,23.4948242494541,181171200
2016-09-13,24.707901000976562,24.90016348778386,24.54539439990324,24.60719374239886,248704800
2016-09-14,25.582233428955078,25.870626286950476,24.8566752687782,24.88643115460536,443554800
2016-09-15,26.451990127563477,26.48861222068165,25.97591339445229,26.06060067510993,359934400
2016-09-16,26.303218841552734,26.58016690302219,26.101802545821595,26.348996463017336,319547600
2016-09-19,25.996517181396484,26.5916123030239,25.920985414072987,26.365018747291153,188092000
2016-09-20,25.994226455688477,26.1201127277421,25.751611181808023,25.87520813630495,138057200
2016-09-21,25.989652633666992,26.090359916955993,25.735592488260867,26.058316452331603,144012800
2016-09-22,26.234554290771484,26.307796736816936,26.09264628757944,26.172754940092023,124296000
2016-09-23,25.797386169433594,26.273462923090836,25.531882967818554,26.188775638778342,209924800
2016-09-26,25.8362979888916,25.953028742676437,25.53188509596385,25.552483716270608,119477600
2016-09-27,25.884357452392578,25.90495781437669,25.71269533622015,25.86375883664581,98429600
2016-09-28,26.081205368041992,26.239135125485873,25.96218703015939,26.021697072219652,118564400
2016-09-29,25.67607879638672,26.046869650892393,25.58910393995395,25.9003847630911,143548000
2016-09-30,25.875205993652344,25.94844843326282,25.58910244107431,25.74016420879201,145516400
2016-10-03,25.753894805908203,25.875204170493372,25.69896341663017,25.797383101631894,86807200
2016-10-04,25.8637638092041,26.163599804302354,25.77907652029831,25.877496222342135,118947200
2016-10-05,25.875205993652344,26.014824667009425,25.79280803081087,25.95531463912669,85812400
2016-10-06,26.067468643188477,26.170465231130333,25.89351718159294,26.023980341230185,115117200
2016-10-07,26.106382369995117,26.220823817166742,25.98049782584907,26.163603093580928,97433600
2016-10-10,26.561859130859375,26.72207644962108,26.257444478974328,26.326108295770283,144944000
2016-10-11,26.619070053100586,27.166099799536674,26.596180376356248,26.939504572675325,256164000
2016-10-12,26.85711097717285,27.003597597873863,26.722070942935716,26.85940029446563,150347200
2016-10-13,26.77472496032715,26.88001089480586,26.486331989914433,26.731236646389245,140769600
2016-10-14,26.923492431640625,27.0470893958653,26.809050992125677,26.9807131513981,142608800
2016-10-17,26.905179977416992,26.97155446787286,26.72893920331153,26.85482547052972,94499600
2016-10-18,26.88687515258789,27.056248013485135,26.88229651659073,27.04938180572738,98214000
2016-10-19,26.806766510009766,26.953251429771733,26.046875333905316,26.836520659067105,80138400
2016-10-20,26.793027877807617,26.866270325468047,26.625944362631184,26.747252002858986,96503200
2016-10-21,26.6877384185791,26.75869328542046,26.61449598066098,26.73580360475311,92770800
2016-10-24,26.928070068359375,26.94866868851393,26.779295853260383,26.80218379106691,94154800
2016-10-25,27.065399169921875,27.090576425127797,26.8502487149759,26.99673361095342,192516000
2016-10-26,26.456562042236328,26.48173928996236,25.934709537073495,26.163592337319454,264536800
2016-10-27,26.202510833740234,26.518368554939595,26.11553422850968,26.410793330304532,138248000
2016-10-28,26.0285587310791,26.36959369845516,25.966759381906105,26.062891508815476,151446800
2016-10-31,25.98735809326172,26.145287813056154,25.909537018929132,26.012535345583657,105677600
2016-11-01,25.51814842224121,26.040001040121055,25.29842109609378,25.96904791551526,175303200
2016-11-02,25.54104232788086,25.71499382324578,25.458646089274286,25.497555763718104,113326800
2016-11-03,25.267271041870117,25.642264957129893,25.20285508147735,25.531838097943226,107730400
2016-11-04,25.03951644897461,25.363899130694815,24.87157506122732,24.968199017619202,123348000
2016-11-07,25.40070343017578,25.423708878055244,25.18214728731297,25.324783872490706,130240000
2016-11-08,25.550247192382812,25.702086352165576,25.23736809513683,25.377703650013498,97016800
2016-11-09,25.508834838867188,25.61006093811463,24.85777191973571,25.27877679890741,236705600
2016-11-10,24.797954559326172,25.557144983620535,24.34704104396992,25.557144983620535,228538000
2016-11-11,24.945188522338867,25.04641460202416,24.512680122670883,24.6438131098981,136575600
2016-11-14,24.319433212280273,24.802554705796396,23.94443926956893,24.779549254715324,204702000
2016-11-15,24.64151382446289,24.772646821194414,24.422959414978134,24.517282287264077,129058000
2016-11-16,25.304080963134766,25.359296151320716,24.524184420842918,24.547189871652037,235362000
2016-11-17,25.294878005981445,25.38690156287228,25.037214152931146,25.262670024350157,110528000
2016-11-18,25.3201847076416,25.43061332773471,25.22816290530128,25.24196582461165,113715600
2016-11-21,25.704383850097656,25.76419767272217,25.30868376711859,25.333990290230282,117058400
2016-11-22,25.72047996520996,25.863114773392986,25.62845643254817,25.754987254155598,103862000
2016-11-23,25.589351654052734,25.653767612066698,25.38229910671984,25.619258561644013,109705600
2016-11-25,25.71817970275879,25.736584760910358,25.52493010257322,25.566340605812773,45903600
2016-11-28,25.667572021484375,25.874624580847378,25.626161509611773,25.635364040606053,108776000
2016-11-29,25.642269134521484,25.77340214817063,25.322488596759477,25.485829595852017,114115200
2016-11-30,25.426008224487305,25.812505717013426,25.368493727118555,25.67447127436906,144649200
2016-12-01,25.18905258178711,25.522637770046657,25.083226101264454,25.39150476644213,148347600
2016-12-02,25.283376693725586,25.327086523891644,25.041815071172717,25.115433567203517,106112000
2016-12-05,25.101627349853516,25.313280278734737,24.903777338663584,25.306378819889094,137298000
2016-12-06,25.294878005981445,25.389202634475474,25.12003517861256,25.19135260148136,104782000
2016-12-07,25.5433406829834,25.580150807244582,25.113133325701664,25.136138775763236,119994800
2016-12-08,25.794097900390625,25.865415302989362,25.4444088346359,25.504224392894475,108273200
2016-12-09,26.215103149414062,26.387646614869272,25.83780824536823,25.83780824536823,137610400
2016-12-12,26.065568923950195,26.45666677418299,25.879220773133106,26.06326785277385,105497600
2016-12-13,26.500381469726562,26.668322826103353,26.169097389460877,26.189801766875863,174935200
2016-12-14,26.500381469726562,26.732738784998737,26.452069500555023,26.46587241883168,136127200
2016-12-15,26.645313262939453,26.854666852226416,26.509579906968934,26.54408719733231,186098000
2016-12-16,26.679828643798828,26.80175911257715,26.606210148204177,26.794857652865684,177404400
2016-12-19,26.833967208862305,27.00420965154858,26.629215712268476,26.640719315305457,111117600
2016-12-20,26.90528106689453,27.031813662716168,26.84316618225683,26.856969099908948,85700000
2016-12-21,26.930593490600586,27.008814136586548,26.86617752049659,26.87077966419176,95132800
2016-12-22,26.753448486328125,26.804061533698256,26.60391041597186,26.767251406445986,104343600
2016-12-23,26.806358337402344,26.806358337402344,26.592404319614282,26.592404319614282,56998000
2016-12-27,26.976606369018555,27.100837921736478,26.799460694600874,26.80636215499572,73187600
2016-12-28,26.861572265625,27.151444078578333,26.732738593553627,27.03641507988799,83623600
2016-12-29,26.85466957092285,26.942090974031995,26.778750014031598,26.790251860249484,60158000
2016-12-30,26.645313262939453,26.962792620703265,26.555590797588746,26.836261793897304,122345200
2017-01-03,26.721237182617188,26.762647693029223,26.401456701458834,26.640717233261352,115127600
2017-01-04,26.69133186340332,26.804061561829098,26.62921696760427,26.652222419559344,84472400
2017-01-05,26.827058792114258,26.88457328197726,26.64301172247148,26.66831823842744,88774400
2017-01-06,27.12614631652832,27.183660830721415,26.794862153110923,26.86617958904518,127007600
2017-01-09,27.374601364135742,27.47582744741152,27.133041513413918,27.13534082970417,134247600
2017-01-10,27.402210235595703,27.46432512719422,27.21586380559681,27.32398959799397,97848400
2017-01-11,27.549448013305664,27.59085852729163,27.284880938128854,27.317088920650892,110354400
2017-01-12,27.434423446655273,27.44592705164939,27.19516285544784,27.353903477307504,108344800
2017-01-13,27.3861026763916,27.519536728605953,27.333188567684832,27.402206665093118,104447600
2017-01-17,27.606958389282227,27.66217181460391,27.19745545400704,27.22506128906631,137759200
2017-01-18,27.60466766357422,27.72199777215826,27.54025168402339,27.606968735759263,94852000
2017-01-19,27.556350708007812,27.62766813604499,27.462027827881563,27.468929287987937,102389200
2017-01-20,27.606958389282227,27.710483781160775,27.544843505195725,27.710483781160775,130391600
2017-01-23,27.6253662109375,27.79330757501292,27.554047034431193,27.606961148922757,88200800
2017-01-24,27.60005760192871,27.629964509038164,27.491930064774497,27.503433666464463,92844000
2017-01-25,28.039470672607422,28.090083717527474,27.671378193920752,27.703586176105624,129510400
2017-01-26,28.053274154663086,28.168303159062784,27.97505351896557,27.991157509373394,105350400
2017-01-27,28.055572509765625,28.14759606117314,27.975052560485274,28.099284091604925,82251600
2017-01-30,27.981950759887695,27.981950759887695,27.758795999365482,27.82091088008753,121510000
2017-01-31,27.917543411254883,27.926745943679823,27.749602021309595,27.87153250433377,196804000
2017-02-01,29.61996841430664,30.020270610409472,29.21966797340711,29.224268361259686,447940000
2017-02-02,29.569353103637695,29.76720311498404,29.396809611547503,29.44282226256012,134841600
2017-02-03,29.695886611938477,29.721193131971837,29.484233676389646,29.51874097170494,98029200
2017-02-06,29.974258422851562,30.022572152503574,29.654477909689444,29.70739378273852,107383600
2017-02-07,30.259531021118164,30.388362950360797,30.011067938833033,30.03177231808843,152735200
2017-02-08,30.376859664916992,30.418271934267572,30.188213912384082,30.21812257855912,92016400
2017-02-09,30.596363067626953,30.603294449258463,30.29599026963115,30.41844937928978,113399600
2017-02-10,30.527050018310547,30.71651721121805,30.510877967438446,30.605611563892197,80262000
2017-02-13,30.797365188598633,30.919827764247323,30.672596854364244,30.748845540805995,92141600
2017-02-14,31.197107315063477,31.213279362962442,30.788138188350544,30.83897066853526,132904800
2017-02-15,31.31031608581543,31.485920446782508,31.10467692017684,31.31262889622328,142492400
2017-02-16,31.273347854614258,31.400425496207777,31.15550735154518,31.3472837446891,90338400
2017-02-17,31.35883331298828,31.384249543266176,31.21558011994466,31.21558011994466,88792800
2017-02-21,31.585290908813477,31.596844390681486,31.418930641671555,31.476694525383955,98028800
2017-02-22,31.680009841918945,31.682319126971226,31.448954414153693,31.522890317713035,83347600
2017-02-23,31.54599952697754,31.765501493928575,31.492857761966008,31.74239806487526,83152800
2017-02-24,31.576040267944336,31.576040267944336,31.25718260233658,31.40274867152735,87106400
2017-02-27,31.63842010498047,31.756260637263946,31.488235477341306,31.686943299266535,81029600
2017-02-28,31.652278900146484,31.756253119716007,31.58527086321527,31.6730730389353,93931600
2017-03-01,32.29923629760742,32.3824163916019,31.79322787856917,31.860232400519113,145658400
2017-03-02,32.10746765136719,32.41245901933764,32.06125373976054,32.34776377384007,104844000
2017-03-03,32.296932220458984,32.308485698692934,32.021975656373144,32.06587675828622,84432400
2017-03-06,32.19526672363281,32.29462240405926,32.024287940837276,32.2021981053339,87000000
2017-03-07,32.23686218261719,32.34314573112953,32.06818914049128,32.13057510847794,69785200
2017-03-08,32.116695404052734,32.30154039927301,32.07510713108132,32.10514193079677,74828800
2017-03-09,32.04276657104492,32.06818281034635,31.666148603102606,32.056632858903505,88623600
2017-03-10,32.149051666259766,32.199884141766816,32.03352395385757,32.17446790401329,78451200
2017-03-13,32.16291427612305,32.21605603640242,32.07511561253668,32.08204699319808,69686800
2017-03-14,32.11439895629883,32.26689287710669,32.0797385226766,32.18602558324106,61236400
2017-03-15,32.45404052734375,32.52104503689061,32.123629497551406,32.21143167096657,102767200
2017-03-16,32.5072021484375,32.583450894228214,32.40784644005779,32.51413353208871,76928000
2017-03-17,32.3454475402832,32.57881223101058,32.322340589443556,32.57881223101058,175540000
2017-03-20,32.68510055541992,32.69434122074406,32.40089985653458,32.44017885400737,86168000
2017-03-21,32.310787200927734,32.994712755487875,32.28537096518604,32.83528396089231,158119600
2017-03-22,32.67585754394531,32.717449353469824,32.2923046950709,32.313102362646134,103440800
2017-03-23,32.560333251953125,32.71283069351587,32.488706627299024,32.638891257984966,81385200
2017-03-24,32.49564743041992,32.74980990671602,32.42864288246588,32.694355313989405,89582400
2017-03-27,32.551082611083984,32.629640593044236,32.02889520312705,32.2068088304343,94300400
2017-03-28,33.225772857666016,33.281223906665865,32.491014727782115,32.55802277949188,133499200
2017-03-29,33.29970169067383,33.38519458243014,33.08482187019614,33.19803675493689,116760000
2017-03-30,33.255802154541016,33.38750542533572,33.15645002446834,33.31587881516693,84829200
2017-03-31,33.19342041015625,33.33436434857821,33.043232281161146,33.20728317039026,78646800
2017-04-03,33.202667236328125,33.29971010159959,33.052482605089835,33.20498004721343,79942800
2017-04-04,33.44988250732422,33.47760801988151,33.08019255364519,33.09867740389161,79565600
2017-04-05,33.2765998840332,33.60932022602162,33.228076698482546,33.322810259170346,110871600
2017-04-06,33.19342041015625,33.3921281999704,33.14489722371151,33.33898291823909,84596000
2017-04-07,33.11948776245117,33.31357349667773,33.10331571407883,33.209599248029676,66688800
2017-04-10,33.08020782470703,33.24425874286062,33.01782186702875,33.17956349994475,75733600
2017-04-11,32.72438430786133,33.121799961435954,32.36162556132028,33.02706638137571,121517600
2017-04-12,32.76366424560547,32.84453153953262,32.58112846168498,32.71745385970046,81400000
2017-04-13,32.590389251708984,32.89769358663801,32.590389251708984,32.78909718536128,71291600
2017-04-17,32.77058410644531,32.78213758026646,32.54876939620501,32.68971331532249,66328400
2017-04-18,32.62502670288086,32.81911242204733,32.60423255989005,32.67354989548555,58790000
2017-04-19,32.50487518310547,32.809870033463476,32.451733423043436,32.782144510931275,69313600
2017-04-20,32.911537170410156,33.0224427935341,32.615786491662185,32.6296492538494,93278400
2017-04-21,32.87224578857422,32.96697580305148,32.775202964186015,32.91152477518671,69283600
2017-04-24,33.18879699707031,33.260423605852495,33.08250996345363,33.156449382600115,68537200
2017-04-25,33.39445114135742,33.47994054817826,33.241953665168516,33.25119785952204,75486000
2017-04-26,33.19804000854492,33.41061409080594,33.12872620522698,33.38057575895097,80164800
2017-04-27,33.22345733642578,33.30895023936952,33.11255172184781,33.25349566926757,56985200
2017-04-28,33.19111251831055,33.341300669562116,33.103313848608956,33.2927774759267,83441600
2017-05-01,33.86809539794922,34.011348594243834,33.4937868395665,33.52613444923384,134411600
2017-05-02,34.0829963684082,34.217008984757335,33.92818960270159,34.08992775152736,181408800
2017-05-03,33.9790153503418,34.07837103137064,33.334372168846535,33.63936354242312,182788000
2017-05-04,33.8565673828125,33.99751140069263,33.6902071149662,33.85425809668019,93487600
2017-05-05,34.41802978515625,34.42264835683271,33.90970485056654,33.90970485056654,109310800
2017-05-08,35.353790283203125,35.51321909494186,34.43419065356473,34.43419065356473,195009600
2017-05-09,35.580230712890625,35.78586992640068,35.455458793091545,35.55250166092058,156521600
2017-05-10,35.41155242919922,35.56867194825436,35.145840106230295,35.4970453320954,103222800
2017-05-11,35.717803955078125,35.74564745729754,35.3373091330769,35.36979026885097,109020400
2017-05-12,36.21662521362305,36.29086629146974,35.884850329613776,35.89181032003133,130108000
2017-05-15,36.12382507324219,36.34423306457839,35.973020537111836,36.19574734555601,104038800
2017-05-16,36.07046890258789,36.2073534744759,35.89646201081115,36.17951350464899,80194000
2017-05-17,34.8593864440918,35.86166800652939,34.73410301887703,35.63661877256113,203070800
2017-05-18,35.39066696166992,35.57627495183137,35.06353681745834,35.09601795022325,134272800
2017-05-19,35.51131057739258,35.72475851433993,35.411548368459925,35.585555185119176,107843200
2017-05-22,35.72709655761719,35.86398113051497,35.476526206788755,35.72941537506011,91865600
2017-05-23,35.68301010131836,35.93821805739705,35.569324336589276,35.93821805739705,79675600
2017-05-24,35.57628631591797,35.76885435745666,35.4208405923051,35.69229090430183,76712000
2017-05-25,35.69926452636719,35.81063152266454,35.504377593117475,35.66678337082557,76942400
2017-05-26,35.63893127441406,35.78509819474404,35.56932781043888,35.72941471552804,87710400
2017-05-30,35.65285110473633,35.82917681122101,35.57396883132312,35.59484880837146,80507600
2017-05-31,35.44172286987305,35.76885667999995,35.35356178429862,35.722455549669306,97804800
2017-06-01,35.539161682128906,35.57396518048359,35.31643486944589,35.536842864976805,65616400
2017-06-02,36.06583023071289,36.06583023071289,35.471887231987566,35.631974149961714,111082800
2017-06-05,35.713165283203125,35.83381102746354,35.604124244177186,35.808289880411884,101326800
2017-06-06,35.83381271362305,36.1493453010279,35.67836700705885,35.70620697236029,106499600
2017-06-07,36.04726791381836,36.18879366602264,35.840779869472385,35.966066818730944,84278400
2017-06-08,35.95909118652344,36.08669335761769,35.822203128879956,36.01941227722577,85003200
2017-06-09,34.564720153808594,36.00549844870563,33.87797509248136,36.00549844870563,259530800
2017-06-12,33.73876953125,33.89421523399402,33.06362206785271,33.81301415713416,289229200
2017-06-13,34.01021957397461,34.20974757944908,33.67612584014028,34.14246648535844,136661600
2017-06-14,33.678443908691406,34.2213443869501,33.37219017828201,34.2213443869501,126124800
2017-06-15,33.47660446166992,33.520686774191034,32.9940284619106,33.25155880437353,128661600
2017-06-16,33.00795364379883,33.52533322761829,32.991711298658295,33.358286301332036,201444400
2017-06-19,33.95221710205078,34.045022883262455,33.330434298736115,33.330434298736115,130165600
2017-06-20,33.64364242553711,34.075179545849174,33.62740362744633,34.075179545849174,99600400
2017-06-21,33.843177795410156,33.88958246333637,33.55084750444229,33.76197670689753,85063200
2017-06-22,33.78749084472656,34.03573877374179,33.66916392232728,33.81997198142515,76425200
2017-06-23,33.93828582763672,34.1424549381907,33.666835645746936,33.6714768183079,141757600
2017-06-26,33.83156967163086,34.40231009217581,33.729485098153745,34.14477984187781,102769600
2017-06-27,33.346675872802734,33.910459977521306,33.32115472336808,33.64364731703564,99047600
2017-06-28,33.833892822265625,33.89885509731291,33.21442885223566,33.52300142879953,88329600
2017-06-29,33.33506774902344,33.67148379594912,33.01025640599368,33.5740403930402,125997600
2017-06-30,33.41395950317383,33.63204867536002,33.35827603149477,33.51372174056437,92096400
2017-07-03,33.29331588745117,33.71093310139228,33.20051363554381,33.613489674835854,57111200
2017-07-05,33.430198669433594,33.59260437172023,33.11234725637412,33.33739642246375,86278400
2017-07-06,33.11466979980469,33.29331786251225,33.040428701910386,33.18195444558119,96515200
2017-07-07,33.451072692871094,33.58331958846352,33.154101307185634,33.154101307185634,76806800
2017-07-10,33.655250549316406,33.86173857462647,33.26315447492133,33.434842539856305,84362400
2017-07-11,33.7642822265625,33.83852683386078,33.49747319196195,33.57867424849451,79127200
2017-07-12,33.813018798828125,33.91509986316414,33.59957078037794,33.84317758457734,99538000
2017-07-13,34.283992767333984,34.45103963699194,33.74341102804902,33.75733101049074,100797600
2017-07-14,34.578651428222656,34.6459360822605,34.18191765786568,34.33040341206484,80528400
2017-07-17,34.699283599853516,35.010174972615246,34.46959683558217,34.52759911588152,95174000
2017-07-18,34.81993103027344,34.83153219493407,34.49279730380701,34.61576186081721,71475200
2017-07-19,35.03801727294922,35.13081950217448,34.78976582249554,34.912730369299176,83692000
2017-07-20,34.8802490234375,35.205063904111555,34.84544907273368,35.14938044280735,68974800
2017-07-21,34.864013671875,34.90345479996306,34.541521116163516,34.799051397356024,105010400
2017-07-24,35.2862663269043,35.36747093524196,34.7781657860091,34.93593382901929,85972800
2017-07-25,35.43707275390625,35.69228065092934,35.21898362396672,35.21898362396672,75415600
2017-07-26,35.604122161865234,35.71316319451389,35.51131638702401,35.57860101630619,63124000
2017-07-27,34.93129348754883,35.727086631610675,34.17494501031293,35.671403166837266,129905200
2017-07-28,34.685359954833984,34.85472560416631,34.61343770128921,34.775843360935134,68854800
2017-07-31,34.506717681884766,34.877933714220624,34.36751432489266,34.778167945206754,79383600
2017-08-01,34.81297302246094,34.85241415241093,34.43247816509669,34.59256504206811,141474400
2017-08-02,36.45792007446289,37.06346413718461,36.23055208383855,36.954419546336645,279747200
2017-08-03,36.09367370605469,36.47416866048852,35.9660679353221,36.437046338060945,108389200
2017-08-04,36.283912658691406,36.51824063755716,36.12150695352806,36.209671567836246,82239600
2017-08-07,36.84538269042969,36.87090384556407,36.348883114325915,36.439366566133344,87481200
2017-08-08,37.14002227783203,37.54603825885882,36.72008631531287,36.79664975369933,144823600
2017-08-09,37.367393493652344,37.416116973301776,36.914976354816375,36.949776311581175,104526000
2017-08-10,36.17717361450195,37.267238638725885,36.01645807921951,37.243945192944345,163217200
2017-08-11,36.68027877807617,36.93416454339408,36.35186393739302,36.47531138153877,105028400
2017-08-14,37.23230743408203,37.31615887536622,36.97609370957996,37.108859972480495,88490800
2017-08-15,37.63990783691406,37.779657832245334,37.29984276218854,37.420962268073296,117862000
2017-08-16,37.48851013183594,37.85186512027864,37.30217323789386,37.71910243792333,110686400
2017-08-17,36.76879119873047,37.43261533993221,36.76413179853818,37.388359923307966,111762400
2017-08-18,36.6849365234375,37.15077698722718,36.50325902688598,36.76878794908287,109712400
2017-08-21,36.61739730834961,36.775781386413854,36.12826331840998,36.68494262303436,105474000
2017-08-22,37.216007232666016,37.267249985722934,36.806068762292554,36.85498003761294,86418400
2017-08-23,37.262577056884766,37.37670924800208,37.00636693869412,37.050622350639216,77596400
2017-08-24,37.09720993041992,37.43960298887121,36.929507062848636,37.367394724546074,79275600
2017-08-25,37.2346305847168,37.39767404573715,37.09720849286256,37.18571576937024,101920400
2017-08-28,37.60963439941406,37.73308185201082,37.25093521127621,37.29985002932449,103864000
2017-08-29,37.945037841796875,37.99394910280157,37.2672390780848,37.29053252414095,118067600
2017-08-30,38.04751205444336,38.17328738530216,37.87514984526369,38.15232542250566,109078400
2017-08-31,38.198917388916016,38.32003690260881,38.07779787522322,38.11506596467956,107140400
2017-09-01,38.2105712890625,38.41787018874405,38.11274520142325,38.385261492864295,66364400
2017-09-05,37.751712799072266,38.257149291687355,37.39767304031707,38.14068917207796,117874000
2017-09-06,37.71211624145508,37.963670522676125,37.38835725576962,37.898453140961124,86606800
2017-09-07,37.56071853637695,37.788982942143555,37.351091731330314,37.75404277191512,87714000
2017-09-08,36.948143005371094,37.53509951790412,36.92484955709291,37.46755420442734,114446000
2017-09-11,37.616634368896484,37.74474126487017,37.241632484727475,37.38371403224697,126323200
2017-09-12,37.467559814453125,38.18961417021549,36.98075723764855,37.87517034178439,286856000
2017-09-13,37.18571090698242,37.257919159067484,36.78043200745177,37.23695363861418,179629600
2017-09-14,36.866615295410156,37.127484826851486,36.822359881166186,37.03199022957224,95042800
2017-09-15,37.23929977416992,37.493182055504654,36.801408460248126,36.910881288728575,196458400
2017-09-18,36.95746994018555,37.383714589093124,36.80141373879572,37.29287579861003,113077600
2017-09-19,36.97142791748047,37.213666952238235,36.903882613105765,37.153105416508424,83242400
2017-09-20,36.35186767578125,36.86196007366764,35.83012499967972,36.77810863561706,211805600
2017-09-21,35.72763442993164,36.28897304494731,35.578565622840415,36.28897304494731,150046800
2017-09-22,35.37825012207031,35.466760938093564,35.06846582006925,35.296726627935186,186581600
2017-09-25,35.0661506652832,35.36428835466453,34.74239160162309,34.935715870439076,177549200
2017-09-26,35.66940689086914,35.85108440127797,35.331673239677386,35.35263520916742,146640000
2017-09-27,35.92329788208008,36.037430111752734,35.76258230191636,35.823143856228384,102016800
2017-09-28,35.70201873779297,35.93493900803122,35.56692455456503,35.84410024480155,88022000
2017-09-29,35.897674560546875,35.90000603809825,35.40388467475769,35.685719794188195,105199200
2017-10-02,35.825462341308594,35.97453115605567,35.571580127050126,35.93027574081998,74795200
2017-10-03,35.98150634765625,36.12358779147083,35.848743700791964,35.87203358500831,64921200
2017-10-04,35.748600006103516,35.837110840962715,35.51102390318841,35.78354017706002,80655200
2017-10-05,36.19347381591797,36.20512053804694,35.88136156571288,35.91163877835149,85135200
2017-10-06,36.17251205444336,36.21676746633701,36.00014980656297,36.09564795285132,69630400
2017-10-09,36.29828643798828,36.50558529280248,36.21676649297357,36.29129911567504,65051600
2017-10-10,36.3122673034668,36.80140127367339,36.12593393775108,36.349535398242395,62468000
2017-10-11,36.463661193847656,36.563815182604465,36.277324306816766,36.32856703960228,67622400
2017-10-12,36.3355598449707,36.654659457585346,36.27267038086556,36.41708335599889,64500400
2017-10-13,36.566139221191406,36.633684507533886,36.43104509442666,36.505577701629406,65576800
2017-10-16,37.23929977416992,37.26724907366899,36.71988493126674,36.77811500794435,96486000
2017-10-17,37.37670135498047,37.46986800481522,37.08787905396494,37.21598586304763,75989200
2017-10-18,37.211341857910156,37.432618962445325,37.174077315008596,37.36507009240364,65496800
2017-10-19,36.330894470214844,36.58710813067184,36.107293052070986,36.510244032534736,170336800
2017-10-20,36.3937873840332,36.74316774291992,36.32624207844399,36.477638812329246,95896400
2017-10-23,36.375152587890625,36.72919233940038,36.219096457297425,36.542855441022574,87937200
2017-10-24,36.59177017211914,36.666302798854936,36.38213982913323,36.403101797207604,71028800
2017-10-25,36.43105697631836,36.696585917849305,36.16552803478742,36.54751710074563,84828400
2017-10-26,36.66397476196289,36.7618008334198,36.517233877737176,36.62204727186381,68002000
2017-10-27,37.97765350341797,38.105760372075004,36.96444883340868,37.10187094974917,177816800
2017-10-30,38.832462310791016,39.14690605329501,38.13370159774283,38.1732976116592,178803200
2017-10-31,39.37284469604492,39.514926216689624,38.88371421404958,39.107315704652706,144187200
2017-11-01,38.87206268310547,39.58247019850598,38.573925029770365,39.566164074081144,134551200
2017-11-02,39.15620803833008,39.247046758099586,38.49704356243149,38.80449987800804,165573600
2017-11-03,40.178741455078125,40.588679798570986,39.85731038613164,40.528121815557064,237594400
2017-11-06,40.58635330200195,40.75871556536482,39.997065357610694,40.14846209750659,140105200
2017-11-07,40.7167854309082,40.81927090225437,40.43495393878697,40.50715864248612,97446000
2017-11-08,41.04986572265625,41.04986572265625,40.60498719669403,40.68185130490328,97638000
2017-11-09,40.96600341796875,41.01724614317385,40.32780082937432,40.7866538797509,117930400
2017-11-10,40.8304328918457,40.996402330142,40.73693129386803,40.93328678973554,100582000
2017-11-13,40.66679763793945,40.7906888430598,40.53355413421182,40.55693131387321,67928400
2017-11-14,40.05202102661133,40.55226208172439,40.01461895951602,40.449408180641015,99130000
2017-11-15,39.52372360229492,39.81358422357712,39.36009404465854,39.7317676613305,116632400
2017-11-16,39.99591064453125,40.17590135574992,39.80890392663494,40.01460810615006,94550000
2017-11-17,39.773841857910156,40.0637024759367,39.65462680301197,39.98188591460903,87598000
2017-11-20,39.734100341796875,39.86968012490555,39.63592261613677,39.80656459881815,65049600
2017-11-21,40.472782135009766,40.60368579254124,39.92111417337202,39.92111417337202,100525200
2017-11-22,40.898216247558594,40.90756497870825,40.45173853945968,40.52420279815348,102355600
2017-11-24,40.90055465698242,41.0244458605575,40.82575053648445,40.93094427679182,56106800
2017-11-27,40.69485092163086,40.92627217962039,40.51953275956953,40.91925973848651,82867200
2017-11-28,40.456417083740234,40.87717778066195,40.17356890543842,40.74393784446522,105715200
2017-11-29,39.61724090576172,40.42136769873552,39.0749250757369,40.35357955755427,166665600
2017-11-30,40.17123794555664,40.2390260682573,39.37412381322835,39.83929907290369,166108800
2017-12-01,39.98422622680664,40.129154754037586,39.38814381183188,39.7270915170193,159037200
2017-12-04,39.69203186035156,40.3512262825852,39.652293505718426,40.31850036895455,130169600
2017-12-05,39.654624938964844,40.09409021118591,39.364764334563795,39.51904515143161,109400800
2017-12-06,39.507362365722656,39.785534421794935,38.9112834648331,39.15438974818077,114240000
2017-12-07,39.57982635498047,39.841633644959046,39.48398491245016,39.51203467441735,102693200
2017-12-08,39.59151077270508,39.97253667893352,39.46294698774947,39.85332162553846,93420800
2017-12-11,40.3629264831543,40.414353443203005,39.455945806140505,39.551787283218374,141095200
2017-12-12,40.136173248291016,40.297466539043796,40.080073715408226,40.241363439303626,77636800
2017-12-13,40.26942443847656,40.56629403478115,40.20630888511107,40.323187690009654,95273600
2017-12-14,40.257720947265625,40.470441149509966,40.124477446896066,40.29979558936755,81906000
2017-12-15,40.66679763793945,40.7135484304054,40.31382505293616,40.58732093406165,160677200
2017-12-18,41.239498138427734,41.42182870492046,40.87483700544228,40.87951315420929,117684400
2017-12-19,40.8000373840332,40.99873270965546,40.694847209762465,40.914579856867505,109745600
2017-12-20,40.75563430786133,41.005753056380755,40.49849955063809,40.877185677769134,93902400
2017-12-21,40.90990447998047,41.146001870600934,40.69718783621033,40.71354900872024,83799600
2017-12-22,40.90990447998047,41.00574592435399,40.79068942247038,40.83276406623033,65397600
2017-12-26,39.87201690673828,40.08239722165717,39.66396931580225,39.92578013088755,132742000
2017-12-27,39.879051208496094,39.92112586780343,39.67100707036292,39.762172399053675,85992800
2017-12-28,39.991241455078125,40.17123576447634,39.850985500534065,39.97254042334844,65920800
2017-12-29,39.55878448486328,39.876694857743026,39.5564481937096,39.86033368595383,103999600
2018-01-02,40.26707077026367,40.27642306888876,39.565798181369,39.7761820981515,102223600
2018-01-03,40.26007843017578,40.80239788177346,40.196966433802565,40.33020643744908,118071600
2018-01-04,40.44706726074219,40.5499211500562,40.224998308918046,40.33252478094121,89738400
2018-01-05,40.907569885253906,40.9940590344742,40.451743391332485,40.54290869011677,94640000
2018-01-08,40.75563430786133,41.05016756597909,40.65745298829791,40.75563430786133,82271200
2018-01-09,40.750953674316406,40.921595685232134,40.53589715868877,40.802380620103136,86336000
2018-01-10,40.74160385131836,40.74394370972359,40.44005816620148,40.47746023211193,95839600
2018-01-11,40.9730224609375,41.02211311511454,40.7883555686387,40.81172918317203,74670800
2018-01-12,41.39612579345703,41.45924133390934,41.05951433352114,41.18340555601736,101672400
2018-01-16,41.18574905395508,41.933772604993706,41.17406046145214,41.58547252280897,118263600
2018-01-17,41.86598587036133,41.901048082180715,40.923943066330935,41.176398125146065,137547200
2018-01-18,41.903377532958984,42.099736587663685,41.66728368925117,41.9290910063812,124773600
2018-01-19,41.71636962890625,41.97817691644085,41.47092351341417,41.75143183103793,129700400
2018-01-22,41.37508773803711,41.5574183478053,41.28158614164321,41.44521571876117,108434400
2018-01-23,41.38444137573242,41.9454617211586,41.33301798842127,41.44522063076343,130756400
2018-01-24,40.72523880004883,41.44521244943131,40.486805111138345,41.43352385908979,204420400
2018-01-25,39.998260498046875,40.89588876808735,39.86268067077133,40.79303486002607,166116000
2018-01-26,40.09175491333008,40.206297393461384,39.75280718937289,40.206297393461384,156572000
2018-01-29,39.26191329956055,39.77617911278078,39.05386925647732,39.77617911278078,202561600
2018-01-30,39.0305061340332,39.124007745796824,38.499875391787135,38.693894624711604,184192800
2018-01-31,39.13802719116211,39.374124613366014,38.92063436894064,39.007123526143936,129915600
2018-02-01,39.219844818115234,39.41620032091382,38.98141109794126,39.07725255770871,188923200
2018-02-02,37.51808547973633,38.99075870726561,37.424583889707215,38.80375196035035,346375200
2018-02-05,36.58073043823242,38.30819906959649,36.466187922867306,37.19083795577011,290954000
2018-02-06,38.109493255615234,38.27078653650845,35.99866285535439,36.19268205071455,272975200
2018-02-07,37.293670654296875,38.19597476327134,37.18380790882007,38.12351050765929,206434400
2018-02-08,36.26747512817383,37.63495794612659,36.23942536923537,37.46898854974237,217562000
2018-02-09,36.71108627319336,37.0584569628266,35.262922282513344,36.86599613070262,282690400
2018-02-12,38.18976593017578,38.46672273816519,36.96926786105699,37.20163266035302,243278000
2018-02-13,38.57234191894531,38.66857413140311,37.94096978650724,38.01138368785197,130196800
2018-02-14,39.28351974487305,39.32342012499602,38.22967123455398,38.26722221611662,162579600
2018-02-15,40.60258865356445,40.626057565112156,39.6660920548011,39.85151185604618,204588800
2018-02-16,40.47115707397461,41.03211898521176,40.316250761428385,40.45472919022899,160704400
2018-02-20,40.33502197265625,40.900671851907454,40.234094542494496,40.38196338095014,135722000
2018-02-21,40.15195846557617,40.86782318727282,40.137872816147336,40.565047980468094,149886400
2018-02-22,40.48758316040039,40.827912853294784,40.302163340873086,40.32328643776861,123967600
2018-02-23,41.191707611083984,41.22691276622604,40.73167328929835,40.76218681135434,135249600
2018-02-26,42.00615310668945,42.10473112126682,41.358353190295645,41.3912125284881,152648800
2018-02-27,41.87002944946289,42.36057381022389,41.81604700695905,42.03667557380085,155712400
2018-02-28,41.806644439697266,42.39342084865955,41.79021656257379,42.07421433892811,151128400
2018-03-01,41.07435607910156,42.19627249006448,40.52513412020834,41.90523004911441,195208000
2018-03-02,41.358360290527344,41.37948338697755,40.47584605945342,40.55799620973738,153816000
2018-03-05,41.501548767089844,41.717482186909855,40.96171342683925,41.123664387054546,113605600
2018-03-06,41.46632385253906,41.837167053383304,41.33958169646813,41.75736630395347,95154000
2018-03-07,41.08140182495117,41.27386626316505,40.903023033099316,41.0602787275082,126814000
2018-03-08,41.52970504760742,41.571951247634466,41.090797256346484,41.18702590576379,95096400
2018-03-09,42.24320983886719,42.24790505333158,41.6353102868023,41.76909703854284,128740800
2018-03-12,42.65161895751953,42.808874660866046,42.29720717069979,42.315980870782745,128828400
2018-03-13,42.24087905883789,43.0694074274701,42.069541274588886,42.85581986080046,126774000
2018-03-14,41.88176345825195,42.36996197589975,41.73389462212503,42.323020568345115,117473600
2018-03-15,41.93106460571289,42.304257335978754,41.79493555302338,41.89585943370716,90975200
2018-03-16,41.783180236816406,42.04135973699052,41.689293851971776,41.931045473172695,157618800
2018-03-19,41.144775390625,41.65409704324905,40.75985008912387,41.618891880252036,133787200
2018-03-20,41.130680084228516,41.4968279871239,41.06026619950273,41.130680084228516,78597600
2018-03-21,40.19888687133789,41.09547953238162,40.196537473159985,41.083743285691064,148219600
2018-03-22,39.63089370727539,40.52983232296425,39.572216046223105,39.90080951555583,165963200
2018-03-23,38.713172912597656,39.88203087822492,38.713172912597656,39.5229238913069,164115200
2018-03-26,40.55094909667969,40.62840402011539,39.06523065201155,39.44781005466082,150164800
2018-03-27,39.51118850708008,41.10956740172063,39.177899826116274,40.76454247240878,163690400
2018-03-28,39.07461929321289,39.905496814461294,38.77184419806612,39.2553474561917,166674000
2018-03-29,39.37975311279297,40.31155469263699,39.17320659190049,39.38679414587791,153594000
2018-04-02,39.12156677246094,39.65201509761951,38.60285827668735,39.11217992291302,150347200
2018-04-03,39.522926330566406,39.607422308079656,38.69909323586246,39.3468933425305,121112000
2018-04-04,40.278690338134766,40.372573155198666,38.673270529102645,38.69908884100521,138422000
2018-04-05,40.5579948425293,40.89362930170126,40.38900291382461,40.50635822090288,107732800
2018-04-06,39.52057647705078,40.482887897857516,39.478326701909054,40.12847614077942,140021200
2018-04-09,39.91254425048828,40.62606300601005,39.8656028397066,39.872643872253846,116070800
2018-04-10,40.66360855102539,40.83964148847571,40.25990606129403,40.60493090520861,113634400
2018-04-11,40.4734992980957,40.82087000785947,40.29981215251393,40.42420849279554,89726400
2018-04-12,40.872501373291016,41.074352620855194,40.61431829568591,40.70116364800726,91557200
2018-04-13,41.010982513427734,41.271511425086416,40.8044396188746,41.02271875981588,100497200
2018-04-16,41.26683044433594,41.35367224350645,41.03446559890611,41.08140701517665,86313600
2018-04-17,41.83482360839844,41.999120331657075,41.40530272955087,41.42408000955185,106421600
2018-04-18,41.740936279296875,41.97095526813903,41.515616087100334,41.733895247128224,83018000
2018-04-19,40.5579948425293,41.16589447365878,40.525135499803376,40.78331502653571,139235200
2018-04-20,38.89625549316406,40.18716427687505,38.82818738807481,40.041644796395914,261964400
2018-04-23,38.7835807800293,39.17789286841588,38.513661441560345,39.156769773980784,146062000
2018-04-24,38.243751525878906,39.03942043706122,37.84004894625956,38.88451055807703,134768000
2018-04-25,38.410396575927734,38.82583543069064,38.119357660993536,38.16864489208386,113528400
2018-04-26,38.54418182373047,38.89859360300027,38.3446763459467,38.52070932702644,111852000
2018-04-27,38.098236083984375,38.57000322169767,37.70157449520931,38.49254827406108,142623200
2018-04-30,38.788265228271484,39.257686340671036,37.985555555836115,38.05362362271741,169709600
2018-05-01,39.68956756591797,39.71303647925035,38.79062545495093,39.05819542045914,214277600
2018-05-02,41.4428596496582,41.71981648729503,40.79271017052406,41.12834466848057,266157600
2018-05-03,41.51797103881836,41.66114469341514,40.9429306029922,41.28091454705021,136272800
2018-05-04,43.1468505859375,43.245428609444815,41.81838771321594,41.8371649912268,224805200
2018-05-07,43.459014892578125,44.04813720028736,43.36278268851024,43.463706525898886,169805600
2018-05-08,43.667903900146484,43.70780426877287,43.109291576578705,43.419111259653036,113611200
2018-05-09,43.97539520263672,43.98478205445895,43.47311446722562,43.785280115978445,92844800
2018-05-10,44.60439682006836,44.68185174084153,44.04343867998312,44.06456535393887,111957200
2018-05-11,44.43476104736328,44.78111639096404,44.16615931102086,44.646817320397844,104848800
2018-05-14,44.331085205078125,44.656235967916004,44.262758245240285,44.53371481746541,83115200
2018-05-15,43.928184509277344,44.0766235265029,43.61246038568903,44.00829297134428,94780800
2018-05-16,44.338165283203125,44.40414099361598,43.82452472981287,43.84101955621875,76732400
2018-05-17,44.057777404785156,44.510159080061804,43.90933837555642,44.29574794788918,69176000
2018-05-18,43.89755630493164,44.25097982122303,43.85514720867744,44.104899251623095,73190800
2018-05-21,44.20857238769531,44.594981969565396,44.0389288058782,44.29574904119214,73603200
2018-05-22,44.09783172607422,44.503090985077776,44.00829661681228,44.385283144558365,60962800
2018-05-23,44.38055419921875,44.41354023914239,43.76795220611261,43.90696814134176,80233600
2018-05-24,44.331085205078125,44.493660586497064,43.87399384244604,44.47716935972642,92936000
2018-05-25,44.43239974975586,44.68450662598143,44.21327532554309,44.34993283409535,69844000
2018-05-29,44.27217483520508,44.47244955605774,44.02949102723114,44.20149302333628,90056400
2018-05-30,44.177940368652344,44.29574820963541,44.00829679001992,44.22977610630169,74762000
2018-05-31,44.02949142456055,44.349928823690995,43.857493022112415,44.11195833276388,109931200
2018-06-01,44.82353210449219,44.828241829945235,44.23684771666393,44.293396778992886,93770000
2018-06-04,45.19816589355469,45.57279404120709,45.08507134987317,45.15339832964452,105064800
2018-06-05,45.54685974121094,45.69529874796764,45.32302559759376,45.490314287367944,86264000
2018-06-06,45.70473861694336,45.7283016281917,45.219370784997885,45.622275267995676,83734400
2018-06-07,45.582210540771484,45.756563841147845,45.3183185372882,45.74242747573462,85388800
2018-06-08,45.16753005981445,45.23821549056052,44.71279347355301,45.04265402342088,106627200
2018-06-11,45.05678176879883,45.23113865191412,44.816456383543546,45.08505809281272,73234000
2018-06-12,45.30418395996094,45.381937568012425,45.0379370834704,45.09448614256514,67644400
2018-06-13,44.931907653808594,45.445551685104874,44.87064887374254,45.33716689476205,86553600
2018-06-14,44.95547103881836,45.13689611332946,44.818813517322575,45.13218279322,86440400
2018-06-15,44.49366760253906,44.80468204998491,44.35701006610469,44.77405085873973,246876800
2018-06-18,44.47010803222656,44.58320256034685,44.10725784482574,44.26747838860552,73939600
2018-06-19,43.75148010253906,43.902274007400344,43.22369963791943,43.62189074792149,134314000
2018-06-20,43.942317962646484,44.10724819574322,43.76089290863536,43.90697705384341,82514800
2018-06-21,43.697288513183594,44.37821773005367,43.57476734474176,44.11903902665944,102847600
2018-06-22,43.57004928588867,43.85985555346904,43.51821355084701,43.852787370982426,108801600
2018-06-25,42.922115325927734,43.570058556606334,42.5828281135387,43.21192165517229,126652400
2018-06-26,43.4546012878418,43.94939568980616,43.00928776415795,43.115317704014764,98276800
2018-06-27,43.39098358154297,44.12610333725696,43.36035239331826,43.643090484345954,101141200
2018-06-28,43.70671463012695,43.874003367746724,43.306168638273,43.37685407100263,69460800
2018-06-29,43.61481475830078,44.104895760187524,43.096461027816034,43.89283951007356,90950800
2018-07-02,44.102542877197266,44.13081920457902,43.216629182120954,43.31087761470998,70925200
2018-07-03,43.334434509277344,44.283965391794474,43.244899402321124,44.24626602094871,55819200
2018-07-05,43.68315124511719,43.92112541341989,43.419262800087296,43.65016518948845,66416800
2018-07-06,44.28867721557617,44.39705840908352,43.636020811298415,43.6878565456575,69940800
2018-07-09,44.90364456176758,44.92720397675285,44.60205672635557,44.649179151536714,79026400
2018-07-10,44.849456787109375,45.06857769589515,44.809398948202585,44.93427859588051,63756400
2018-07-11,44.26747131347656,44.71513962901053,44.20385407867217,44.41355187208477,75326000
2018-07-12,45.0096549987793,45.09919009160523,44.6043958141694,44.65623154209923,72164400
2018-07-13,45.08034896850586,45.20051167231687,44.97903235551187,45.02144504787517,50055600
2018-07-16,44.981380462646484,45.39134935496412,44.86592751050151,45.12510613972118,60172400
2018-07-17,45.108619689941406,45.207577840766284,44.57848442788754,44.708073766542675,62138000
2018-07-18,44.86122512817383,45.19108924534587,44.75048546825586,45.18637592497211,65573600
2018-07-19,45.209938049316406,45.36780012426097,44.69393913236674,44.69393913236674,81147200
2018-07-20,45.10626983642578,45.33952707669777,44.80703689306761,45.18637831095939,82704800
2018-07-23,45.14631271362305,45.22877962532212,44.66329993483419,44.92718829993629,63957600
2018-07-24,45.47382354736328,45.62933074980564,45.24998938365914,45.34423421199465,74791600
2018-07-25,45.90264129638672,45.909709478060186,45.339516458198204,45.487955463759825,66839600
2018-07-26,45.7589225769043,46.17125001494184,45.617551731493165,45.85316741037176,76304000
2018-07-27,44.99787902832031,45.98982256720947,44.790539686327264,45.942700152902404,96096000
2018-07-30,44.745784759521484,45.28534320671292,44.547868406463465,45.21465776770341,84118000
2018-07-31,44.83530807495117,45.27119853960078,44.61147388845953,44.837666532786,157492000
2018-08-01,47.4765510559082,47.53780982751144,46.48932095747742,46.91814314432803,271742800
2018-08-02,48.86433410644531,49.097594916163985,47.20560135629759,47.25979195423673,249616000
2018-08-03,49.005706787109375,49.182418547865296,48.41430912684515,48.7795141514494,133789600
2018-08-06,49.26016616821289,49.30257525994022,48.78893486345839,49.00805569446865,101701600
2018-08-07,48.798362731933594,49.36148405297779,48.715895807364944,49.319074957057836,102349600
2018-08-08,48.83134460449219,48.96328879634437,48.188114871607986,48.548606536921845,90102000
2018-08-09,49.21540832519531,49.427461016071646,48.81957208162651,49.368557091360415,93970400
2018-08-10,49.06881332397461,49.44002903622106,48.86547303748079,49.02861861252826,98444800
2018-08-13,49.385643005371094,49.87744283435731,49.10900627803238,49.48967807024764,103563600
2018-08-14,49.59370422363281,49.785221646005944,49.24140438229996,49.69064629919543,82992000
2018-08-15,49.709571838378906,49.82779284898479,49.25796671198787,49.46839996655359,115230400
2018-08-16,50.43780517578125,50.553659437598704,50.00038606730865,50.06658953343815,114001600
2018-08-17,51.44504928588867,51.53253166882398,50.39997610944165,50.466179578876776,141708000
2018-08-20,50.943790435791016,51.82335127939345,50.86103429992759,51.56799711668782,121150800
2018-08-21,50.844482421875,51.352834849865985,50.60567731793008,51.26062262083593,104639200
2018-08-22,50.84686279296875,51.156601296459534,50.56076632942316,50.62224357048316,76072400
2018-08-23,50.95088577270508,51.319734700207334,50.74045254571631,50.75227175897287,75532800
2018-08-24,51.10930633544922,51.28427111585805,50.861041500529375,51.21334139829706,73905600
2018-08-27,51.5301628112793,51.71931710624487,51.14949110049513,51.343371637166726,82100400
2018-08-28,51.94630813598633,52.14491855568263,51.761883659437096,51.783162574157686,91107200
2018-08-29,52.721839904785156,52.8424276423776,51.8777437807323,52.0527085641898,109019200
2018-08-30,53.20654296875,53.97024961852312,52.58469935427872,52.78567649739625,195175200
2018-08-31,53.8213005065918,54.11448631513181,53.43589884273721,53.55648297936392,173360400
2018-09-04,53.99391174316406,54.18779236627043,53.5848679685138,54.00573456833609,109560400
2018-09-05,53.641605377197266,54.303643822077376,53.223105556873655,54.142864963882396,133332000
2018-09-06,52.750205993652344,53.75508438603124,52.324609717669404,53.49026692107618,137160000
2018-09-07,52.32461929321289,53.286936430190956,52.18511936850075,52.45466312464746,150479200
2018-09-10,51.62239074707031,52.45466773356044,51.18260841073498,52.2418677340193,158066000
2018-09-11,52.927547454833984,53.03394564193792,51.203883114038426,51.54672332040395,142996000
2018-09-12,52.27024459838867,53.19946010310294,51.97941828552849,53.18527415765987,197114800
2018-09-13,53.5328369140625,53.99153499554689,52.6249004519719,52.849519642275006,166825600
2018-09-14,52.92518997192383,53.6345161536313,52.61308832803869,53.37679517348761,127997200
2018-09-17,51.5159912109375,52.71475044000342,51.371761426756805,52.52559609238329,148780400
2018-09-18,51.601104736328125,52.454660523096074,51.3362872360447,51.49470294727404,126286800
2018-09-19,51.63184356689453,51.927396096554034,50.90596843011665,51.66258218448119,108495200
2018-09-20,52.024330139160156,52.55632461019828,51.81626003598558,52.07398454389715,106435200
2018-09-21,51.463958740234375,52.33879328530278,51.37647276025489,52.20165651327095,384986800
2018-09-24,52.20402526855469,52.315153292233006,51.22042933428429,51.26535388953533,110773600
2018-09-25,52.53504943847656,52.68400905547717,51.946307549786276,51.958130371548314,98217600
2018-09-26,52.11655044555664,52.90390281763559,51.960497843994546,52.25368725227918,95938800
2018-09-27,53.1876220703125,53.539921915292425,52.85423801645415,52.920445089288755,120724800
2018-09-28,53.374427795410156,53.398069834890045,52.967747195035955,53.14980496952614,91717600
2018-10-01,53.73379898071289,54.24451448446557,53.51863953725298,53.89694451172983,94403200
2018-10-02,54.211421966552734,54.38166049673322,53.58485210395696,53.73144499079402,99152800
2018-10-03,54.871097564697266,55.20211492695663,54.3296433555075,54.39348370673561,114619200
2018-10-04,53.90641784667969,54.93730520599613,53.60849859022037,54.566089500033,128168000
2018-10-05,53.03157424926758,54.00571773627825,52.15437645532441,53.89931955853073,134322000
2018-10-08,52.90863037109375,53.15216535637329,52.06453065114557,52.53978140728469,118655600
2018-10-09,53.641605377197266,53.73618435950544,52.54924428822762,52.877898585132556,107564000
2018-10-10,51.156593322753906,53.51865029661315,51.08329687705558,53.308217052458474,167962400
2018-10-11,50.704986572265625,51.89901940310349,50.20136756167063,50.721539244147124,212497600
2018-10-12,52.51613235473633,52.69819370350563,51.27008201426514,52.11654480060176,161351600
2018-10-15,51.39303207397461,52.449928078120834,51.37175316034392,52.29151237472821,123164000
2018-10-16,52.52558135986328,52.72419535345712,51.25115930607509,51.764237939904824,116736000
2018-10-17,52.298614501953125,52.64145473247039,51.86119529237717,52.561065306134864,91541600
2018-10-18,51.07620620727539,51.95577081093266,50.36215029617322,51.51125865851134,130325200
2018-10-19,51.854103088378906,52.31516434368788,51.40959089976347,51.558550539101454,132314800
2018-10-22,52.170921325683594,52.811680677472054,51.76660756117778,51.96758107903151,115168400
2018-10-23,52.662723541259766,52.785674386526175,50.76409464590403,51.0312752497084,155071200
2018-10-24,50.85630798339844,53.01738767953561,50.726264164214655,52.63198967990546,163702000
2018-10-25,51.96994400024414,52.34352273336572,51.248795294149254,51.47578116524493,119423200
2018-10-26,51.14241409301758,52.0621734864531,50.284128331310725,51.04783511210514,189033600
2018-10-29,50.18244934082031,51.94394144771941,48.72832893518345,51.825720452520564,183742000
2018-10-30,50.433082580566406,50.87759111597405,49.480221547617695,49.92473008302534,146640000
2018-10-31,51.747703552246094,52.123645519315744,51.21807209884028,51.27954933650239,153435600
2018-11-01,52.542152404785156,52.57525414732443,51.26300005412576,51.79263154257351,233292800
2018-11-02,49.05699157714844,50.51583847534508,48.572284692079506,49.546428313026276,365314800
2018-11-05,47.664344787597656,48.32638314907276,46.85571353178706,48.30510423366641,264654800
2018-11-06,48.179786682128906,48.40440585745062,47.68798689600997,47.74236754506671,127531600
2018-11-07,49.640995025634766,49.66700378881958,48.26490452137793,48.69995691663436,133697600
2018-11-08,49.46779251098633,49.85453521515348,49.054946674562586,49.82131798374514,101450400
2018-11-09,48.51398849487305,48.87937811740739,47.98725541404549,48.7702373142276,137463200
2018-11-12,46.07014083862305,47.417819511836335,45.979978204665024,47.21614107916425,204542000
2018-11-13,45.609832763671875,46.784303647550004,45.42476479992899,45.46747474101187,187531600
2018-11-14,44.321475982666016,46.14368479083384,44.11505123237931,46.00606949744506,243204000
2018-11-15,45.415283203125,45.5481521610165,44.345206577891304,44.69873575688715,185915200
2018-11-16,45.91828536987305,46.25995045257277,44.95261049624972,45.19936660019544,147713200
2018-11-19,44.098445892333984,45.24681733279806,43.89202475558644,45.08073115263296,167701200
2018-11-20,41.99150848388672,43.05683851163266,41.64272573882717,42.32130943637899,271300800
2018-11-21,41.94406509399414,42.77212832849176,41.889494691042145,42.64400210541268,124496800
2018-11-23,40.87873840332031,41.901362428757146,40.83366070501607,41.50749825732366,94496000
2018-11-26,41.43156814575195,41.50986670109431,40.39708373701015,41.34140913508516,179994000
2018-11-27,41.341400146484375,41.467151357006,40.544182944086934,40.693658680506765,165549600
2018-11-28,42.931095123291016,43.01413640794062,41.505118017849625,41.932199377386205,184250000
2018-11-29,42.601295471191406,43.37241330983305,42.16235002257085,43.339196070830944,167080000
2018-11-30,42.37114334106445,42.78636061112032,42.00337874921922,42.77686790323383,158126000
2018-12-03,43.8516731262207,43.88014399759351,42.99513941516587,43.766256891696464,163210000
2018-12-04,41.92271041870117,43.2751317110597,41.82305870457027,42.93346662237809,165377200
2018-12-06,41.455291748046875,41.469527189200136,40.43504289397928,40.75297981442607,172393600
2018-12-07,39.97712707519531,41.40072939361831,39.93204575584665,41.16346234054781,169126400
2018-12-10,40.2404899597168,40.35674848800182,38.75282465963804,39.1490601674904,248104000
2018-12-11,40.010337829589844,40.76009884419869,39.62359143727057,40.729256594178395,189126800
2018-12-12,40.121856689453125,40.79094783925062,40.10287489238267,40.430300935727146,142510800
2018-12-13,40.560794830322266,40.94516985024621,40.22862246288901,40.45165403262589,127594400
2018-12-14,39.26293182373047,40.11709424732682,39.21547916028759,40.09811245786843,162814800
2018-12-17,38.897552490234375,39.943900827275144,38.61045782776475,39.255824356252,177151600
2018-12-18,39.40293884277344,39.74934669174223,39.00432833526614,39.239224006854776,135366000
2018-12-19,38.17388916015625,39.730360169185076,37.74680781733559,39.38632372817106,196189200
2018-12-20,37.210594177246094,38.463363988754615,36.84757585802534,38.05763571529184,259092000
2018-12-21,35.76325225830078,37.52614787017046,35.50226074249866,37.217700060216195,382978400
2018-12-24,34.8379020690918,35.95780221376421,34.78095670531993,35.15109251882243,148676800
2018-12-26,37.2912483215332,37.305483760117355,34.81180927021201,35.18669150802309,234330000
2018-12-27,37.04923629760742,37.196344282393845,35.60665629115876,36.97568411541755,212468400
2018-12-28,37.06822204589844,37.61156549819046,36.669615227461684,37.3695521467641,169165600
2018-12-31,37.42650604248047,37.81087750774478,37.12754724024566,37.613945420363905,140014000
2019-01-02,37.46920394897461,37.6898641400753,36.59368814570471,36.75028523353009,148158800
2019-01-03,33.73699951171875,34.57455183641599,33.69191819683805,34.16170590164323,365248800
2019-01-04,35.17720031738281,35.24600976737911,34.11899163910133,34.292195516680664,234428400
2019-01-07,35.09891128540039,35.31245379240385,34.61725948663249,35.28160791885267,219111200
2019-01-08,35.768001556396484,36.021878993464554,35.238897140785376,35.48565323681881,164101200
2019-01-09,36.375396728515625,36.66486270672353,35.502256061427595,35.89611645994749,180396400
2019-01-10,36.49167251586914,36.53200747936951,35.794106819127585,36.18322463099874,143122800
2019-01-11,36.13339614868164,36.46794354601697,35.94832814598715,36.273386454644076,108092800
2019-01-14,35.59005355834961,35.891383692191056,35.40498556947879,35.79173197667657,129756800
2019-01-15,36.31845474243164,36.394378285844226,35.601907520616955,35.654106540640925,114843600
2019-01-16,36.762149810791016,36.98518137158213,36.30185124837653,36.32083304295525,122278800
2019-01-17,36.980430603027344,37.407511879044904,36.363535024290115,36.58656655845522,119284800
2019-01-18,37.20820617675781,37.459708573550046,37.00889918007144,37.369545970773025,135004000
2019-01-22,36.37303161621094,37.186855683764556,36.21168817452131,37.11093212681015,121576000
2019-01-23,36.52013397216797,36.80959998409829,35.99340097474768,36.57470436511674,92522400
2019-01-24,36.230674743652344,36.6530097672651,36.00290042236398,36.56522212472766,101766000
2019-01-25,37.431243896484375,37.519035156053725,36.615048386108995,36.890275378715764,134142000
2019-01-28,37.08484649658203,37.09196421957364,36.458461530461705,36.96383796490787,104768400
2019-01-29,36.700462341308594,37.519036488429236,36.565222017267494,37.07297331497307,166348800
2019-01-30,39.2083625793457,39.42190138123713,38.01728150422006,38.73382869033698,244439200
2019-01-31,39.4907112121582,40.098114016816574,39.04464819355946,39.41241268525057,162958400
2019-02-01,39.50970458984375,40.09337942283648,39.36971429863973,39.61410265633867,130672400
2019-02-04,40.6319694519043,40.72924978051158,39.690019271912284,39.72086513717964,125982000
2019-02-05,41.3271598815918,41.54070233089087,40.89296450420444,41.013969357855885,144406400
2019-02-06,41.341400146484375,41.656965666225744,41.01159918712273,41.43867685735861,112958400
2019-02-07,40.55842208862305,41.27022309791329,40.41606043860214,40.904829885716296,126966800
2019-02-08,40.6060676574707,40.665638790011116,40.131880133513,40.267704060953164,95280000
2019-02-11,40.37256622314453,40.79671624225165,40.32967673169206,40.75858982589266,83973600
2019-02-12,40.7204475402832,40.746658986823185,40.43688833751438,40.532204341266045,89134000
2019-02-13,40.55127716064453,41.09933254456883,40.48932446490647,40.83960316682641,89960800
2019-02-14,40.699012756347656,40.80862164255103,40.36064904112932,40.43928339998026,87342800
2019-02-15,40.608463287353516,40.91346730094003,40.44881303304922,40.80623995233979,98507200
2019-02-19,40.729976654052734,40.85150410234934,40.386849953980956,40.43927284620034,75891200
2019-02-20,40.99210739135742,41.299496621052455,40.74429295914237,40.79194916119121,104457600
2019-02-21,40.76096725463867,41.0731195307499,40.57987224909108,40.93729918557291,68998800
2019-02-22,41.216094970703125,41.22324321911487,40.83722326114031,40.8848794625303,75652800
2019-02-25,41.51631546020508,41.907101970477754,41.44959607815367,41.49963743265904,87493600
2019-02-26,41.540157318115234,41.77129368525542,41.26374629243125,41.392422020496234,68280800
2019-02-27,41.668819427490234,41.699797583479636,41.15889061962103,41.27326982515091,111341600
2019-02-28,41.25897216796875,41.67835534148874,41.20416773449612,41.53776831669921,112861600
2019-03-01,41.6926383972168,41.735527861085686,41.19700621111237,41.52822151385369,103544800
2019-03-04,41.90234375,42.35508298576963,41.45436758783305,41.86421734557429,109744800
2019-03-05,41.82608413696289,41.93807815928566,41.59018113838086,41.923781668935256,78949600
2019-03-06,41.58543395996094,41.81657033812453,41.44722844052762,41.621175199497635,83241600
2019-03-07,41.104095458984375,41.566368186765395,40.989719863594985,41.43054421304361,99185600
2019-03-08,41.2017936706543,41.23992008169563,40.3892422605175,40.584637390153304,95997600
2019-03-11,42.629112243652344,42.68153514499979,41.783204847044914,41.81656454463562,128044000
2019-03-12,43.108070373535156,43.527449985065225,42.74111003200352,42.89123050226052,129870400
2019-03-13,43.29869842529297,43.67757008556457,43.110451545781046,43.42737051589921,124130000
2019-03-14,43.780025482177734,43.86819325045519,43.501232955961775,43.82053342503637,94318000
2019-03-15,44.34952926635742,44.63785523657547,43.78241438212483,44.04691043760487,156171600
2019-03-18,44.802268981933594,44.890433115459594,44.27089173604565,44.273276908909104,104879200
2019-03-19,44.44721984863281,45.033401481377794,44.30186611779311,44.880899504425805,126585600
2019-03-20,44.83562469482422,45.152543603093804,44.01830674487972,44.37573359295211,124140800
2019-03-21,46.486934661865234,46.78240882980378,45.22879245634288,45.27883381453322,204136800
2019-03-22,45.52427291870117,47.10648249507304,45.45993505954188,46.546512238552936,169630800
2019-03-25,44.97383499145508,45.74587473890536,44.46390611241121,45.63388069031745,175381200
2019-03-26,44.509178161621094,45.96033411700319,43.98257123970182,45.66962661852125,199202000
2019-03-27,44.90950012207031,45.21688566494624,44.45199411345279,44.97621952108113,119393600
2019-03-28,44.96906280517578,45.16922096451442,44.68550359481245,45.0238672363422,83121600
2019-03-29,45.26217269897461,45.29315086982014,44.926190438980306,45.23357970184677,94256000
2019-04-01,45.56954574584961,45.67438790998863,44.8880516813076,45.66485812631572,111448000
2019-04-02,46.23197937011719,46.33682517645646,45.52427381326158,45.533803597504026,91062800
2019-04-03,46.548892974853516,46.822918780518556,46.024664003423624,46.04849391519191,93087200
2019-04-04,46.62992477416992,46.791956594513735,46.02229817601004,46.41546640285363,76457200
2019-04-05,46.94206619262695,46.96589610699699,46.687099925418465,46.81100893546065,74106400
2019-04-08,47.680747985839844,47.7117225101516,46.78479559908021,46.8038588026213,103526800
2019-04-09,47.53776931762695,48.33602404124384,47.47343146891006,47.733164400421316,143072800
2019-04-10,47.80465316772461,47.833249790891394,47.22323818776864,47.34238048248308,86781200
2019-04-11,47.4067268371582,47.89521106023314,47.285202983703144,47.85946981978605,83603200
2019-04-12,47.38764572143555,47.69026810794802,46.753811602792396,47.466280056636435,111042800
2019-04-15,47.47343444824219,47.62117335589848,47.182726978383926,47.31855093020654,70146400
2019-04-16,47.478214263916016,47.983376534492095,47.313797281453226,47.528255637857534,102785600
2019-04-17,48.40275192260742,48.462323072559556,47.32570451341118,47.547307445984586,115627200
2019-04-18,48.57670593261719,48.64580687709247,48.25740539371004,48.40037399343183,96783200
2019-04-22,48.73634719848633,48.83404475360525,48.214503361460345,48.33126412020742,77758000
2019-04-23,49.439292907714844,49.503630774436516,48.58623351509709,48.71252407529548,93292000
2019-04-24,49.363037109375,49.6775708811361,49.33682565873371,49.4106933007407,70162400
2019-04-25,48.91505813598633,49.5060028744457,48.87693173068337,49.28439996099873,74172800
2019-04-26,48.68153762817383,48.848336097417246,48.16207538289125,48.82450618641079,74596400
2019-04-29,48.75541305541992,49.079480262865886,48.576699602106366,48.70537168868094,88818800
2019-04-30,47.81657409667969,48.467090089008494,47.4448506724918,48.386074191108,186139600
2019-05-01,50.1636848449707,51.30506670293471,49.856295614581796,50.011182816509084,259309200
2019-05-02,49.837223052978516,50.671219159962654,49.59417537681596,50.00164001010491,127985200
2019-05-03,50.456748962402344,50.47819369736566,50.094555460643946,50.25182412224168,83569600
2019-05-06,49.677581787109375,49.76336440477367,48.49092527269926,48.679168542496804,129772400
2019-05-07,48.33842468261719,49.425002114717195,47.854707129607185,49.05804535020229,155054800
2019-05-08,48.34793472290039,48.929349618462254,48.07390893920655,48.10965016805922,105358000
2019-05-09,47.82848358154297,48.05723475366527,46.86104872008744,47.75223076687932,139634400
2019-05-10,47.16588592529297,47.565356793291954,46.111007044630455,47.223295764690995,164834800
2019-05-13,44.42463302612305,45.32403198718554,43.738123877782556,44.90064671970861,229722400
2019-05-14,45.12789535522461,45.37666407819567,44.35048807727735,44.589690316645736,146118800
2019-05-15,45.668495178222656,45.86703349261073,44.49640556068087,44.556206125860285,106178800
2019-05-16,45.46756362915039,46.03925685450639,45.170951528362195,45.42689968507999,132125600
2019-05-17,45.209228515625,45.66371136347926,44.673414122943996,44.7140780703889,131516400
2019-05-20,43.79553985595703,44.09693703228056,43.12338210548431,43.89839872325471,154449200
2019-05-21,44.635135650634766,44.97001729820006,44.18064924329761,44.30503541950881,113459200
2019-05-22,43.72138595581055,44.422250430132046,43.666370461560184,44.17108734343066,118994400
2019-05-23,42.975074768066406,43.18557025463366,42.53254916971738,43.008562935243226,146118800
2019-05-24,42.810028076171875,43.56829879019288,42.72630582654269,43.10424582926103,94858800
2019-05-28,42.63301467895508,43.197532117519515,42.55647185928589,42.79806481034798,111792800
2019-05-29,42.42970275878906,42.900931555316085,42.09960243535015,42.20006695771477,113924800
2019-05-30,42.64976501464844,42.872221371398474,42.25986415074042,42.56604276106945,84873600
2019-05-31,41.877140045166016,42.575610183606656,41.858003426997364,42.15461188376971,108174400
2019-06-03,41.4537467956543,42.558859919788816,40.72896433762629,42.00391264942133,161584400
2019-06-04,42.97028732299805,43.01573632949458,41.74557310553312,41.96563871336283,123872000
2019-06-05,43.66397476196289,44.25002316291043,43.32909308993842,44.08018796856743,119093600
2019-06-06,44.30503845214844,44.36483901115955,43.57068583552247,43.79314581301077,90105200
2019-06-07,45.48429489135742,45.90768378892111,44.43659178289126,44.613599067232066,122737600
2019-06-10,46.06556701660156,46.732939648630975,45.83593126422042,45.88138027302039,104883600
2019-06-11,46.59899139404297,46.88364266564571,46.30955870522477,46.61095223695524,107731600
2019-06-12,46.45068359375,46.87646328917654,46.259321071663166,46.393273742142995,73012800
2019-06-13,46.44110870361328,47.072602406865755,46.30955040496847,46.57267065219424,86698400
2019-06-14,46.10383224487305,46.30715192007323,45.520178306772145,45.81918104965697,75046000
2019-06-17,46.37891387939453,46.6348619824245,45.96748580812443,46.142102390137104,58676400
2019-06-18,47.46967697143555,47.90980815375586,46.69466416124891,46.8955931379687,106204000
2019-06-19,47.3309326171875,47.811731318983306,47.19697998482456,47.763887964623265,84496800
2019-06-20,47.71126937866211,47.986350431164496,47.36920835648545,47.9289405928447,86056000
2019-06-21,47.54861831665039,48.04376867773491,47.397919745896615,47.553403383165076,191202400
2019-06-24,47.50078582763672,47.87872584119384,47.40271202381546,47.491215693151446,72881600
2019-06-25,46.78078079223633,47.66343393459677,46.71380081144238,47.464895650291474,84281200
2019-06-26,47.7926025390625,48.07725375444767,47.20655785147097,47.30702234220642,104270000
2019-06-27,47.778255462646484,48.215995988213024,47.73759152091885,47.90981377120324,83598800
2019-06-28,47.3429069519043,47.720846929488616,47.13480217086817,47.524699340515674,124442400
2019-07-01,48.21120071411133,48.91445571612795,47.995916559447814,48.59870708259573,109012000
2019-07-02,48.49346923828125,48.58915232452939,48.16576333648064,48.17772417850372,67740800
2019-07-03,48.89533233642578,48.902508111863035,48.483904178318824,48.625032628500364,45448000
2019-07-05,48.852264404296875,49.05558773477184,48.53412503952128,48.64176894973504,69062000
2019-07-08,47.84523391723633,48.17533053234699,47.46011815799339,48.03420208422318,101354400
2019-07-09,48.13705062866211,48.20163259281211,47.55578740176146,47.649076111025046,82312000
2019-07-10,48.613067626953125,48.73266874059022,48.21360034539757,48.28297103527144,71588400
2019-07-11,48.2590446472168,48.89053831965134,48.24947816503057,48.6321995013914,80767200
2019-07-12,48.629817962646484,48.79725880699689,48.36669402871252,48.426494590976,70380800
2019-07-15,49.08668899536133,49.24455968604115,48.797252704231944,48.81878002796971,67789600
2019-07-16,48.91685485839844,49.30197058543267,48.67765263415199,48.93838218259591,67467200
2019-07-17,48.64176940917969,49.05797890617675,48.62263279495951,48.80921022118632,56430000
2019-07-18,49.19432067871094,49.24694544973233,48.72548280504823,48.79724418825336,74162400
2019-07-19,48.4599723815918,49.395253851076205,48.404956898073856,49.225418684647934,83717200
2019-07-22,49.5674934387207,49.569884147383455,48.70397311967198,48.71353960425987,89111600
2019-07-23,49.95499801635742,49.971743926163036,49.58423379143074,49.86410364149058,73420800
2019-07-24,49.914329528808594,50.029145578681785,49.5555261792605,49.67512729577653,59966400
2019-07-25,49.51964569091797,50.050674922943,49.450275001634395,49.9669526841349,55638400
2019-07-26,49.691871643066406,50.1678817358878,49.54834884778114,49.62967672847252,70475600
2019-07-29,50.15591812133789,50.385553851109734,49.859309714055385,49.864094780283324,86693600
2019-07-30,49.940643310546875,50.27074356929918,49.5890157262072,49.935858243770845,135742800
2019-07-31,50.95964813232422,52.952203406591565,50.54343853369576,51.76815294335434,277125600
2019-08-01,49.8569221496582,52.15326516054023,49.45267342174729,51.16535872118057,216071600
2019-08-02,48.802040100097656,49.37851470178692,48.23034691506533,49.163234154260714,163448400
2019-08-05,46.24735641479492,47.51751962109188,46.0655640412733,47.35964892958403,209572000
2019-08-06,47.12284469604492,47.37879286336873,46.41480440834536,46.95779455449021,143299200
2019-08-07,47.610801696777344,47.73518785600527,46.362169638518694,46.74250023988225,133457600
2019-08-08,48.66090393066406,48.684825611688794,47.694528606203654,47.888281812721345,108038000
2019-08-09,48.259925842285156,48.68491980321308,47.851734087471264,48.3343596886464,98478800
2019-08-12,48.13747024536133,48.51444641488046,47.81812205634959,47.930974561632105,89927600
2019-08-13,50.176002502441406,50.93715403198438,48.137458527792965,48.267120536421295,188874000
2019-08-14,48.68251419067383,49.56852452960049,48.644095544305394,48.780960598066514,146189600
2019-08-15,48.440025329589844,49.25640178434182,47.94299348420809,48.85301680589179,108909600
2019-08-16,49.58293533325195,49.74140951677776,48.944239015747925,49.04988847143179,110481600
2019-08-19,50.507362365722656,51.078824190677665,50.43052506876509,50.57218971325113,97654400
2019-08-20,50.50975799560547,51.227691316707656,50.50015516617898,50.634616760971866,107537200
2019-08-21,51.057220458984375,51.299731333447795,50.80750654514709,51.14126080341854,86141600
2019-08-22,51.01399230957031,51.48941113488219,50.603400826025755,51.18927233994728,89014800
2019-08-23,48.65610885620117,50.91555498677708,48.26232683356407,50.286461469002404,187272000
2019-08-26,49.580535888671875,49.74861290398016,49.23717515529538,49.429264742992345,104174400
2019-08-27,49.02107238769531,50.07515974076012,48.86980125519638,49.90948253160488,103493200
2019-08-28,49.350013732910156,49.39563540929986,48.81937047253222,49.00665676017186,63755200
2019-08-29,50.18561935424805,50.260056872342915,49.62136047132866,50.06316401304191,83962000
2019-08-30,50.12079620361328,50.531384164590875,49.751023029326475,50.4617535522876,84573600
2019-09-03,49.39084243774414,49.69818428979416,49.03547910827453,49.56612247903739,80092000
2019-09-04,50.22883605957031,50.2984666588224,49.77982952447207,50.03674646797927,76752400
2019-09-05,51.21088409423828,51.376561303793046,50.78588651283309,50.90354224548307,95654800
2019-09-06,51.20608139038086,51.48461108870742,51.0259981022255,51.39577117230135,77449200
2019-09-09,51.42457580566406,51.969628837304214,50.68023385509005,51.585449746566866,109237600
2019-09-10,52.03205871582031,52.05126803759896,50.83390703828068,51.350144279794115,127111600
2019-09-11,53.686439514160156,53.7152553373028,52.27938833354673,52.36102889134553,177158400
2019-09-12,53.56637954711914,54.365949877044244,53.51115502500784,53.976971102844466,128906800
2019-09-13,52.5243034362793,53.01412847110816,52.10891225668283,52.824442313058036,159053200
2019-09-16,52.80042266845703,52.855650852329696,52.238563645662204,52.27938208778277,84632400
2019-09-17,52.992515563964844,53.02133138546332,52.61313961117362,52.81483570644543,73274800
2019-09-18,53.48954391479492,53.508753239988586,52.6899736146539,53.07895237436418,101360000
2019-09-19,53.054935455322266,53.72724341657254,52.91326716138404,53.307049108889316,88242400
2019-09-20,52.279388427734375,53.43912547264002,52.21696086112126,53.155796135159825,221652400
2019-09-23,52.517093658447266,52.78601688512093,52.2601730542611,52.572318178824,76662000
2019-09-24,52.267372131347656,53.42230937106519,52.14972006049818,53.071745622463716,124763200
2019-09-25,53.071746826171875,53.18459931647141,52.13771495764018,52.4762724285388,87613600
2019-09-26,52.79801940917969,53.05013674812319,52.543502278670516,52.824431771617654,75334000
2019-09-27,52.54110336303711,53.054940879557066,52.17133028274097,52.95409101125522,101408000
2019-09-30,53.777679443359375,53.924147350243985,53.01412429579234,53.04053666142086,103909600
2019-10-01,53.926536560058594,54.79814079095974,53.832893402806675,54.04179249498683,139223200
2019-10-02,52.57472229003906,53.68403427770665,52.32740451351937,53.559175493563515,138449200
2019-10-03,53.02132797241211,53.05494337549281,51.65509540469614,52.447459000713295,114426000
2019-10-04,54.507606506347656,54.622862444828854,53.75846122523863,54.17865555013315,138478800
2019-10-07,54.519615173339844,55.20873272385884,54.2266793952243,54.32992905331613,122306000
2019-10-08,53.88092041015625,54.75972776925968,53.8641145411307,54.221881339577685,111820000
2019-10-09,54.51240921020508,54.69489228194408,54.17865501059328,54.51240921020508,74770400
2019-10-10,55.24715805053711,55.33119839486909,54.577249742952276,54.728517233423744,113013600
2019-10-11,56.71663284301758,57.059989886560345,55.78019754791175,55.93386847365883,166795600
2019-10-14,56.63499069213867,57.17764399561088,56.34685817252537,56.402082686698684,96427600
2019-10-15,56.50293731689453,57.06239287164702,56.39728786256741,56.759854250095415,87360000
2019-10-16,56.274837493896484,56.48373664287502,55.993907945757734,56.03472639321673,73903200
2019-10-17,56.49333190917969,56.70222736637808,56.070737747547255,56.447710219951496,67585200
2019-10-18,56.76465606689453,57.04558556492881,56.255618132854494,56.327652182971896,97433600
2019-10-21,57.74910354614258,57.8643594805564,56.98315242424609,57.03117389835004,87247200
2019-10-22,57.61705017089844,58.15489658740651,57.53540962798938,57.90518270314261,82293600
2019-10-23,58.39020538330078,58.40461512439032,57.91958976088768,58.130888664552984,75828800
2019-10-24,58.486244201660156,58.77917994672948,58.061246659419666,58.70954569740127,69275200
2019-10-25,59.206581115722656,59.242596306464485,58.318170993988126,58.385401792575365,73477200
2019-10-28,59.799659729003906,59.84768120784419,59.24020052419486,59.408277532037836,96572800
2019-10-29,58.416622161865234,59.96774132739238,58.24374555756727,59.78045498091568,142839600
2019-10-30,58.40941619873047,58.89924482176762,57.91719144782321,58.76958279527963,124522000
2019-10-31,59.73002243041992,59.828468838504534,56.968745403896456,59.36505627876599,139162000
2019-11-01,61.42521286010742,61.45162155934046,59.82607232816422,59.917312039179826,151125200
2019-11-04,61.82860565185547,61.9126459988458,61.319571313663445,61.78778354242281,103272000
2019-11-05,61.7397575378418,61.99427467320338,61.545268167001495,61.72054454973453,79897600
2019-11-06,61.76616668701172,61.826194451970366,61.31716017753835,61.65331419578515,75864400
2019-11-07,62.479034423828125,62.70060306371024,62.16113446862657,62.31285978131859,94940400
2019-11-08,62.65003967285156,62.72228633262154,61.857700339197216,62.300830334874874,69986400
2019-11-11,63.146156311035156,63.21117830823524,62.202091592786324,62.20690558715346,81821200
2019-11-12,63.08833694458008,63.28823158323448,62.83787700281728,62.989594960966514,87388800
2019-11-13,63.69281005859375,63.76746735630996,62.87398310487646,62.888432430266306,102734400
2019-11-14,63.252105712890625,63.79156691909785,63.122054404391484,63.51942564466405,89182800
2019-11-15,64.00350189208984,64.00831588526924,63.341214024330995,63.50256731633181,100206400
2019-11-18,64.3261947631836,64.40566604746566,63.6350084634497,64.01310891844747,86703200
2019-11-19,64.13111877441406,64.54293920172968,63.91437156791138,64.51885454553934,76167200
2019-11-20,63.38457107543945,64.08057169419445,62.71264777563229,63.950527713283876,106234400
2019-11-21,63.10035705566406,63.58202076852838,62.90046249904657,63.504952810564895,121395200
2019-11-22,63.04497146606445,63.38213463998186,62.818588902947205,63.240044707745454,65325200
2019-11-25,64.15039825439453,64.16725825293672,63.22319387946589,63.26895253287637,84020400
2019-11-26,63.64946365356445,64.34065001699554,63.21837250317687,64.28766670605624,105207600
2019-11-27,64.5044174194336,64.53813741439751,63.89511298558591,63.96013495495072,65235600
2019-11-29,64.36234283447266,64.54296680875088,64.0372182108502,64.20580352668654,46617600
2019-12-02,63.618167877197266,64.60316965655018,63.44717925305146,64.36715170309243,94487200
2019-12-03,62.48384094238281,62.50310426103313,61.722811237581595,62.20928904177194,114430400
2019-12-04,63.03537368774414,63.413481741794286,62.780092321858014,62.87402034212705,67181600
2019-12-05,63.96013641357422,64.03480106846754,63.27377133913998,63.529052579721196,74424400
2019-12-06,65.19562530517578,65.26546863947017,64.37438734550834,64.41774268897909,106075600
2019-12-09,64.28287506103516,65.2172969657752,63.798800431426635,65.02463432244109,128042400
2019-12-10,64.6585464477539,65.04146825890689,64.02756074204926,64.68744509771174,90420400
2019-12-11,65.21006774902344,65.28954641231785,64.66338184077233,64.73803916107421,78756800
2019-12-12,65.37622833251953,65.64114490385342,64.37918804536231,64.48996866624496,137310400
2019-12-13,66.26490020751953,66.30102352499274,65.248589228168,65.37622984964455,133587600
2019-12-16,67.39922332763672,67.62320261796066,66.70563351279964,66.71044750574998,128186000
2019-12-17,67.53170776367188,67.85923578380364,67.14396438879324,67.3294097483652,114158400
2019-12-18,67.37031555175781,67.89051335467951,67.22100094482415,67.38476487826064,116028400
2019-12-19,67.4377670288086,67.71713300190731,67.18008240112675,67.31253704760239,98369200
2019-12-20,67.2980728149414,68.07114122602003,67.08613954782287,67.96999593464518,275978000
2019-12-23,68.3962631225586,68.45647110065944,67.52204210459728,67.56057609253462,98572000
2019-12-24,68.46129608154297,68.61061806486987,68.13617882730028,68.562448734815,48478800
2019-12-26,69.8196029663086,69.8364629694818,68.56487035875298,68.59376902155901,93121200
2019-12-27,69.79310607910156,70.7973786870116,69.38851010956454,70.11100606214161,146266000
2019-12-30,70.20733642578125,70.4891130772608,68.69009788596185,69.71122313309827,144114400
2019-12-31,70.72027587890625,70.72750054089161,69.725639097825,69.8243810446951,100805600
2020-01-02,72.3338851928711,72.39409318664748,71.09119131937346,71.34406195339083,135480400
2020-01-03,71.6306381225586,72.38925722098051,71.40666619485818,71.56320547713457,146322800
2020-01-06,72.20140838623047,72.23994237629597,70.50354624985978,70.75401351048198,118387200
2020-01-07,71.86181640625,72.46629932810366,71.64265854946794,72.2110181651717,108872000
2020-01-08,73.0178451538086,73.31888511458335,71.56562867701548,71.56562867701548,132079200
2020-01-09,74.56880187988281,74.76146451044018,73.74275001069596,73.99320996049889,170108400
2020-01-10,74.73735809326172,75.30091119032697,74.23643098983341,74.80238740809561,140644800
2020-01-13,76.33407592773438,76.36057125816924,74.9348431957367,75.05285582286368,121532000
2020-01-14,75.30332946777344,76.48100118582082,75.18051017572739,76.27147857331117,161954400
2020-01-15,74.98060607910156,75.98246770801262,74.54951490172726,75.10343270524221,121923600
2020-01-16,75.91984558105469,76.03063354644571,75.16122656820497,75.52247441714353,108829200
2020-01-17,76.76036071777344,76.7627640392473,75.86205500785368,76.16790890123319,137816400
2020-01-21,76.24018859863281,76.83022259346987,76.10291259365572,76.38950326386008,110843200
2020-01-22,76.51229095458984,77.06379066619063,76.41836299389982,76.72421683459743,101832400
2020-01-23,76.88077545166016,76.96024675038308,76.01859307367198,76.56528622859716,104472000
2020-01-24,76.65921020507812,77.86818383448923,76.46895092458591,77.12642473209515,146537600
2020-01-27,74.405029296875,75.08416976822737,73.42484155700832,74.67234921705278,161940000
2020-01-28,76.50990295410156,76.68089158109271,75.18532722614749,75.28406920782065,162234000
2020-01-29,78.11144256591797,78.95676515736241,77.39858197163568,78.13793790519387,216229200
2020-01-30,77.99822235107422,78.0512056603916,76.7651642610764,77.19625539826748,126743200
2020-01-31,74.5398941040039,77.71164655303768,74.24607885109228,77.29019066933044,199588400
2020-02-03,74.33519744873047,75.49841264105945,72.7842389592195,73.28516622775322,173788400
2020-02-04,76.78924560546875,76.97950484657014,75.53210291102174,75.93669870128832,136616400
2020-02-05,77.4154281616211,78.21258127557842,76.81334832632962,77.91394467954083,118826800
2020-02-06,78.32093811035156,78.32334878116308,77.12882464602528,77.68514573263211,105425600
2020-02-07,77.25636291503906,78.06989154294402,76.76631409771366,77.82124622907054,117684000
2020-02-10,77.62329864501953,77.62329864501953,75.7644959675757,75.84415588740227,109348800
2020-02-11,77.15499114990234,78.1906145236601,76.93772941121844,78.11819639978289,94323200
2020-02-12,78.98724365234375,78.99206907115294,77.60399867366895,77.60399867366895,113730400
2020-02-13,78.42475891113281,78.7506551305069,78.05782821966719,78.26060628866534,94747600
2020-02-14,78.44407653808594,78.6927218682662,77.93712767417983,78.39337649475979,80113600
2020-02-18,77.0077133178711,77.1887659353896,75.94794846047884,76.12900107799734,152531200
2020-02-19,78.12300109863281,78.35233737517142,77.24912158938099,77.24912158938099,93984000
2020-02-20,77.3215560913086,78.37166303401608,76.81702354297988,77.88403050271104,100566000
2020-02-21,75.57135772705078,77.35774940247184,74.95578178960817,76.91597690115918,129554000
2020-02-24,71.98169708251953,73.43011814732492,69.8211400810818,71.75960997813098,222195200
2020-02-25,69.54351043701172,73.03179362770307,69.07277807692655,72.65037937541128,230673600
2020-02-26,70.6467514038086,71.9092946933909,69.16212096129591,69.16936277352076,198054800
2020-02-27,66.02867889404297,69.04139705399142,65.8934935311334,67.85852144500781,320605600
2020-02-28,65.99006652832031,67.20915879544067,61.88862284247871,62.10347552395671,426510000
2020-03-02,72.1337890625,72.7686815326321,67.0425894386722,68.14338895911868,341397200
2020-03-03,69.84284973144531,73.38665070115958,68.99310485052062,73.30699080209732,319475600
2020-03-04,73.08250427246094,73.2418314905751,70.76261982320094,71.56166493954149,219178400
2020-03-05,70.7119140625,72.31241302487865,70.34739243241086,71.33955724756618,187572800
2020-03-06,69.7728500366211,70.20496434412061,67.88990577178768,68.07578380592835,226176800
2020-03-09,64.25438690185547,67.13191312620091,63.48913439783881,63.67018706247143,286744800
2020-03-10,68.882080078125,69.14762542571471,65.0268655374001,66.90257561810807,285290000
2020-03-11,66.48976135253906,67.88748961967876,65.627949126833,66.96291749628936,255598800
2020-03-12,59.923580169677734,65.1789345537906,59.868058404963215,61.7848024771312,418474000
2020-03-13,67.10293579101562,67.57367559511492,61.06301877546382,63.94538103600016,370732000
2020-03-16,58.470340728759766,62.54281272853614,57.93683739697829,58.40757346412376,322423600
2020-03-17,61.041290283203125,62.1879532458274,57.55059398806874,59.74978006097213,324056000
2020-03-18,59.547000885009766,60.35087498179023,57.24159672400037,57.881318208922394,300233600
2020-03-19,59.09074401855469,61.03645549375763,58.56689890473273,59.72080725380135,271857200
2020-03-20,55.33933639526367,60.7926402539027,55.03999474688709,59.67011183513416,401693200
2020-03-23,54.163700103759766,55.160697700443244,51.32479637531141,55.05930867623348,336752800
2020-03-24,59.59770202636719,59.793238287645494,56.56084531140466,57.05813597182242,287531200
2020-03-25,59.269386291503906,62.34245170831376,58.97487373705756,60.53192552123785,303602000
2020-03-26,62.38832092285156,62.446255405203736,59.472166210481355,59.51079165439952,252087200
2020-03-27,59.805301666259766,61.767909526223264,59.638732669554486,61.01473181958192,204216800
2020-03-30,61.512027740478516,61.68342585318123,60.206033868463194,60.529517371062305,167976400
2020-03-31,61.386505126953125,63.36601343634172,60.83369263605144,61.70274686140532,197002000
2020-04-01,58.156517028808594,60.041877740721404,57.726819101176545,59.50596168562525,176218400
2020-04-02,59.12696075439453,59.18006982201146,57.188490836952404,58.01891951220774,165934000
2020-04-03,58.2772331237793,59.31285275446095,57.688207859940405,58.61278391804478,129880000
2020-04-06,63.36118698120117,63.515681414819454,60.20121554945302,60.568146275466354,201820400
2020-04-07,62.6273193359375,65.5893455207901,62.52351758063344,65.3720764386448,202887200
2020-04-08,64.23023223876953,64.54405384793799,63.06184016051964,63.42635444288139,168895200
2020-04-09,64.69373321533203,65.19585671097452,63.89952086210519,64.86513503536223,161834800
2020-04-13,65.96351623535156,66.07215077341053,64.17229875609489,64.77098217772529,131022800
2020-04-14,69.29486083984375,69.58454794114515,67.12222968123038,67.59296937908287,194994800
2020-04-15,68.66239929199219,69.12106449233013,67.7450688913163,68.17235045630129,131154400
2020-04-16,69.20796966552734,69.57249130619873,68.16027936470277,69.37453866907585,157125200
2020-04-17,68.26890563964844,69.27073604048029,66.83496828577375,68.72516178272222,215250000
2020-04-20,66.85189056396484,67.99855755048588,66.83258151937916,67.09812692651032,130015200
2020-04-21,64.78546142578125,66.92912586019385,64.07573448825138,66.69496415132106,180991600
2020-04-22,66.65150451660156,67.08602784822331,65.71003238672124,66.05040482183006,116862400
2020-04-23,66.39319610595703,68.01542772017612,66.35457066668404,66.59597413685326,124814400
2020-04-24,68.30995178222656,68.31960998543786,66.86877252729914,66.91705617630512,126161200
2020-04-27,68.35823059082031,68.68895219864656,67.58091104598891,68.02750161594408,117087600
2020-04-28,67.25019836425781,69.00037411858965,67.15847120269908,68.81932145434843,112004800
2020-04-29,69.45903015136719,69.92735352024151,68.53204161617626,68.73481966758834,137280800
2020-04-30,70.92434692382812,71.10057413486881,69.60870223992275,69.99735834734561,183064000
2020-05-01,69.78251647949219,72.17965163700352,69.00519685948858,69.1017567929507,240616800
2020-05-04,70.76986694335938,70.89781053260225,69.11866751411011,69.80666911806027,133568000
2020-05-05,71.83203887939453,72.66246767070962,71.08368641004002,71.2285300116976,147751200
2020-05-06,72.57312774658203,73.2031872790944,72.14825527383692,72.53208591439893,142333600
2020-05-07,73.32389068603516,73.66910326152602,72.89660917840814,73.19836352852457,115215200
2020-05-08,75.06913757324219,75.12239040799929,73.65552559886389,73.98230402182824,133838400
2020-05-11,76.25037384033203,76.74416477518758,74.36958632362644,74.57775917368724,145946400
2020-05-12,75.37895202636719,77.38318317958411,75.25792355724299,76.93295343320654,162301200
2020-05-13,74.46883392333984,76.47791143801962,73.39410026175051,75.55809041384309,200622400
2020-05-14,74.92633819580078,74.98685245577319,72.98745894244641,73.70879158063562,158929200
2020-05-15,74.48335266113281,74.52934407916516,72.66792527667609,72.70181680027588,166348400
2020-05-18,76.2382583618164,76.611028150083,75.11511790410643,75.80498172029709,135178400
2020-05-19,75.79773712158203,77.0999976554672,75.76626852775506,76.25522103808397,101729600
2020-05-20,77.27183532714844,77.34202651721908,76.61585573751951,76.6545857322091,111504800
2020-05-21,76.69574737548828,77.67365953830173,76.45852890117943,77.1338698714014,102688800
2020-05-22,77.18952941894531,77.27182787960697,76.33264591312964,76.43430567577444,81803200
2020-05-26,76.66670989990234,78.48455279572174,76.61103413521022,78.30543299444078,125522000
2020-05-27,77.00074768066406,77.14598335609439,75.78562421645006,76.52390248864035,112945200
2020-05-28,77.03463745117188,78.29091382648822,76.4004493161322,76.67639044487011,133560800
2020-05-29,76.95958709716797,77.73658783652532,76.60376308600569,77.27668110998019,153532400
2020-06-01,77.90604400634766,78.02707250180976,76.78289602270274,76.91360886615988,80791200
2020-06-02,78.26670837402344,78.29091555107586,77.1992361328535,77.6397816394303,87642800
2020-06-03,78.69757843017578,78.95900415271024,78.01497584988421,78.58623426753769,104491200
2020-06-04,78.01981353759766,78.81859867793425,77.64704369151033,78.52087329742372,87560400
2020-06-05,80.24188232421875,80.30239656428226,78.24007392223491,78.26911957554665,137250400
2020-06-08,80.71630096435547,80.75019247995644,79.23007527095147,79.9393002955481,95654400
2020-06-09,83.26519012451172,83.6573213064147,80.3653518160227,80.39682040985336,147712400
2020-06-10,85.40738677978516,85.87455499385788,83.77350211039672,84.21162466782144,166651600
2020-06-11,81.30693054199219,84.97651490391192,81.20527075656385,84.55291522831224,201662400
2020-06-12,82.00889587402344,84.18740853476542,80.90027823694467,83.44187634114364,200146000
2020-06-15,83.02313232421875,83.67426627857331,80.50331793854433,80.66549938713932,138808800
2020-06-16,85.22341918945312,85.49452921505798,83.44188334314991,85.07334504214955,165428800
2020-06-17,85.10479736328125,86.02703369979835,84.9837688951085,85.96651946571197,114406400
2020-06-18,85.13870239257812,85.55504068464955,84.53113702208627,85.06124238777585,96820400
2020-06-19,84.65216064453125,86.30782937031772,83.54595856056092,85.84308414219812,264476000
2020-06-22,86.86698913574219,87.00980187063504,84.99830891368086,85.0443003318489,135445200
2020-06-23,88.72116088867188,90.1371959593026,87.68999560053155,88.10875691220691,212155600
2020-06-24,87.15503692626953,89.26819705246864,86.78226710315806,88.35079901624333,192623200
2020-06-25,88.31204986572266,88.35077986114183,86.55229863575047,87.30993801209478,137522400
2020-06-26,85.5986099243164,88.42825657527817,85.45095132716905,88.20798383985682,205256800
2020-06-29,87.57137298583984,87.6657787527797,85.02977472321102,85.50662726415537,130646000
2020-06-30,88.3023910522461,88.58802392767775,87.14052040168764,87.15988171149978,140223200
2020-07-01,88.1353759765625,88.92206127344404,88.08696900587378,88.37985592496987,110737200
2020-07-02,88.1353759765625,89.67486242954287,88.02161627129679,89.04067423366814,114041600
2020-07-06,90.49299621582031,90.96016437699369,89.5296068531223,89.56107543992535,118655600
2020-07-07,90.21219635009766,91.64759214853022,90.10085223248505,90.87059148435713,112424400
2020-07-08,92.31327819824219,92.34474679060094,91.10057024745561,91.1877146099101,117092000
2020-07-09,92.71025848388672,93.25730230757911,91.66457041968785,93.20404946948581,125642800
2020-07-10,92.87242126464844,92.93051996359854,91.69602787555728,92.30600881208682,90257200
2020-07-13,92.44397735595703,96.77921853086478,92.23096604261153,94.17468319640058,191649200
2020-07-14,93.97380065917969,94.1650203886337,90.89483503243176,91.82674866099546,170989200
2020-07-15,94.62007141113281,96.09419752364778,93.42430934647335,95.84487913129125,153198000
2020-07-16,93.4557876586914,94.31024858615012,92.85790656415841,93.49451766571708,110577600
2020-07-17,93.26698303222656,94.06092970486094,92.79496892260524,93.90601706451432,92186800
2020-07-20,95.23248291015625,95.37045717183655,93.01040144233045,93.35412562962276,90318000
2020-07-21,93.9181137084961,96.09662665534265,93.66879530005893,96.02158957813295,103433200
2020-07-22,94.18195343017578,94.86213298167614,93.53324246932021,93.62037944003524,89001600
2020-07-23,89.89513397216797,93.99315739757402,89.08666444146189,93.91569738113668,197004400
2020-07-24,89.67241668701172,90.016140810345,86.31266499943915,88.0966309470678,185438800
2020-07-27,91.79768371582031,91.88966654711753,90.50994623863684,90.7326345162056,121214000
2020-07-28,90.2896728515625,91.54594911832494,90.2848269844815,91.36924487069622,103625600
2020-07-29,92.02037811279297,92.20434377285328,90.73505619988047,90.7713632677891,90329200
2020-07-30,93.13385772705078,93.2379404686909,90.78832470426487,91.19497870904048,158130000
2020-07-31,102.88390350341797,103.03397765297315,97.62157959922047,99.61613418906329,374336800
2020-08-03,105.47632598876953,108.09053834247213,104.4645296144692,104.7622549635953,308151200
2020-08-04,106.18073272705078,107.26998931138203,104.94381752005107,105.66515009521494,173071600
2020-08-05,106.5655746459961,106.88509160009556,105.43758834706337,105.9023409518437,121776800
2020-08-06,110.28357696533203,110.77737527223312,106.30900549573542,106.89720218347466,202428800
2020-08-07,107.77619934082031,110.26175680038186,106.98082124977309,109.80586800423681,198045600
2020-08-10,109.34270477294922,110.35875275642206,106.69710077257369,109.21903076531765,212403600
2020-08-11,106.09087371826172,109.10506522291367,105.83140397675015,108.60795666047292,187902400
2020-08-12,109.61673736572266,109.8737798216829,106.98568204543375,107.17967383850515,165598000
2020-08-13,111.55667114257812,112.55817011651827,110.50667052619417,110.99408465160128,210082000
2020-08-14,111.457275390625,111.54699679095017,109.65069606942879,111.38210300655183,165565200
2020-08-17,111.16626739501953,112.60183183496459,110.5406375676734,112.577581010581,119561600
2020-08-18,112.09256744384766,112.5169308684593,110.58425829007268,110.91890034610189,105633600
2020-08-19,112.23322296142578,113.64453639963617,112.13865437861999,112.49996719549999,145538000
2020-08-20,114.72364044189453,114.837612647254,112.25747906222769,112.27445537799255,126907200
2020-08-21,120.6356201171875,121.11817961837231,115.6693525872738,115.6814742972318,338054800
2020-08-24,122.07846069335938,124.91806397068724,120.2161130032418,124.83318239328597,345937600
2020-08-25,121.07698059082031,121.42132455723713,119.35770286204193,120.95331395948224,211495600
2020-08-26,122.72347259521484,123.17936132920332,121.3267083719839,122.39125785191554,163022400
2020-08-27,121.25639343261719,123.657076446734,120.11424426928406,123.32486169573068,155552400
2020-08-28,121.06000518798828,122.64590698975564,120.83690796249397,122.22881796842402,187630000
2020-08-31,125.16539764404297,127.06655257654671,122.21668415759454,123.74924435405829,225702700
2020-09-01,130.15109252929688,130.7524864197246,126.61069366744442,128.773731349047,151948100
2020-09-02,127.45455932617188,133.83698910317142,123.18668026100194,133.45869988967056,200119000
2020-09-03,117.25041198730469,124.97140134269283,116.8818246649217,123.09935930505591,257599600
2020-09-04,117.32801818847656,119.98574406174012,107.56038329847304,116.46474218511382,332607200
2020-09-08,109.43242645263672,115.41716207276087,109.29663073421304,110.52849400857393,231366600
2020-09-09,113.79730987548828,115.56266164657546,111.79916649731042,113.73911382379356,176940500
2020-09-10,110.0822982788086,116.88181506989982,109.12202651754133,116.74601936225844,182274400
2020-09-11,108.63701629638672,111.77003350464189,106.69706957680837,111.1298475350325,180860300
2020-09-14,111.89615631103516,112.44904097306566,109.41302623599448,111.27537379227499,140150100
2020-09-15,112.07076263427734,115.26197700807842,110.19871308977739,114.77699015613865,184642000
2020-09-16,108.76313781738281,112.51693833812011,108.67584374495958,111.7700619173575,154679000
2020-09-17,107.0268783569336,108.83102975873638,105.44582412860575,106.42549948987329,178011000
2020-09-18,103.6319808959961,107.5506753180143,102.9045006607274,107.08509211161683,287104900
2020-09-21,106.77471160888672,106.88140931284494,100.00429161371379,101.40105617439414,195713800
2020-09-22,108.45274353027344,109.47121874863322,105.88231946545223,109.29662320835186,183055400
2020-09-23,103.903564453125,108.74373016788621,103.56406780634413,108.26844522282775,150718700
2020-09-24,104.97053527832031,106.93958033536623,101.84721936701546,102.01211308896369,167743300
2020-09-25,108.90864562988281,109.06384497371614,104.4370662899755,105.17424837255975,149981400
2020-09-28,111.50816345214844,111.85735453793174,109.39362072171006,111.5566650919616,137672400
2020-09-29,110.66429901123047,111.84766814275456,110.1599159291002,111.11049343812664,99382200
2020-09-30,112.33264923095703,113.73911550361659,110.20841190929694,110.37330565840851,142675200
2020-10-01,113.2832260131836,114.18530182393523,112.35205217632898,114.10770215411938,116120400
2020-10-02,109.62640380859375,111.90584749739754,108.85042943395283,109.50030991529614,144712000
2020-10-05,113.00193786621094,113.14743540361185,110.14051836534591,110.48970949498322,106243800
2020-10-06,109.76221466064453,112.63333559022071,108.87953514429641,112.22594105943094,161498200
2020-10-07,111.62454986572266,112.08043858541826,110.70307061944358,111.17836295291494,96849000
2020-10-08,111.5178451538086,112.90490743883339,111.14925051843214,112.75940994593793,83477200
2020-10-09,113.45780181884766,113.48689983988513,111.4693531777682,111.81854423083884,100506900
2020-10-12,120.66471862792969,121.42129686008033,115.69845107798898,116.45502931013961,240226800
2020-10-13,117.46381378173828,121.62500184957032,116.05735487456657,121.50860234126793,262330500
2020-10-14,117.55109405517578,119.33584179194668,116.02823591444664,117.36679671702483,150712000
2020-10-15,117.08552551269531,117.56081055796655,114.60239518602361,115.15527990408137,112559200
2020-10-16,115.44625854492188,117.90029805270329,115.24256497002679,117.63840102761567,115393800
2020-10-19,112.49755096435547,116.80422908289772,112.1871596819352,116.35804207693808,120639300
2020-10-20,113.98159790039062,115.40746025257594,112.15804282671203,112.71092747344602,124423700
2020-10-21,113.36083984375,115.14558807058964,112.95344522648205,113.16684064497652,89946000
2020-10-22,112.27445220947266,114.49569279996962,111.14927920105526,113.92340448698165,101988000
2020-10-23,111.58577728271484,113.05043966735408,110.84859518576691,112.89524032049677,82572600
2020-10-26,111.59545135498047,113.0504115687335,109.49060328818192,110.58667805207448,111850700
2020-10-27,113.09893035888672,113.75851276167866,111.10078693291935,112.02225897491293,92276800
2020-10-28,107.86106872558594,111.96406058991157,107.76407283902445,111.59547326085323,143937800
2020-10-29,111.85737609863281,113.41903447764516,108.83105523861934,108.99595640558233,146129200
2020-10-30,105.59134674072266,108.62736202117581,104.4855772187525,107.72528610585144,190272600
2020-11-02,105.5040283203125,107.35668150297613,104.09756951905206,105.83382320217856,122866900
2020-11-03,107.12390899658203,108.14237704788208,105.46525468419668,106.3673306155269,107624400
2020-11-04,111.49848175048828,112.1192643704232,108.97655143196363,110.71280536595152,138235500
2020-11-05,115.4559555053711,116.02824377297978,113.3608163942021,114.40838224963099,126387100
2020-11-06,115.32478332519531,115.8203179514325,112.837361996159,114.96527127109147,114457900
2020-11-09,113.02198791503906,118.53122507296646,112.7596464655049,117.08347300114552,154515300
2020-11-10,112.68191528320312,114.25597883957684,110.8940807658282,112.27382528066764,138023400
2020-11-11,116.10209655761719,116.23812654293447,113.13857769111563,113.86731293234887,112295000
2020-11-12,115.83003234863281,117.11260602974937,115.20817889191434,116.22841115754073,103162300
2020-11-13,115.87863159179688,116.27700303551688,114.52804275815001,116.05352836084144,81581900
2020-11-16,116.88915252685547,117.55958400464418,114.80010971790968,115.54827474511946,91183000
2020-11-17,116.00494384765625,117.24865091924097,115.5871353083196,116.16041093814378,74271000
2020-11-18,114.6834945678711,116.42274359265693,114.65434634387621,115.24705160870013,76322100
2020-11-19,115.27621459960938,115.68430461397098,113.49809857736044,114.25598215062608,74113000
2020-11-20,114.0130615234375,115.40251710432108,113.96448361868471,115.27620565626937,73604300
2020-11-23,110.62203216552734,114.28514625847261,110.52486892820643,113.85761911856477,127959300
2020-11-24,111.90460205078125,112.56532241854126,109.39775058959653,110.68033196208322,113874200
2020-11-25,112.7402114868164,113.43979858279869,111.90459439029078,112.27382503154757,76499200
2020-11-27,113.28434753417969,114.15883152801634,112.92484280171581,113.26491785124114,46691300
2020-11-30,115.67459869384766,117.5401594833683,113.49810369299398,113.6535707986605,169410200
2020-12-01,119.24051666259766,119.96925188593028,116.60735427852516,117.57900124296866,127728200
2020-12-02,119.59032440185547,119.87210294466338,117.4624149241799,118.56037345602128,89004200
2020-12-03,119.45429229736328,120.27047227200518,118.74498667961886,120.0178419599632,78967600
2020-12-04,118.78385162353516,119.37655691588907,118.07454601670749,119.12392660773527,78260400
2020-12-07,120.24134063720703,121.03809104227989,118.78386984160453,118.84216630124308,86712000
2020-12-08,120.85346221923828,121.43645640289948,119.6000365852931,120.84375108576852,82225500
2020-12-09,118.32719421386719,122.37896123763355,117.56931058790569,120.99922399995596,115089200
2020-12-10,119.74578857421875,120.35793100204793,116.74340254220034,117.08347755039478,81312200
2020-12-11,118.93932342529297,119.27939842297663,117.13205925122674,118.95875310526962,86939800
2020-12-14,118.32719421386719,119.85268001340195,118.0940009627436,119.12394461719592,79184500
2020-12-15,124.25422668457031,124.27366377761385,120.61055011219938,120.81459511068267,157243700
2020-12-16,124.18621063232422,124.73033062366706,122.9716517851633,123.79755773169585,98208600
2020-12-17,125.05097961425781,125.90603381216341,124.40968896582861,125.24530607028412,94359800
2020-12-18,123.0688247680664,125.43964605507787,122.5441344465272,125.30361605465058,192541500
2020-12-21,124.59429931640625,124.67203286094654,119.94982751976666,121.47531311924551,121251600
2020-12-22,128.14083862304688,130.5991048748753,125.97405467288996,127.87848972538272,168904800
2020-12-23,127.24690246582031,128.6752099698852,127.07199828959047,128.4128759447762,88223700
2020-12-24,128.228271484375,129.67603102914552,127.3829432351903,127.59670678746939,54930100
2020-12-28,132.81443786621094,133.44600251933943,129.72459253226933,130.19099379190865,124486200
2020-12-29,131.04605102539062,134.8549062093824,130.53107920371312,134.13589678161503,121047300
2020-12-30,129.9286651611328,132.13430846309575,129.61773093964035,131.73592955161843,96452100
2020-12-31,128.9278564453125,130.91973597132423,127.98535756948488,130.27844532518537,99116600
2021-01-04,125.74088287353516,129.82179864042618,123.16601600041264,129.73435394015942,143301900
2021-01-05,127.29548645019531,128.00479953709709,124.78863505032471,125.23559925815104,97664900
2021-01-06,123.01051330566406,127.3343470647896,122.79674977159817,124.09876065496377,155088000
2021-01-07,127.20802307128906,127.89789896268525,124.2347856325796,124.72060913109178,109578200
2021-01-08,128.30596923828125,128.86952618923627,126.53756485844092,128.67518495872093,105158200
2021-01-11,125.32305908203125,126.47932169028218,124.85667254990132,125.52711152955341,100384500
2021-01-12,125.14813995361328,126.0129052139805,123.26314235039197,124.85664288048969,91951100
2021-01-13,127.17890930175781,127.72302939531502,124.84696180760955,125.10929589304283,88636800
2021-01-14,125.25502014160156,127.2857588427231,125.10926419379747,127.09143240514113,90221800
2021-01-15,123.53520965576172,126.52788445335536,123.39917965706009,125.12871028033413,111598500
2021-01-19,124.20564270019531,125.06069683837403,123.340877429049,124.15705738304294,90757300
2021-01-20,128.2865753173828,128.7335395413519,124.90524730001776,125.01212908230433,104319500
2021-01-21,132.98936462402344,135.70998009916667,129.80236258422073,130.00641504597513,120150900
2021-01-22,135.12696838378906,135.88485193048166,131.19179469063414,132.4160646907934,114459400
2021-01-25,138.86781311035156,140.97628571065687,132.6686993609781,139.0135690829673,157611700
2021-01-26,139.1009979248047,140.20867499016745,137.36174136904043,139.52852500725305,98390600
2021-01-27,138.0321807861328,140.20867556656404,136.4289690465183,139.36333253146313,140843800
2021-01-28,133.20310974121094,137.9641898687069,132.82416793009364,135.56422012291074,142621100
2021-01-29,128.2185821533203,132.86305498594893,126.51819940588042,131.97885239900157,177523800
2021-02-01,130.33676147460938,131.54160940158948,127.21776727973175,129.95781964029345,106239800
2021-02-02,131.16262817382812,132.44519444855226,130.7933975854858,131.8816374338767,83305400
2021-02-03,130.1423797607422,131.92049525214782,129.82173452529324,131.91076929503612,89880900
2021-02-04,133.49461364746094,133.50432478243863,130.7739984115147,132.43552171463995,84183100
2021-02-05,133.0810089111328,133.72325779067754,132.20522578325316,133.65514858435046,75693800
2021-02-08,133.2269744873047,133.2756324021585,131.29050232328603,132.3706427004726,71297200
2021-02-09,132.35121154785156,134.1709170758531,132.1955269668042,132.9448026300194,76774200
2021-02-10,131.7478790283203,133.3048434386966,130.78450562896475,132.80855342312873,73046600
2021-02-11,131.49488830566406,132.72098784651604,130.17147291387968,132.24416393424985,64280000
2021-02-12,131.72842407226562,131.88412349618312,130.09362466607496,130.73587365349886,60145100
2021-02-16,129.6070556640625,132.35118706954955,129.2178071626484,131.84518629017936,80576300
2021-02-17,127.3202896118164,128.66317119438432,125.98714852369966,127.7192638281322,97918500
2021-02-18,126.22071075439453,126.50290300476138,123.98257950080088,125.7244206319919,96856700
2021-02-19,126.3763427734375,127.19375709134722,125.33513472608534,126.73639944443335,87668800
2021-02-22,122.6104736328125,126.23040308983671,122.22123254914695,124.56639727156255,103916400
2021-02-23,122.4742431640625,123.30137584564321,115.20519230196524,120.43073670834654,158273000
2021-02-24,121.97795867919922,122.18230857916163,118.94189453786483,121.57899194807914,111039900
2021-02-25,117.73524475097656,123.05809741548158,117.29735317502876,121.32598240071049,148199500
2021-02-26,117.99800872802734,121.49143122307309,117.93961772875939,119.29222499597206,164560400
2021-03-01,124.35232543945312,124.48855870917815,119.48683030882653,120.42100448300808,116307900
2021-03-02,121.754150390625,125.25730532990295,121.64710890595583,124.95564701355688,102260900
2021-03-03,118.77645874023438,122.32827149061751,118.56237577745944,121.45248092660913,112966300
2021-03-04,116.89838409423828,120.27503892466773,115.42900990064756,118.47480719948628,178155000
2021-03-05,118.1536865234375,118.65970219404976,114.40725661331615,117.72552798386944,153766600
2021-03-08,113.22981262207031,117.74499188213018,113.08384627126932,117.67687524164398,154376600
2021-03-09,117.83255767822266,118.77646492277744,115.5944343694315,115.82797605727136,129525800
2021-03-10,116.75244140625,118.88352353506721,116.23669261108125,118.4164400921035,111943300
2021-03-11,118.67915344238281,119.89552719538874,117.99798711036199,119.24355264557505,103026500
2021-03-12,117.77415466308594,117.910387910508,115.95446453359608,117.16110504968663,88105100
2021-03-15,120.65455627441406,120.66428934425417,117.18059275719496,118.14396621912681,92403800
2021-03-16,122.19205474853516,123.79766976227535,121.36492199120141,122.31855495993447,115227900
2021-03-17,121.40384674072266,122.4742542742317,119.04894125801434,120.71294726523811,111932600
2021-03-18,117.28763580322266,119.86634995731801,117.08328587882134,119.57441725151209,121229700
2021-03-19,116.76216125488281,118.16342636251116,116.46050290360724,116.67458589773459,185549500
2021-03-22,120.07067108154297,120.53776181396455,117.02487423771213,117.09299086284075,111912300
2021-03-23,119.24356079101562,120.89782623844285,118.8543196786337,120.0123099463268,95467100
2021-03-24,116.85945892333984,119.59387224546333,116.84000020937296,119.51602254128295,88530500
2021-03-25,117.34601593017578,118.38723908571315,115.79879193762964,116.32426633816141,98844700
2021-03-26,117.94933319091797,118.21207408800578,115.72093550893463,117.11246742653448,94071200
2021-03-29,118.12450408935547,119.28249444245718,117.48226251708941,118.37751194468804,80819200
2021-03-30,116.67457580566406,117.16112532326552,115.66255191815422,116.8789257121579,85671900
2021-03-31,118.86405944824219,120.19720049628938,117.8909603245139,118.37750988637804,118323800
2021-04-01,119.69117736816406,120.83943448866229,119.19489479787379,120.33342627373456,75089100
2021-04-05,122.51316833496094,122.7661761594041,119.75929632134557,120.53777850848313,88651200
2021-04-06,122.81483459472656,123.71008397089403,122.26990148299974,123.09703422020135,80171300
2021-04-07,124.45936584472656,124.47882455845117,121.7736104771957,122.4450511751175,83466700
2021-04-08,126.85317993164062,126.88237171232534,125.06268142419076,125.4811068462127,88844600
2021-04-09,129.42218017578125,129.46109760648577,125.9871415439433,126.30826602843275,106686700
2021-04-12,127.70951080322266,129.276200697575,127.11591985323048,128.95507626413877,91420000
2021-04-13,130.81370544433594,131.03752892907758,128.380957683949,128.87724772998885,91266500
2021-04-14,128.47824096679688,131.36834576141277,128.11819914098413,131.3099622056929,87222800
2021-04-15,130.88180541992188,131.36835488244947,130.04493975044198,130.22010527807376,89347100
2021-04-16,130.5509796142578,131.04725481288563,129.69464764958488,130.68721289515452,84922400
2021-04-19,131.21267700195312,131.82573417670255,129.75302837507442,129.91845343765638,94264200
2021-04-20,129.5292205810547,131.88411859918818,128.2641887932471,131.38784340823202,94812300
2021-04-21,129.9087371826172,130.15201197134868,127.76792201144299,128.79940473993418,68847100
2021-04-22,128.3906707763672,130.5412110225183,127.87492954910141,129.46107065350094,84566500
2021-04-23,130.7066650390625,131.4851323617936,128.60476763173878,128.60476763173878,78657500
2021-04-26,131.0959014892578,131.426751593288,129.9671030596472,131.20294297565732,66905100
2021-04-27,130.77481079101562,131.76737620766062,130.50234418226077,131.37812758921328,66015800
2021-04-28,129.986572265625,131.3878372667235,129.50002274292763,130.69693041123548,107760100
2021-04-29,129.8892822265625,133.38271977828063,128.88699119854815,132.79885429572334,151101000
2021-04-30,127.92356872558594,129.96706719986483,127.54406080548353,128.23495260572474,109839500
2021-05-03,128.97454833984375,130.46340362512916,128.28365629304724,128.48799878924353,75135100
2021-05-04,124.41070556640625,127.95279275381809,123.29164023246338,127.66086008438737,137564700
2021-05-05,124.65399169921875,126.94076551104096,124.5274840738415,125.72439172337612,84000900
2021-05-06,126.2498779296875,126.2596035749363,123.71008135413715,124.44963872166365,78128300
2021-05-07,126.92243194580078,127.94590938474946,126.2108524591679,127.54627247102638,78973300
2021-05-10,123.64727020263672,126.26934761190338,123.6082792363769,126.14263998590019,88071200
2021-05-11,122.73101043701172,123.0819142652862,119.67028275042819,120.38185488141869,126142800
2021-05-12,119.6702880859375,121.4930768252382,119.16342036759427,120.28438654552215,112172300
2021-05-13,121.81474304199219,122.96495055227784,121.12267010296466,121.43459040557941,105861300
2021-05-14,124.23212432861328,124.66101753625983,122.67252280548946,123.06242504546209,81918000
2021-05-17,123.08191680908203,123.72525662054227,122.0096912267483,123.61803331863223,74244600
2021-05-18,121.69778442382812,123.78375308679564,121.62955208202142,123.3646094337638,63342900
2021-05-19,121.54180908203125,121.76599784022277,119.75801143334377,120.05043995950335,92612000
2021-05-20,124.0956802368164,124.49533214416667,121.94147911381228,122.06820163895645,76857100
2021-05-21,122.26313781738281,124.76825004025154,122.04869119774337,124.59279439116175,79295400
2021-05-24,123.89097595214844,124.70977148763245,122.76026751533502,122.82849985689472,63092900
2021-05-25,123.69601440429688,125.08016771850949,123.13065653206684,124.59278434432386,72009500
2021-05-26,123.64727020263672,124.17363709199465,123.22812661130169,123.75449350065962,56575900
2021-05-27,122.11690521240234,124.41732007226534,121.92195782567474,123.24762087836753,94625600
2021-05-28,121.46382904052734,122.6237861257757,121.40534630909178,122.3995899273286,71311100
2021-06-01,121.14215087890625,122.18513499335711,120.81073884102746,121.92195528308666,67637100
2021-06-02,121.90248107910156,122.07793673418138,120.91798692698966,121.14217571934485,59278900
2021-06-03,120.42083740234375,121.69775987143738,120.02118559755706,121.5320538514475,76229200
2021-06-04,122.71151733398438,122.97470451422886,120.72302254551224,120.93746915555829,75169300
2021-06-07,122.72127532958984,123.13066937489863,121.67829101219802,122.9844550910691,71057600
2021-06-08,123.54005432128906,125.21663622404847,123.02343700167279,123.4035896495703,74403800
2021-06-09,123.92019653320312,124.52454534046706,123.32559732645998,123.99817846383709,56877900
2021-06-10,122.92597961425781,124.95346562999302,122.76027355328648,123.81300009816206,71186400
2021-06-11,124.1346435546875,124.22237508614661,122.91620377217826,123.33534735483208,53522400
2021-06-14,127.18563842773438,127.24412116871932,123.86173793219395,124.59280194157657,96906500
2021-06-15,126.3668212890625,127.30258955054586,126.1231333418934,126.6592498003718,62746300
2021-06-16,126.86399841308594,127.58532042701633,125.21667961701894,127.07844509632095,91815000
2021-06-17,128.46255493164062,129.20337594415264,126.37658632134162,126.52280804022224,96721700
2021-06-18,127.16612243652344,128.1895998960208,126.95167585727805,127.40981037898122,108953300
2021-06-21,128.9596710205078,129.066894317528,125.94769141357571,127.01016734634604,79663300
2021-06-22,130.59725952148438,130.69474066397615,128.29684436989922,128.7939773736595,74783600
2021-06-23,130.3243408203125,130.92869718078555,129.86620618552573,130.3925806003398,60214200
2021-06-24,130.04165649414062,131.240597184488,129.5737648661965,131.05539194095186,68711000
2021-06-25,129.7492218017578,130.50952706925113,129.45679326652197,130.09039090512184,70783700
2021-06-28,131.37704467773438,131.83517920756188,129.9831567614525,130.04163948891443,62111300
2021-06-29,132.88792419433594,133.0438880631515,130.9579196567259,131.3965550234282,64556100
2021-06-30,133.50201416015625,133.94064949902392,132.43952338561445,132.73195190270366,63261400
2021-07-01,133.80416870117188,133.86265142282898,132.33228412965926,133.1510868534501,52485800
2021-07-02,136.42626953125,136.46525305919846,134.27206149217562,134.41826831389758,78852600
2021-07-06,138.4342498779297,139.53570925876045,136.53348691022637,136.53348691022637,108181800
2021-07-07,140.91990661621094,141.2318195282519,139.0581266890823,139.91589835234652,104911600
2021-07-08,139.62347412109375,140.42276298269945,137.11835448019005,138.0053823208354,105575500
2021-07-09,141.44627380371094,141.972633378387,139.04837716154248,139.14585831818513,99890800
2021-07-12,140.8516387939453,142.62569425576672,140.36426288116348,142.51847096001342,76299700
2021-07-13,141.96286010742188,143.7369156295679,140.00361422588887,140.39350901995923,100827100
2021-07-14,145.3842315673828,145.79364043052715,143.95134516697595,144.3607540301203,127050800
2021-07-15,144.73114013671875,146.21276700697837,143.37623575739534,145.47196100861444,106820300
2021-07-16,142.69393920898438,145.97884856339024,142.1968210625346,144.7116829108476,93251400
2021-07-19,138.85342407226562,140.43253247911716,138.09311867670348,140.12060468938105,121434600
2021-07-20,142.4600067138672,143.38603306380864,139.35056015600642,139.83793618290784,96350000
2021-07-21,141.72894287109375,142.4405225803077,140.97839449756518,141.8556653977963,74993500
2021-07-22,143.09356689453125,144.45821346206498,142.1285572602189,142.25527975346566,77338200
2021-07-23,144.8091278076172,144.96509166825837,143.210535419876,143.82463382519293,71447400
2021-07-26,145.2283172607422,146.04710543551434,143.9708787526298,144.5264945756414,72434100
2021-07-27,143.06436157226562,145.44275893789174,141.87516288945258,145.35501995009983,104818600
2021-07-28,141.31954956054688,143.2593115153304,138.94115215326465,141.1538434950934,118931200
2021-07-29,141.96286010742188,142.8498878684949,140.92962551695572,141.03684881635502,56699500
2021-07-30,142.17730712890625,142.63544169374407,140.47149137109437,140.73467853831747,70440600
2021-08-02,141.8459014892578,143.2397895751834,141.582714310116,142.6646895204393,62880000
2021-08-03,143.63943481445312,144.30225894055675,141.51446802349406,142.12856645538005,64786600
2021-08-04,143.2397918701172,144.058579914417,142.58670986762564,143.5517196242508,56368300
2021-08-05,143.34703063964844,144.10733603044793,142.4795019309908,143.2690486927029,46397700
2021-08-06,142.6636962890625,143.6106236198985,142.16583326910765,142.8687074712915,54126800
2021-08-09,142.6148681640625,143.21035833317768,142.05843483321482,142.72225212556916,48908700
2021-08-10,142.1365509033203,144.19635994581478,141.84368416396723,142.95656585685202,69023100
2021-08-11,142.3903350830078,143.2298783064216,142.06818321748432,142.57581781429272,48493500
2021-08-12,145.3482666015625,145.50446416374155,142.37081574173467,142.71249604702388,72282600
2021-08-13,145.55323791503906,145.88514647193662,144.74298004086066,145.4263255685366,59375000
2021-08-16,147.5251922607422,147.59353426907154,142.9858112009547,145.0065628373872,103296000
2021-08-17,146.6173553466797,148.07190241442922,145.54351565601462,146.65639729187643,92229700
2021-08-18,142.87844848632812,147.13473517673972,142.67343732669485,146.2366215497856,86326000
2021-08-19,143.2104034423828,144.47948296107052,141.06273843158576,141.5801299829561,86960300
2021-08-20,144.66488647460938,144.9675098694575,143.28842371499448,143.93272733385453,60549600
2021-08-23,146.1487579345703,146.61733569322215,144.37204430196212,144.7820517027598,60131800
2021-08-24,146.06085205078125,147.2713604372929,145.60203116452846,145.89489777853456,48606400
2021-08-25,144.8308563232422,146.74423897086186,144.28417982272728,146.24636116832204,58991300
2021-08-26,144.03036499023438,145.57278230599707,144.00107981111,144.82110951404735,48597200
2021-08-27,145.06512451171875,145.21155036889095,143.3372249180138,143.97175682684613,55802400
2021-08-30,149.47763061523438,149.83883931473636,145.07491826892314,145.45564049048158,90956700
2021-08-31,148.21829223632812,149.1652192116683,147.69112933468762,149.0285501067643,86453100
2021-09-01,148.88217163085938,151.29341783710504,148.71621728375123,149.19456679893693,80313700
2021-09-02,149.9950408935547,151.03959539227287,148.7747752992504,150.20980882981786,71115500
2021-09-03,150.62960815429688,150.95176010192384,149.4483843463314,150.10244500515378,57808700
2021-09-07,152.96270751953125,153.51914078415754,150.71741625258127,151.2836211735212,82278300
2021-09-08,151.42030334472656,153.3043860941943,150.31717858511598,153.24581573453693,74420200
2021-09-09,150.40505981445312,152.3965266648195,150.28790419091163,151.79127971049815,57305700
2021-09-10,145.42636108398438,151.7814983871202,145.1627795675759,151.31292061025323,140893200
2021-09-13,145.99256896972656,147.818081410703,145.21159606216116,147.04688016056696,102404300
2021-09-14,144.5965576171875,147.4763957492906,143.4153491043727,146.7735217186003,109296300
2021-09-15,145.4849090576172,145.88515965134906,142.88818092204215,145.02608811276684,83281300
2021-09-16,145.25062561035156,145.42635157507343,143.71798000246844,144.90896023332135,68034100
2021-09-17,142.5855712890625,145.27992686740734,142.29270460935308,145.27992686740734,129868800
2021-09-20,139.53981018066406,141.39460787991925,137.909537174392,140.37935348466607,123478900
2021-09-21,140.01815795898438,141.16033974315945,139.38362576406158,140.50626423071614,75834000
2021-09-22,142.38059997558594,142.94679012081193,140.28173414994058,141.01389352952881,76404300
2021-09-23,143.33726501464844,143.581318108749,142.1755699033987,143.16153904107028,64838200
2021-09-24,143.4251251220703,143.96204492535793,142.09747565204063,142.19510285111807,53477900
2021-09-27,141.9119873046875,142.48796392317834,140.39887004950094,142.00961449990794,74150700
2021-09-28,138.53431701660156,141.3067568929059,138.31954907870838,139.8424381686271,108972300
2021-09-29,139.43240356445312,141.0138627120859,138.6514307510702,139.08096654322168,74602000
2021-09-30,138.13404846191406,140.9455448156453,137.9192805517919,140.2426707272125,89056700
2021-10-01,139.2566680908203,139.5202495626883,135.80088336468526,138.52450892126643,94639600
2021-10-04,135.83018493652344,138.82716398233575,134.98088496397907,138.38785651091933,98322000
2021-10-05,137.75332641601562,138.8564511470798,136.0449547897289,136.17186716291496,80861100
2021-10-06,138.6221160888672,138.7685419433114,135.0784614531743,136.15230070514616,83221100
2021-10-07,139.88143920898438,140.78932429837576,139.32500600229986,139.65691457441454,61732700
2021-10-08,139.50076293945312,140.75031377150447,139.16885425815033,140.6038878520535,58773200
2021-10-11,139.4128875732422,141.36531233280488,138.43667519346084,138.88573944232053,64452200
2021-10-12,138.14381408691406,139.84242905892054,137.68499305819657,139.82290063970592,73035900
2021-10-13,137.55809020996094,138.03642474342516,135.88876048394778,137.88024208325538,78762700
2021-10-14,140.3402862548828,140.45744186952987,138.1438084019397,138.72954178771872,69907100
2021-10-15,141.39459228515625,141.45316264244676,140.0962280805495,140.35005282323274,67940300
2021-10-18,143.06393432617188,143.347029376178,139.75457479053856,140.03766984054468,85589200
2021-10-19,145.22134399414062,145.62159463310732,143.06392303976392,143.51297237963328,76378900
2021-10-20,145.70944213867188,146.18779152686344,144.59656071553547,145.16276563549152,58418800
2021-10-21,145.92422485351562,146.0804224119474,144.35252229936606,145.27016433537898,61421000
2021-10-22,145.15301513671875,146.6075619891813,145.1042015405824,146.12922747617256,58883400
2021-10-25,145.10421752929688,145.8168484447923,144.1084766625064,145.14325947301697,50720600
2021-10-26,145.7680206298828,147.25185252804923,145.4653823192533,145.77777738990952,60893400
2021-10-27,145.30923461914062,146.1682914783705,144.95779752805828,145.80709762491546,56094900
2021-10-28,148.94068908691406,149.52640741666096,146.15847860921852,146.25610577875034,100077900
2021-10-29,146.23658752441406,146.3732566337639,142.927228830471,143.7179583128391,124953200
2021-11-01,145.4166259765625,146.13901372017423,144.2842158593394,145.44591116098886,74588300
2021-11-02,146.4513702392578,147.96450225059075,145.11394928812004,145.12372094423125,69122000
2021-11-03,147.8864288330078,148.35500663634056,146.25615583539988,146.8125891838913,54511500
2021-11-04,147.3690185546875,148.80403696262286,147.0566234619275,147.97426542713765,60394600
2021-11-05,147.89695739746094,148.7963818494452,146.70423879606528,148.49331669815876,65463900
2021-11-08,147.0757598876953,148.18049482600526,146.8020226332124,148.02406927556885,55020900
2021-11-09,147.43743896484375,148.0435691533501,146.70421118808,146.84107977637362,56787900
2021-11-10,144.61207580566406,146.7726603269792,144.54364896685252,146.66511965093986,65187100
2021-11-11,144.56320190429688,146.0883134852804,144.37744845730748,145.62883774477925,41000000
2021-11-12,146.63575744628906,147.0365772200293,144.18187938974896,145.11063141972008,63804000
2021-11-15,146.64553833007812,148.48350051743287,146.08827812399716,147.00725921767452,59222800
2021-11-16,147.6232147216797,148.1022623119589,146.0003334167105,146.5869216938867,59256200
2021-11-17,150.05752563476562,151.53375230300938,147.61343285568483,147.6232038564801,88807000
2021-11-18,154.33953857421875,155.12165110785514,149.62733629184328,150.27258025090998,137827700
2021-11-19,156.95960998535156,157.41910052968012,153.02950540265965,154.12445397592487,117305600
2021-11-22,157.41912841796875,161.99446283900974,157.39957149925132,158.0643575600625,117467900
2021-11-23,157.80043029785156,158.18170822428823,155.50297681960475,157.5169071447605,96041900
2021-11-24,158.31857299804688,158.5140974575523,156.07000441983408,157.1551823252834,69463600
2021-11-26,153.3032684326172,156.8618668141861,152.8633347292546,156.00155632601601,76959800
2021-11-29,156.65658569335938,157.5853380225465,155.23899986098183,155.80603121042097,88748200
2021-11-30,161.6033935546875,161.81847488073362,156.3437019010155,156.41214364910118,174048100
2021-12-01,161.0852813720703,166.49161375206606,160.8506430799377,163.73466976035556,152052500
2021-12-02,160.09788513183594,160.5280479474499,154.27117495005226,155.1901564347617,136739200
2021-12-03,158.22079467773438,161.271032766341,156.14820866843903,160.3520514474846,118023100
2021-12-06,161.6229705810547,164.12571914002814,160.6062196554979,160.61599065605895,107497000
2021-12-07,167.3519287109375,167.74299254141582,164.57544264356054,165.2988995417756,120405400
2021-12-08,171.16468811035156,172.02501344578044,166.8826332677211,168.280661937793,116998900
2021-12-09,170.6563720703125,172.79740023657416,170.03068476799712,170.9985511071127,108923700
2021-12-10,175.43699645996094,175.61297891700764,170.78344865474102,171.29182418696914,115402700
2021-12-13,171.80996704101562,178.05706815750167,171.6046566651188,177.0696450374433,153237000
2021-12-14,170.4314422607422,173.76518766396276,168.3588568100855,171.33086641701877,139380400
2021-12-15,175.2903289794922,175.48585340924998,168.4566405154073,171.19402728468987,131063300
2021-12-16,168.40773010253906,177.08915070687198,166.93150372687032,175.27074544292535,150185800
2021-12-17,167.31280517578125,169.59070130648584,165.89523442801953,166.12985777423478,195432700
2021-12-20,165.95391845703125,166.76535914150864,163.71513578207376,164.51679054709132,107499100
2021-12-21,169.12144470214844,169.3267401361631,165.3379790393109,167.72341591348743,91185900
2021-12-22,171.712158203125,171.92723953166936,168.30019977990446,169.17029609354066,92135300
2021-12-23,172.33787536621094,172.8951357013555,171.35046721642092,171.9174985527305,68356600
2021-12-27,176.2972869873047,176.38527073958,173.11019564746687,173.12973764737882,74919600
2021-12-28,175.28057861328125,177.27496698697752,174.537579662478,176.13113317745794,79144300
2021-12-29,175.36856079101562,176.5906072567406,174.15628532669507,175.31967594887476,62348900
2021-12-30,174.21495056152344,176.53196092937984,174.10740987004013,175.4565540145469,59773000
2021-12-31,173.59901428222656,175.22188041192248,173.29593427269404,174.1073747963206,64062300
2022-01-03,177.93971252441406,178.79026689432098,173.73588518068755,173.85319685203027,104487900
2022-01-04,175.68138122558594,178.84893075193062,175.1143499260673,178.54586564233023,99310400
2022-01-05,171.00830078125,176.1408961877194,170.73456355297643,175.59342173117227,94537600
2022-01-06,168.15359497070312,171.37980064842037,167.80164498917833,168.83793801323478,96904000
2022-01-07,168.3197784423828,170.24572473108867,167.2052727402814,169.02367835082143,86709100
2022-01-10,168.33932495117188,168.64239004792708,164.40921985835627,165.2988731483881,106765600
2022-01-11,171.16468811035156,171.26244286002324,166.99995985190662,168.46641535499305,76138300
2022-01-12,171.60464477539062,173.21774007794218,170.91053076473975,172.18144710369126,74805200
2022-01-13,168.33932495117188,172.6702498945838,167.94826118313497,171.8490383580425,84505800
2022-01-14,169.19967651367188,169.8937905683483,167.2639441267619,167.508353425533,80440800
2022-01-18,166.0027618408203,168.68147761318977,165.62148401611884,167.6745127192973,90956700
2022-01-19,162.51260375976562,167.25414945182573,162.22909557704548,166.19829964047344,94815000
2022-01-20,160.8310546875,165.8854360990158,160.50843269303434,163.24581922868165,91420500
2022-01-21,158.7780303955078,162.61036568511253,158.67048972769118,160.74307541554964,122848900
2022-01-24,158.00572204589844,158.67052310978175,151.24047430258736,156.44151145113545,162294600
2022-01-25,156.2068634033203,159.1202179477596,153.50859022634555,155.42475069595457,115798400
2022-01-26,156.11883544921875,160.7137257927372,154.29065926080548,159.84362956793808,108275300
2022-01-27,155.65936279296875,160.17604091465265,154.7403816352541,158.817126094803,121954600
2022-01-28,166.5209503173828,166.54050723879885,159.15934320684596,162.00427111169125,179935700
2022-01-31,170.8713836669922,171.0864649878099,165.7192328015865,166.35470576493188,115541600
2022-02-01,170.7052001953125,170.93005253238587,168.4566320719076,170.1186120178827,86213900
2022-02-02,171.90768432617188,171.94679815950911,169.45382085751916,170.8420635898593,84914300
2022-02-03,169.033447265625,172.29876649074853,168.27089152715305,170.57811566132818,89418100
2022-02-04,168.74957275390625,170.42346859121156,167.0756769166009,168.05455952783922,82465400
2022-02-07,168.03501892089844,170.27665387927516,167.3400055860888,169.20967525085985,77251200
2022-02-08,171.13804626464844,171.64706939744136,167.80983647215697,168.1035042386361,74829200
2022-02-09,172.5574493408203,172.91963117728815,171.20658637108463,172.33231049138615,71285000
2022-02-10,168.48526000976562,171.77430598076174,167.92730472233933,170.46260694632986,90865900
2022-02-11,165.0787811279297,169.4250227899619,164.4914455219278,168.690860750742,98670700
2022-02-14,165.31373596191406,165.99895095084156,163.04272064253541,163.83561333947773,86185500
2022-02-15,169.14112854003906,169.29775335068365,166.65477315145358,167.35956986279012,62527400
2022-02-16,168.9061737060547,169.67948428764964,166.45896752351715,168.22095896225642,61177400
2022-02-17,165.31373596191406,168.27974972128825,164.9123904196256,167.41832805716996,69589300
2022-02-18,163.76707458496094,166.93864489391834,162.68051421778296,166.23386310925557,82772700
2022-02-22,160.85000610351562,163.16995323151656,158.72581758393332,161.49605730830203,91162800
2022-02-23,156.68975830078125,162.6413518716535,156.37650867254357,162.04423283731927,90009200
2022-02-24,159.30337524414062,159.4110529381091,148.7901697172211,149.3579234730035,141147500
2022-02-25,161.36883544921875,161.63312305071847,157.472871153436,160.3801542624622,91974200
2022-02-28,161.6331024169922,161.9267702066246,158.99990563300975,159.6166064975814,95056600
2022-03-01,159.75364685058594,163.0818568508139,158.5496253630897,161.22197083806662,83474400
2022-03-02,163.04270935058594,163.82581854222389,159.5089420061074,160.9185355637426,79724800
2022-03-03,162.7196807861328,165.34309441078548,162.05404766344782,164.91238359654656,76678400
2022-03-04,159.7242889404297,162.0540345545001,158.67689221468046,161.01642127862274,83737200
2022-03-07,155.93601989746094,161.5352302369313,155.68150083148916,159.91028134097652,96418800
2022-03-08,154.11529541015625,159.44041971330986,152.50992837199067,155.4661583222758,131148300
2022-03-09,159.50894165039062,159.95923428896205,156.04370327606966,158.06998280822745,91454900
2022-03-10,155.1724395751953,157.00294485217566,152.68606995726412,156.8169548095084,105342000
2022-03-11,151.46249389648438,155.91641251914996,151.23735509056115,155.57379764949783,96970100
2022-03-14,147.43930053710938,150.86538982544317,146.9302923114544,148.25177493215907,108732100
2022-03-15,151.81491088867188,152.28478532825997,147.20438184151632,147.713390079557,92964300
2022-03-16,156.21986389160156,156.62120932527256,151.19820652447248,153.73350876565036,102300200
2022-03-17,157.22811889648438,157.60009906528276,154.30126947324382,155.2605702418383,75615400
2022-03-18,160.5171661376953,161.0066074424884,156.3862803303168,157.1204422875064,123511700
2022-03-21,161.88763427734375,162.8371517415441,159.5676719986422,160.0571133745572,95811400
2022-03-22,165.2549285888672,165.8422490479218,161.42749494397242,162.01481540302703,81532000
2022-03-23,166.61563110351562,168.99430889731204,164.1096788423283,164.44251031244588,98062700
2022-03-24,170.39414978027344,170.4626638147334,166.61566127290448,167.44770275744602,90131400
2022-03-25,171.0303955078125,171.57856745870845,169.10199529276142,170.20813758146855,80546200
2022-03-28,171.89181518554688,172.01905978493204,168.3678313455488,168.53423961902578,90371900
2022-03-29,175.1808624267578,175.22979461470234,172.61617948078282,172.95879441578631,100589400
2022-03-30,174.0159912109375,175.81713189197046,172.9685794955082,174.77951856347462,92633200
2022-03-31,170.9226837158203,174.2704602652505,170.71711180695456,174.08447018974397,103049300
2022-04-01,170.6290283203125,171.18699858724577,168.30908127405286,170.35494237968112,78751300
2022-04-04,174.6718292236328,174.72077634534207,170.75629847192283,170.88355800105404,76468400
2022-04-05,171.36318969726562,174.53477477488693,170.73670541562527,173.7516656886956,73401800
2022-04-06,168.2013702392578,169.96336160580736,166.53727309062347,168.7201767337751,89058800
2022-04-07,168.50486755371094,169.69910564386342,166.26323274049562,167.54556668896316,77594700
2022-04-08,166.49815368652344,168.15246782773184,165.62694868711696,168.15246782773184,76575500
2022-04-11,162.2498016357422,165.4605355802755,162.00508096962494,165.14730089465874,72246700
2022-04-12,164.1194610595703,166.28278325109693,163.1209966207163,164.47185939466212,79265200
2022-04-13,166.8015899658203,167.42807423573976,163.24825626550125,163.8551587010773,70618900
2022-04-14,161.7995147705078,167.6532440657547,161.55479409572018,167.01696134936807,75329400
2022-04-18,161.5841827392578,163.08187215208477,160.1158586140106,160.45845861462905,69023900
2022-04-19,163.8649444580078,164.2760883021938,160.44865367684753,161.53521398147984,67723800
2022-04-20,163.69850158691406,165.31366652875272,162.59237461814482,165.1961904824443,67929800
2022-04-21,162.90562438964844,167.9077145784473,162.4063996901802,165.343047199771,87227800
2022-04-22,158.3734588623047,164.32506872590315,158.08958939152427,162.94485517960146,84882400
2022-04-25,159.44041442871094,159.7242838315626,155.11375480994548,157.71757136622622,96046400
2022-04-26,153.4888153076172,158.91181906878418,153.4105028966986,158.82372320771267,95623200
2022-04-27,153.26365661621094,156.41564486229873,152.0987839265491,152.61759051221244,88063200
2022-04-28,160.18435668945312,161.04577820352466,155.57381282317428,155.88706244158715,130216800
2022-04-29,154.32081604003906,162.69026417943107,153.92926902509257,158.4223359956449,131747600
2022-05-02,154.6243133544922,154.88860092145774,150.0333512355366,153.4007100151784,123055300
2022-05-03,156.1121826171875,157.31621889046943,153.01892515604405,154.8102670522691,88966500
2022-05-04,162.5141143798828,162.96439206944154,155.89685759161674,156.29820309411934,108256500
2022-05-05,153.45945739746094,160.6150881198339,151.67788357069364,160.38994926297363,130525300
2022-05-06,154.18484497070312,156.30234136161945,151.14584468974874,152.9398334410661,116124600
2022-05-09,149.06756591796875,152.763379211531,148.50879088738637,151.88108159062776,131577900
2022-05-10,151.46937561035156,153.65550196924158,149.92046680625165,152.45950928453797,115366700
2022-05-11,143.61700439453125,152.39087300235883,142.9405806152843,150.47925033829725,142689800
2022-05-12,139.75454711914062,143.32291464808353,136.06854586723028,139.9604210928437,182602000
2022-05-13,144.2150115966797,145.18553469561974,140.2937279042498,141.74459868206603,113990900
2022-05-16,142.6759033203125,144.616949555646,141.34266624082053,142.68571610317943,86643800
2022-05-17,146.30308532714844,146.82265416778552,143.79345144967377,145.93055862687706,78336300
2022-05-18,138.04879760742188,144.46008977155722,137.14688920750964,143.9601314929513,109742900
2022-05-19,134.64707946777344,138.87226008655338,133.91183880440775,137.12729010884627,136095600
2022-05-20,134.8823699951172,137.93116906609265,130.00037534307543,136.3528515735585,137426100
2022-05-23,140.29368591308594,140.44072802413697,134.9411286932433,135.07837298305947,117726300
2022-05-24,137.5978546142578,139.17617200488684,134.62748321427134,138.03899606760518,104132700
2022-05-25,137.7547149658203,138.99971190055481,135.61760734755066,135.70583264997845,92482700
2022-05-26,140.95053100585938,141.49950829001511,134.44120114221013,134.68628135538745,90601500
2022-05-27,146.6951904296875,146.73439667634008,142.4013809336445,142.5288274126525,90978500
2022-05-31,145.91094970703125,147.69514080945274,143.9503080341332,146.1364342695409,103718400
2022-06-01,145.78353881835938,148.75391017683245,144.773794451972,146.95010821381516,74286600
2022-06-02,148.23434448242188,148.29316134885798,143.96994216366954,144.92085472708317,72348100
2022-06-03,142.51904296875,145.05807025566116,141.61714962601158,144.00911981753086,88570300
2022-06-06,143.2640838623047,145.6462712304333,142.0484806619193,144.13656879270374,71598400
2022-06-07,145.78353881835938,146.06782531945106,141.26425852389363,141.50933876771822,67808200
2022-06-08,145.0482940673828,146.92069570984725,144.5581335933167,145.65608826850138,53950200
2022-06-09,139.83297729492188,145.0384790561678,139.72514139394366,144.18560463111925,69473000
2022-06-10,134.43138122558594,137.98993516430295,134.3627515970909,137.51938542071767,91437900
2022-06-13,129.28472900390625,132.53938671229503,128.85338540144875,130.25523715092532,122207100
2022-06-14,130.1473846435547,131.25515193955982,128.8925752102517,130.51011351307002,84784300
2022-06-15,132.76483154296875,134.63724775917188,129.5591934714462,131.64726649009233,91533000
2022-06-16,127.50052642822266,129.78467578709342,126.50059498012912,129.48077871917013,108123900
2022-06-17,128.97100830078125,130.4611001773296,127.25544681769559,127.51033981148552,134520300
2022-06-21,133.1962127685547,134.36279718069025,130.69640612370614,130.79442925101708,81000500
2022-06-22,132.68641662597656,135.04897821391006,131.2747523831488,132.1374244527046,73409200
2022-06-23,135.54896545410156,135.8626603415122,132.9609190593017,134.12750324123766,72433800
2022-06-24,138.87222290039062,139.1173030558868,137.0194175231798,137.14684903225404,89116800
2022-06-27,138.87222290039062,140.66621143364327,138.19579927786032,139.89174976551223,70207900
2022-06-28,134.7353057861328,140.59762053174873,134.61767206581916,139.3330131628478,67083400
2022-06-29,136.49009704589844,137.90176176618252,133.9804775247322,134.75493953918553,66242400
2022-06-30,134.02947998046875,135.64700354645933,131.13753620204082,134.5490488814723,98964500
2022-07-01,136.19598388671875,136.3038197907336,132.9903451154339,133.36285690870372,71051600
2022-07-05,138.7742156982422,138.82323473193733,134.2353254229341,135.05880629688934,73353800
2022-07-06,140.1074981689453,141.28388056736821,138.3037108274626,138.56840172862474,74064300
2022-07-07,143.46995544433594,143.66601661315485,140.46036340026106,140.4701612232241,66253700
2022-07-08,144.14634704589844,144.64632016905765,142.14649942878123,142.40137742200497,64547800
2022-07-11,142.01910400390625,143.75427642973983,140.95055766241197,142.80336382609462,63141600
2022-07-12,142.98960876464844,145.52863633565593,142.19555121961218,142.89157069008422,77588800
2022-07-13,142.6268768310547,143.5679764107693,139.32318560371215,140.1760748610569,71185600
2022-07-14,145.5482177734375,146.01876752832248,140.43094244372892,141.2446104323155,78140700
2022-07-15,147.2147674560547,147.89119117713278,145.28353435270415,146.83244295612025,76259900
2022-07-18,144.17579650878906,148.58724039251226,143.81306761767442,147.77357228115997,81420900
2022-07-19,148.0284881591797,148.25395782693252,144.0189783944477,145.0090973341563,82982400
2022-07-20,150.0283203125,150.69494637561027,147.41086501912858,148.14610577429508,64823400
2022-07-21,152.29283142089844,152.50850317822432,148.9499341408544,151.4595528168205,65086600
2022-07-22,151.0576629638672,153.2045683993023,150.39105184778396,152.33208328648058,66675400
2022-07-25,149.94007873535156,151.9889458272938,149.28326552705713,150.97921649648936,53623900
2022-07-26,148.61663818359375,150.0773065915356,147.83237855759032,149.2636385384265,55138700
2022-07-27,153.70448303222656,154.2338646113094,149.1656081545016,149.57734107239523,78620700
2022-07-28,154.25350952148438,154.53779601902812,151.37136349671525,153.89078059336344,81378700
2022-07-29,159.3119354248047,160.409904944982,156.36117506106663,158.0669387195233,101786900
2022-08-01,158.33164978027344,160.37071938994356,157.72385550686172,157.84148924790597,67829400
2022-08-02,156.86114501953125,159.21392420256825,156.48863324172908,156.94938527079637,59907000
2022-08-03,162.8607177734375,163.311657015849,157.58658648416494,157.67481177613547,82507500
2022-08-04,162.54701232910156,163.89986001020398,161.19416464799912,162.74307352499065,55474100
2022-08-05,162.3212432861328,162.81208464474912,160.0142829089203,160.22044287042655,56697000
2022-08-08,161.8500213623047,164.7361708864107,161.19229575323052,163.32254540690658,60276900
2022-08-09,161.8990936279297,162.78261696114208,160.25968547297944,161.0155852740051,63135500
2022-08-10,166.1399688720703,166.23812814464867,163.8428202002786,164.60853143111325,70170500
2022-08-11,165.40370178222656,167.85790820975464,165.10919401506573,166.9449356294848,57149200
2022-08-12,168.9475860595703,169.01629605421468,166.29703098384923,166.70935086886797,68039400
2022-08-15,170.01760864257812,170.21394216296972,168.21131628811554,168.3782005294128,54091700
2022-08-16,169.86053466796875,170.52808660786044,168.51563433427114,169.61511402434292,56377100
2022-08-17,171.3527069091797,172.92339013736907,169.4089794863745,169.60531301748716,79542000
2022-08-18,170.96002197265625,171.6962839363271,169.94889007422466,170.56735491708034,62290100
2022-08-19,168.37818908691406,170.5575254675204,168.1720291679761,169.8605242913159,70346300
2022-08-22,164.5005340576172,166.74858025975374,164.0784028181707,166.58169604206546,69026800
2022-08-23,164.16676330566406,165.61966421752064,163.59738564765863,164.01951691966545,54147100
2022-08-24,164.4613037109375,165.03068148199358,163.20475103663767,164.2551587296091,53841500
2022-08-25,166.91549682617188,167.0234825149317,165.26627719342727,165.68839353539587,51218200
2022-08-26,160.6229248046875,167.91683533755338,160.5640262370915,167.44563181749547,78961000
2022-08-29,158.4239501953125,159.91609703205498,156.89252766433086,158.19815240165843,73314000
2022-08-30,155.9991912841797,159.58232691391927,154.83098655063566,159.1602105704912,77906200
2022-08-31,154.3401336669922,157.63858767600124,154.2615972644816,157.3735291899389,87991100
2022-09-01,155.06658935546875,155.5181549609377,151.83684522830168,153.77076113952282,74229900
2022-09-02,152.95596313476562,157.42262194968552,152.13135334781393,156.82379496598037,76957800
2022-09-06,151.69940185546875,154.21250676362826,150.8747921160952,153.60386838160778,73714800
2022-09-07,153.10321044921875,153.80019664109167,150.7962505650505,151.98409298992328,87449600
2022-09-08,151.63070678710938,153.49589780674214,149.88329791132227,151.8074024718103,84923800
2022-09-09,154.48739624023438,154.92916542303703,151.91539245059826,152.62220516793604,68028800
2022-09-12,160.4364013671875,161.25119983056848,156.38206187837264,156.66674327917337,104956000
2022-09-13,151.02206420898438,157.59933535695706,150.56067213786505,156.97105902298662,122656600
2022-09-14,152.46511840820312,154.22233860679495,150.79626102566698,151.95463927472932,87965400
2022-09-15,149.5789794921875,152.3964188629796,148.60712326254628,151.81721471946022,90481100
2022-09-16,147.93955993652344,148.57766259301448,145.65223775657734,148.44022763272653,162278800
2022-09-19,151.65029907226562,151.72883546494634,146.36885773323408,146.57500265714634,81474200
2022-09-20,154.02601623535156,155.18440966019696,150.27599594996536,150.59012663818945,107689800
2022-09-21,150.90426635742188,155.8323177224437,150.78646922639234,154.45795295017905,101696800
2022-09-22,149.94223022460938,151.6405372059972,148.1457489754599,149.58882383167358,86652500
2022-09-23,147.67453002929688,148.69548848555903,145.83878806603744,148.42061851178616,96029900
2022-09-26,148.00830078125,150.95334879982894,146.89899456754617,146.91863241520423,93339400
2022-09-27,148.98011779785156,151.8859043349913,147.20327502469917,149.94217734892632,84442700
2022-09-28,147.09530639648438,147.8806554147203,142.18689375661808,144.93560783080054,146691400
2022-09-29,139.87013244628906,144.03247205665744,138.1031007730531,143.42383363893248,128138200
2022-09-30,135.66854858398438,140.4788028880648,135.47221503631138,138.69213315187477,124925300
2022-10-03,139.8406982421875,140.44935170481597,135.16789396191245,135.67837316238783,114311700
2022-10-04,143.423828125,143.54162523892447,141.61752082886468,142.3734205948832,87830100
2022-10-05,143.7183074951172,144.6803670999918,140.39040452379436,141.43100052371705,79471000
2022-10-06,142.76608276367188,144.8374334955695,142.5599378213271,143.13912691743977,68402200
2022-10-07,137.52394104003906,140.47881588020488,136.89566464180587,139.9290609248713,85925600
2022-10-10,137.84788513183594,139.29095992216133,136.03178109548642,137.84788513183594,74899000
2022-10-11,136.43423461914062,138.76083241469453,135.68816128454225,137.33738075448184,77033700
2022-10-12,135.80593872070312,137.78894134975735,135.6292430799311,136.58147619996143,70433700
2022-10-13,140.37083435058594,140.9598350656115,131.90871810397607,132.51737164924788,113224000
2022-10-14,135.84524536132812,141.87277603175662,135.65872326737428,141.66661609125816,88598000
2022-10-17,139.80142211914062,140.282437004532,137.7006219624551,138.48597103526853,85250900
2022-10-18,141.11688232421875,144.0128431743189,138.03439937209953,142.825015544548,99136600
2022-10-19,141.22486877441406,142.29489928414645,138.90809708603376,139.09461918905455,61758300
2022-10-20,140.76348876953125,143.21769564184982,140.03703814278057,140.4002709458009,64522000
2022-10-21,144.57240295410156,145.1417806685085,140.03701908535325,140.25299045906925,86548600
2022-10-24,146.71249389648438,147.47820529483582,143.32569117619283,144.493896124247,75981900
2022-10-25,149.54954528808594,149.6968066869272,146.62413491177585,147.34075911907576,74732300
2022-10-26,146.61431884765625,149.2059606049606,145.32830191392304,148.19482861119383,88194300
2022-10-27,142.1476287841797,146.3197794029668,141.48990330767347,145.35773474859954,109180200
2022-10-28,152.8872528076172,154.61500878306214,145.11232844918345,145.4853576495381,164762400
2022-10-31,150.5312042236328,151.4147275390832,149.13721674827332,150.35450854811523,97943200
2022-11-01,147.89048767089844,152.60256746450293,146.39834080336652,152.23934967138234,80379300
2022-11-02,142.3734130859375,149.38262560122348,142.34396380900958,146.22160672381153,93604600
2022-11-03,136.33607482910156,140.18426855678922,136.20845130657773,139.45781809061094,97918500
2022-11-04,136.07058715820312,140.28898493787645,132.1373429796548,139.71866273149064,140814800
2022-11-07,136.60159301757812,136.82775039724396,133.40583154940404,134.82180210827255,83374600
2022-11-08,137.17189025878906,139.06967336647747,135.19544046730184,138.06670690734794,89908500
2022-11-09,132.619140625,136.23773265765962,132.34381476431366,136.18856411022261,74917800
2022-11-10,144.4188995361328,144.4188995361328,137.171901375878,138.88286812786214,118854000
2022-11-11,147.20164489746094,147.5064688885728,141.96059578034578,143.38640864839942,93979700
2022-11-14,145.80535888671875,147.77198095425382,144.96953850636208,146.48384590068005,73374100
2022-11-15,147.53599548339844,151.02675299903876,146.0806992107757,149.67962155098414,89868300
2022-11-16,146.30682373046875,147.36880131400713,144.83185736513215,146.6411608430867,64218300
2022-11-17,148.2046356201172,148.9519465811487,143.71089713297823,143.98622301357588,80389400
2022-11-18,148.76515197753906,150.1516244369956,147.46718893347042,149.7681336507777,74829600
2022-11-21,145.53985595703125,147.86047052115927,145.25470236836378,147.65398361312236,58724100
2022-11-22,147.67364501953125,147.9096450709946,144.47788413446048,145.65786938764137,51804100
2022-11-23,148.54884338378906,149.29615456069408,146.84770405367206,146.95586889544748,58301400
2022-11-25,145.63818359375,146.3953372169929,144.66470036386627,145.8348427804778,35195900
2022-11-28,141.8131103515625,144.19272111621666,140.9871327315936,142.7177546502144,69246000
2022-11-29,138.81402587890625,142.39327767480953,138.007718580844,141.8819517027843,83763800
2022-11-30,145.55953979492188,146.23802684928043,138.2043770255708,139.04018245155586,111380900
2022-12-01,145.83485412597656,146.64117635966434,144.1632284025417,145.7365320270306,71250400
2022-12-02,145.34326171875,145.5300932932351,143.21930540482765,143.52414455506968,65447400
2022-12-05,144.1829071044922,148.4013049961633,143.33725898348703,145.3038811249747,68826400
2022-12-06,140.52500915527344,144.84174478338647,139.55152565219004,144.61558740538712,64727200
2022-12-07,138.587890625,140.97732977170875,137.663575645007,139.817029693259,69721100
2022-12-08,140.26931762695312,141.12480845757423,138.7451974772698,139.9841640195035,62128300
2022-12-09,139.7875213623047,143.14061609699272,138.5485396692002,139.9645101732408,76097000
2022-12-12,142.07864379882812,142.08847150955347,138.70587850686456,140.31850830999085,70462700
2022-12-13,143.04225158691406,147.46715106267968,141.83278326469596,147.00499369488003,93886200
2022-12-14,140.82000732421875,144.2124280542218,138.80421630941913,142.9242927483946,82291200
2022-12-15,134.2219696044922,139.43352160827794,133.7598121718234,138.75503452609877,98931900
2022-12-16,132.26516723632812,135.35276341025192,131.49818579850947,134.40879318099954,160156900
2022-12-19,130.16090393066406,132.94367653807714,129.12843913282236,132.8551821275431,79592600
2022-12-20,130.09205627441406,131.0261987808424,127.72227301817315,129.19723960857664,77432800
2022-12-21,133.18948364257812,134.52678732015247,130.5345467103143,130.76070405901197,85928000
2022-12-22,130.023193359375,132.314309508476,128.12541056444581,132.10782262615243,77852100
2022-12-23,129.65940856933594,130.21006041152802,127.47645662054781,128.7350936895975,63814900
2022-12-27,127.8599624633789,129.2169368090849,126.57182710814284,129.18743867149468,69007800
2022-12-28,123.93651580810547,128.84323545768694,123.76935474336571,127.50593193563417,85438400
2022-12-29,127.44696044921875,128.30243635978945,125.59833816334043,125.85399366425621,75703700
2022-12-30,127.76160430908203,127.78127473228464,125.30333405560762,126.26698223669045,77034200
2023-01-03,122.98271942138672,128.7154174535332,122.09773792777466,128.10576937065363,112117500
2023-01-04,124.25120544433594,126.51282423450827,122.99256829233606,124.77235918676689,89113600
2023-01-05,122.93352508544922,125.63763005315428,122.67786965362701,125.00831167901735,80962700
2023-01-06,127.45677947998047,128.115596113896,122.80572219640975,123.907033324828,87754700
2023-01-09,127.97793579101562,131.18353963295718,127.72228030225448,128.29260255023266,70790800
2023-01-10,128.5482635498047,129.06941726347972,125.98182082594903,128.08610610497774,63896200
2023-01-11,131.26217651367188,131.28183192855658,128.28274570808514,129.0595547117696,69458900
2023-01-12,131.18353271484375,132.0193381171801,129.24640871746402,131.6456901154858,71379600
2023-01-13,132.510986328125,132.6683196907436,129.46273119909978,129.82655147153693,57809700
2023-01-17,133.67132568359375,134.99878678874634,131.89153482883353,132.57984966159466,63646600
2023-01-18,132.95352172851562,136.296774002363,132.77651790001315,134.5366534532576,69672800
2023-01-19,133.01248168945312,133.97612225756075,131.53751520588366,131.8423392118264,58280400
2023-01-20,135.56910705566406,135.71661273457056,131.98002726434026,133.02233471040634,80223600
2023-01-23,138.75503540039062,140.92815961902411,135.59860004292767,135.81492969380113,81760300
2023-01-24,140.15133666992188,140.77082749424633,137.95855701188813,137.96838472187488,66435100
2023-01-25,139.49252319335938,140.05300275817604,136.49342112366645,138.53871015801215,65799300
2023-01-26,141.55747985839844,141.8426334902846,139.53184628445516,140.78065564701856,54105100
2023-01-27,143.49456787109375,144.77287517943125,140.69214050710963,140.77080718806803,70555800
2023-01-30,140.61346435546875,143.12091025214485,140.46597371619012,142.54076039880331,64015300
2023-01-31,141.88197326660156,141.93114182979278,139.90552306108117,140.31851198443744,65874500
2023-02-01,143.0028839111328,144.1631984692018,138.96149088558104,141.56725853069813,77663600
2023-02-02,148.3030242919922,148.65700197230598,145.697240224606,146.41505330547628,118339000
2023-02-03,151.92156982421875,154.75351068440185,145.36288637728777,145.55954560277002,154357300
2023-02-06,149.1977996826172,150.5449461888697,148.2636570715711,150.02379246889225,69858300
2023-02-07,152.0690460205078,152.63936822302708,148.12597415973434,148.12597415973434,83322600
2023-02-08,149.3845977783203,152.00020850727236,148.64711456554969,151.31189384284664,64120100
2023-02-09,148.3521270751953,151.75438976697808,147.9096401221254,151.21356571138807,56007100
2023-02-10,148.71653747558594,149.04152741969745,146.95372962642622,147.19009004770194,57450700
2023-02-13,151.51341247558594,151.91717418893083,148.62790397291747,148.65744714640496,62199000
2023-02-14,150.87326049804688,151.43461079325414,148.56880303013764,149.8096612758476,61707600
2023-02-15,152.97091674804688,153.13833305811258,150.5581292969133,150.78463194852628,65573800
2023-02-16,151.3755340576172,153.95573796607766,151.02100096105386,151.17855953849067,68167900
2023-02-17,150.23316955566406,150.67633223329352,148.55899109181487,150.03621003527854,59144100
2023-02-21,146.2249298095703,149.0021077790729,146.15600076088242,147.91880821074704,58867200
2023-02-22,146.64840698242188,147.67260518894304,144.92498541296462,146.60900607426132,51011300
2023-02-23,147.1309356689453,148.05666153497864,145.00375275195816,147.81045848665238,48394200
2023-02-24,144.48182678222656,144.95453250364176,143.50685714395402,144.87574571223192,55469600
2023-02-27,145.67344665527344,146.90446214048941,145.21058363066865,145.46664446890208,44998500
2023-02-28,145.17120361328125,146.8158385647427,144.6000106018143,144.8166705381309,50547000
2023-03-01,143.10308837890625,144.9939263960711,142.80764165155819,144.60000744430354,55479000
2023-03-02,143.6939697265625,144.48182259076125,141.71448733904464,142.18720807379,52238100
2023-03-03,148.73619079589844,148.81497757802083,145.0923885282298,145.7915968006226,70732300
2023-03-06,151.49368286132812,153.9261705239575,151.12930710707832,151.4542819528968,87558000
2023-03-07,149.2975616455078,151.69064849711955,148.83469862838186,151.3656586110283,56182000
2023-03-08,150.5482635498047,151.1391569879468,149.5240652876753,150.48917721139935,47204800
2023-03-09,148.3029327392578,152.19293968514444,147.94839958565268,151.22782749973814,53833600
2023-03-10,146.24464416503906,148.64758887079853,145.36816171354923,147.92868001277867,68572400
2023-03-13,148.18470764160156,150.81415467329558,145.4567733693173,145.56510332314932,84457100
2023-03-14,150.27252197265625,151.07021762009597,147.82034869008896,148.98242012042218,73695900
2023-03-15,150.66641235351562,150.92245809617913,147.64303191798956,148.8937475238131,77167900
2023-03-16,153.4830322265625,154.08376844517147,149.33696504123728,149.84907174243986,76161100
2023-03-17,152.64593505859375,154.35951419092353,151.93686886777078,153.70953434482817,98944600
2023-03-20,155.0094757080078,155.42311016638172,151.80883520237765,152.71487589238697,73641400
2023-03-21,156.8609161376953,156.9790888157361,154.1625247817563,154.93069227015488,73938300
2023-03-22,155.4329376220703,159.6774765177441,155.41323716716616,156.88061300312046,75701800
2023-03-23,156.51625061035156,159.09646969740976,155.28523492873595,156.41777837205046,67622100
2023-03-24,157.81617736816406,157.90480687220796,155.45263376473136,156.44728881765926,59196500
2023-03-27,155.8760986328125,158.3282868109909,155.4723219600322,157.5108907515981,52390300
2023-03-28,155.2556610107422,156.08291480553032,153.61102618902072,155.57080817581272,45992200
2023-03-29,158.3282928466797,158.60403911493316,156.92986104995282,156.94954647836764,51305700
2023-03-30,159.8941650390625,160.0024950198449,158.8207229739758,159.07676882534926,49501700
2023-03-31,162.3955535888672,162.4940408365555,159.45097422374334,159.9729235769942,68749800
2023-04-03,163.64627075195312,163.76444342844442,161.725889623748,161.7751332479675,56976200
2023-04-04,163.11448669433594,164.30610131295074,162.60238002597387,164.06975594835677,46278300
2023-04-05,161.2728729248047,162.54328933366952,159.34264903941414,162.2379998945446,51511700
2023-04-06,162.15921020507812,162.45465692468338,159.5396056660462,159.96306777674639,45390100
2023-04-10,159.56915283203125,159.56915283203125,157.64877164706385,158.96841666370352,47716900
2023-04-11,158.3578643798828,159.89416958590462,158.07226031922266,159.88432686993428,47644200
2023-04-12,157.66847229003906,159.59869619161648,157.35332510698044,158.77145737665472,50133100
2023-04-13,163.04554748535156,163.28190788405584,158.96842452673738,159.1752417539843,68445600
2023-04-14,162.70086669921875,163.794009087704,161.33197803499354,162.09027277975596,49386500
2023-04-17,162.7205810546875,162.87815467656333,161.53880894471416,162.58270789230806,41516200
2023-04-18,163.94174194335938,164.86746811951792,163.13418846133288,163.57736611842117,49923000
2023-04-19,165.0841064453125,165.60605581206516,163.0258371209191,163.28189796071484,47720200
2023-04-20,164.1189727783203,165.3204450523275,163.04553091898333,163.56748026442403,52456400
2023-04-21,162.51376342773438,163.92203809382642,161.99181400338804,162.54330660065614,58337300
2023-04-24,162.81903076171875,163.08493430890758,161.40089854610392,162.49404087672,41949600
2023-04-25,161.28274536132812,163.78416246885476,161.24334444666383,162.68117729099055,48714100
2023-04-26,161.2728729248047,162.76979197769046,160.32746143764658,160.58350725145092,45498800
2023-04-27,165.85227966308594,165.99999552987848,162.68118215487013,162.68118215487013,64902300
2023-04-28,167.10293579101562,167.27036709773776,165.33028575815172,165.9310218332577,55275900
2023-05-01,167.01434326171875,167.86128258741087,166.07877442017465,166.70905380019818,52472900
2023-05-02,165.9802703857422,167.76279339985444,164.99545801480568,167.50673256610264,48425700
2023-05-03,164.9068145751953,168.3241144157863,164.62122562365215,166.92568277045305,65136000
2023-05-04,163.2720489501953,164.50306450874902,161.81453073644045,162.3857237588548,81235400
2023-05-05,170.93389892578125,171.65280778469676,168.1665634032941,168.38322333782398,113453200
2023-05-08,170.8649444580078,171.20963479482143,169.49605587870553,169.86043164324718,55962800
2023-05-09,169.16122436523438,170.90433143409618,168.99380806621033,170.42178299192224,45326900
2023-05-10,170.92405700683594,171.38692008917508,169.28926463206565,170.3922648627901,53724500
2023-05-11,171.11117553710938,171.9384144483228,169.5551699505623,171.20966280003566,49514700
2023-05-12,170.1841278076172,171.65351807079642,168.63582673684218,171.21959891598488,45533100
2023-05-15,169.69107055664062,170.81530899814229,169.09935977781652,170.7659972586019,37266700
2023-05-16,169.69107055664062,170.74626955321972,169.42479920138675,169.61217478294208,42110300
2023-05-17,170.302490234375,170.53916250241704,168.06386972955488,169.3360433616003,57951600
2023-05-18,172.6298828125,172.8172584115987,170.1940301198803,170.60822168470452,65496700
2023-05-19,172.7383575439453,173.95134816577144,172.5213979143073,173.95134816577144,55809500
2023-05-22,171.79161071777344,172.2945693897219,171.05197977463047,171.57465110395842,43570900
2023-05-23,169.1881103515625,170.9829553293692,168.9119826700276,170.7364116817252,50747300
2023-05-24,169.46420288085938,170.0361858304857,168.16246051619328,168.7245720913502,45143500
2023-05-25,170.59835815429688,171.49576564962197,169.31632809947834,170.02637505144457,56058300
2023-05-26,173.00462341308594,173.33993425328168,170.71670589408566,170.92380920574092,54835000
2023-05-30,174.84877014160156,176.51540772383512,174.1288668535482,174.51347436884586,55964400
2023-05-31,174.7994842529297,176.870457363353,174.31625318107535,174.87838004309978,99625300
2023-06-01,177.6001739501953,177.62975798334406,174.4838587106697,175.24321733975688,68901800
2023-06-02,178.4483184814453,179.2668453318801,176.781680741823,178.52721426739677,61996900
2023-06-05,177.09722900390625,182.39298156722955,175.57851175717974,180.10506441660397,121946500
2023-06-06,176.7323760986328,177.62978364684957,174.97697127382227,177.48186345973468,64848400
2023-06-07,175.36160278320312,178.70473461267676,174.86851540394252,175.97302631817985,61944600
2023-06-08,178.07354736328125,178.3398036598064,175.00654388250445,175.44044804834044,50214900
2023-06-09,178.45816040039062,179.71059129506313,178.13272098000036,178.99068805786467,48900000
2023-06-12,181.2490234375,181.34764691680866,178.468018885392,178.7638742754878,54274900
2023-06-13,180.77566528320312,181.60404834381112,179.91769818813273,180.2727216495119,54929100
2023-06-14,181.4068145751953,181.84073380664427,179.50350482104812,180.83483150172444,57462900
2023-06-15,183.43833923339844,183.94129793003785,181.23917400121888,181.4166932611595,65433200
2023-06-16,182.36341857910156,184.4048073735327,181.7224110612984,184.14839232814637,101256200
2023-06-20,182.4521484375,183.52709013546678,181.8604527350327,181.8604527350327,49799100
2023-06-21,181.4166717529297,182.8466218007744,180.06560242478363,182.34366316376426,49515700
2023-06-22,184.41468811035156,184.46399986005468,181.13072421152347,181.1997636706745,51245300
2023-06-23,184.09906005859375,184.96689848868263,182.45215034536935,182.98469303577104,53117000
2023-06-26,182.70860290527344,185.4501675478517,182.66914748789137,184.2470331308546,48088700
2023-06-27,185.45997619628906,185.78541559077308,183.10301971608257,183.31997931240525,50730800
2023-06-28,186.633544921875,187.27455239917202,185.00636283468697,185.33178721386028,51216800
2023-06-29,186.96884155273438,187.4422162021352,186.32783407243755,186.4658979165552,46347300
2023-06-30,191.2882843017578,191.79122791985353,188.6157445714927,188.98063939826477,85213200
2023-07-03,189.79917907714844,191.19954526937022,189.10884478636748,191.10092178559267,31458200
2023-07-05,188.68478393554688,190.311965971159,187.98459336367247,188.92147125163748,46920300
2023-07-06,189.15817260742188,189.36527592182694,186.58425595947688,187.21540718494302,45094300
2023-07-07,188.0437469482422,190.00623962579556,187.6098428072387,188.76366516963594,46815000
2023-07-10,186.0023956298828,187.36332142042107,184.4540942539423,186.6434031135775,59922200
2023-07-11,185.47972106933594,186.68285528837708,184.02018687082855,186.5447914459214,46638100
2023-07-12,187.14637756347656,189.04968751691854,185.86434744027207,187.05761040387253,60750200
2023-07-13,187.90570068359375,188.54672319895087,187.15621340871894,187.8662603208446,41342300
2023-07-14,188.05364990234375,188.53686585918993,187.00830716161786,187.6000029338883,41616200
2023-07-17,191.30799865722656,191.63343805134278,189.15813040004866,189.24688249449068,50520200
2023-07-18,191.05162048339844,191.6433313227349,189.75973403360663,190.67688432979497,48288200
2023-07-19,192.4026641845703,195.48938034906212,189.9865244553515,190.4303150490968,80507300
2023-07-20,190.4599151611328,193.7537348839622,189.8386203157028,192.39280905028917,59581200
2023-07-21,189.28636169433594,192.2744696321092,188.5861710830146,191.41650251566858,71951700
2023-07-24,190.0851593017578,192.21530010696893,189.59207198839397,190.73603816687742,45377800
2023-07-25,190.94313049316406,191.75180092732498,190.25281124926505,190.65714646634552,37283200
2023-07-26,191.81097412109375,192.93521264770516,190.64729522856234,190.9924473358141,47471900
2023-07-27,190.54864501953125,194.47361545879667,189.88790988625553,193.30993672945922,47460200
2023-07-28,193.1226043701172,193.91154718487954,191.45596662398776,191.97863804110338,48291400
2023-07-31,193.73402404785156,193.7734794641123,192.5604737033273,193.34941650238693,38824100
2023-08-01,192.90560913085938,194.0101198390568,192.58016971551623,193.52690392813534,35175100
2023-08-02,189.91751098632812,192.48155598125388,189.19760772385698,192.3434921357412,50389300
2023-08-03,188.52700805664062,189.71041463976601,188.0536484329567,188.92148694956984,61235200
2023-08-04,179.47393798828125,184.7894189873242,179.40489853673822,182.95513345446872,115956800
2023-08-07,176.37734985351562,180.59817633552169,174.8980878140883,179.61200164257014,97576100
2023-08-08,177.31422424316406,177.77772758258462,175.12491507972354,177.20574441802665,67823000
2023-08-09,175.72647094726562,178.42857997538025,174.5627769846933,178.36941190145535,60378500
2023-08-10,175.5094757080078,178.25103959448677,175.1445959609342,176.99859377509202,54686900
2023-08-11,175.5687255859375,176.38835756307438,174.34422750725284,175.10461152163393,52036700
2023-08-14,177.21788024902344,177.44500246999712,175.09473274674426,175.74649049543365,43675600
2023-08-15,175.2329864501953,177.23762299403361,174.8379899652799,176.6451282666605,43622600
2023-08-16,174.36398315429688,176.30935657463468,174.29485048513217,174.9169842350172,46964900
2023-08-17,171.8261260986328,175.29226839022536,171.31261851419777,174.92689581745674,66062900
2023-08-18,172.30999755859375,172.9123770667114,169.8116075662743,170.14735612669347,61172200
2023-08-21,173.64312744140625,173.92951274494206,171.56937297444222,172.88275833759562,46311900
2023-08-22,175.01573181152344,175.46010661888187,174.04797988711957,174.84785755399471,42038900
2023-08-23,178.8571319580078,179.28176749229362,176.1019960768648,176.28962468028294,52722800
2023-08-24,174.1763916015625,178.8374232276998,173.8110039705464,178.4127876208845,54945800
2023-08-25,176.37850952148438,176.91175631972774,173.62337343895007,175.16388093182096,51449600
2023-08-28,177.9387664794922,178.33376298082638,176.31925671498092,177.8400098200833,43820700
2023-08-29,181.81968688964844,182.589940732724,177.25741180863895,177.45491008950265,53003900
2023-08-30,185.30557250976562,185.5030858470339,182.43194029759772,182.62943856671393,60813900
2023-08-31,185.52281188964844,186.75719481874472,185.13768501849643,185.4931879048022,60794500
2023-09-01,187.09295654296875,187.54720101813678,185.92769123419916,187.12258052751662,45766500
2023-09-05,187.3299560546875,187.60645663383806,185.26607135025952,185.92769881238064,45280000
2023-09-06,180.62477111816406,186.49056063180015,179.2027597126584,186.0461707664675,81755800
2023-09-07,175.34161376953125,175.98350189646143,171.37183427986267,172.99134398653018,112488800
2023-09-08,175.95387268066406,177.98814840122637,175.56874581023814,176.12176201867752,65551300
2023-09-11,177.119140625,178.0473990105972,175.12437356668377,177.82027676778657,58953100
2023-09-12,174.09739685058594,177.87954850785982,172.6358914674074,177.2475449582567,90370200
2023-09-13,172.03347778320312,175.08486860955094,171.8063404869434,174.30473020059844,84267900
2023-09-14,173.5443572998047,173.89986015970092,171.4113401404273,171.82609096561458,60895800
2023-09-15,172.82347106933594,174.29486087176767,171.6483512368518,174.27510652680778,109259500
2023-09-18,175.74647521972656,177.13886254322455,173.96896109059597,174.2750855940285,67257600
2023-09-19,176.83277893066406,177.38578010579235,174.91701409671836,175.3021409914078,51826900
2023-09-20,173.29747009277344,177.45486279571944,173.20858308214417,177.02035765272817,58436200
2023-09-21,171.75694274902344,174.09734264324985,171.6878251518227,172.36920682730067,63149100
2023-09-22,172.60621643066406,174.86761425499944,171.87547142547365,172.48772049861157,56725400
2023-09-25,173.88011169433594,174.75899170155245,171.97421669351675,172.02359502231215,46172700
2023-09-26,169.81158447265625,173.01109513731117,169.51532957863083,172.63585300181884,64588900
2023-09-27,168.30068969726562,170.87808171574733,166.93794126401278,170.46333088230946,66921800
2023-09-28,168.55746459960938,169.8807195182162,165.5258128129139,167.2243249736919,56294400
2023-09-29,169.07095336914062,170.90771561508154,168.21181267677895,169.870831028669,51861100
2023-10-02,171.57923889160156,172.12237043121976,168.79446358018748,169.08084887750982,52164500
2023-10-03,170.24606323242188,171.46070671019788,168.68581669291316,170.1078129668395,49594600
2023-10-04,171.49034118652344,172.03347264460572,168.83394692911625,168.95244285882518,53020300
2023-10-05,172.7247314453125,173.2579782200924,170.52258153582127,171.61871413723316,48527900
2023-10-06,175.27252197265625,175.76627518846593,171.01635659512883,171.62862082907643,57266700
2023-10-09,176.75375366210938,176.81300162773064,173.60360623261292,174.60098214625398,42390800
2023-10-10,176.16123962402344,177.4746247468579,175.72673446240606,175.87486944103904,43698000
2023-10-11,177.5536651611328,177.60304349794123,175.38115395493855,175.9736487921809,47551100
2023-10-12,178.4522705078125,180.06189553412176,176.80312172309905,177.82026707710477,56743100
2023-10-13,176.6155242919922,179.65703072033497,175.91438812346496,179.15340788479125,51427100
2023-10-16,176.48712158203125,176.84262444155877,174.3047260977915,174.5417330268598,52517000
2023-10-17,174.93673706054688,176.19087429527403,172.61610626933813,174.44298390478113,57549400
2023-10-18,173.64312744140625,175.36139405816417,172.92225196490105,173.38638119353993,54764400
2023-10-19,173.2678680419922,175.61812287122567,173.00123711265553,173.84060845589931,59302900
2023-10-20,170.7200927734375,173.22835212793277,170.4830858385587,173.11972583296543,64244000
2023-10-23,170.83860778808594,171.8359838309846,167.80695589693704,168.77472302133776,55980100
2023-10-24,171.27308654785156,171.50020876645127,169.3079436842464,170.8879597127696,43816600
2023-10-25,168.9623565673828,170.89786073622298,168.5179666183954,169.73261037900426,57157000
2023-10-26,164.80491638183594,169.23882483986895,163.60015755926395,168.24143389027685,70625300
2023-10-27,166.11830139160156,166.8490614359056,164.745668316651,164.82467062426355,58499100
2023-10-30,168.16244506835938,169.03145545417337,166.7601878982554,166.90832288755587,51131000
2023-10-31,168.63644409179688,168.764809656098,165.8022909489589,167.23418704526227,44846000
2023-11-01,171.79647827148438,172.05322449399938,167.99457285522465,168.86358325166134,56934900
2023-11-02,175.3515167236328,175.55888462715336,173.26787764016203,173.32712561259646,77334800
2023-11-03,174.44300842285156,174.61089777938133,171.1842491912974,172.06312932936157,79829200
2023-11-06,176.9907684326172,177.1882666996337,174.0085099439187,174.1763842242903,63841300
2023-11-07,179.54840087890625,180.1606499568927,176.73400192517136,176.9413698079054,70530000
2023-11-08,180.6050567626953,181.15805797213443,179.32129534469576,180.07180990163698,49340300
2023-11-09,180.13099670410156,181.81962374743682,179.53848699912388,180.67412808897316,53763500
2023-11-10,184.31369018554688,184.48180071812672,181.47581782404296,181.91089548671326,66133400
2023-11-13,182.7316131591797,183.94784205398747,182.14822040593083,183.74020094629049,43627500
2023-11-14,185.34202575683594,186.0045247766197,184.214786141562,185.5991101996175,60108400
2023-11-15,185.90565490722656,187.3789832148446,185.67823345303117,185.7474572062222,53790500
2023-11-16,187.5866241455078,188.8226331691939,186.53847581950137,187.44819173837502,54412900
2023-11-17,187.5668487548828,188.24912816814668,186.4593894684262,188.12057839811112,50922700
2023-11-20,189.30714416503906,189.76200213676566,187.75472463510502,187.76460727588125,46505100
2023-11-21,188.50621032714844,189.37636552049437,187.61628985249988,189.26759612132614,38134500
2023-11-22,189.16873168945312,190.77059476808083,188.69410838615653,189.34672485819107,39617700
2023-11-24,187.84375,188.76333367409984,187.13180743837248,188.73367065803237,24048300
2023-11-27,187.6657257080078,188.53588093642713,186.78568783853885,187.79427548166112,40552600
2023-11-28,188.26890563964844,188.9413024556769,187.2800983304318,187.65584993609482,38415400
2023-11-29,187.25042724609375,189.9399842182602,186.85491037465812,188.7633011569372,43014200
2023-11-30,187.82394409179688,188.18981305356235,186.08364867108205,187.71517468500207,48794400
2023-12-01,189.09951782226562,189.4159283197641,187.11200544734405,188.19969953750024,45704800
2023-12-04,187.3097686767578,187.9228394923183,185.35193435249073,187.85361573572166,43389500
2023-12-05,191.25511169433594,192.22413865175915,188.05137051787239,188.08104861869373,66628400
2023-12-06,190.16744995117188,192.5801273781731,189.95979375458376,192.2735994925461,41089700
2023-12-07,192.09561157226562,192.817436726138,191.42321471638212,191.4627754603769,47477700
2023-12-08,193.5194854736328,193.79635031367135,191.50231010992096,192.02637677770835,53406400
2023-12-11,191.0177764892578,191.32431940935732,189.2774811684409,190.94856782781682,60943700
2023-12-12,192.5306854248047,192.54056806660662,189.57414602172835,190.9189246189266,52696900
2023-12-13,195.74429321289062,195.7838388648497,192.66910200901862,192.90640609677627,70404200
2023-12-14,195.89259338378906,197.38568681182426,193.96442237725344,195.80360435764135,66831600
2023-12-15,195.3586883544922,196.17938523204796,194.7950608853233,195.3191276085836,128538400
2023-12-18,193.6974639892578,194.4291868327445,192.21425301938103,193.8952224343076,55751900
2023-12-19,194.73573303222656,194.74561567460933,193.6974822378966,193.964464462268,40714100
2023-12-20,192.64932250976562,195.46741418063525,192.64932250976562,194.69614571593394,52242800
2023-12-21,192.50099182128906,194.87413831888384,191.33420648650613,193.90511142023345,46482500
2023-12-22,191.43312072753906,193.22285972664613,190.8101672306993,192.99542315884526,37149600
2023-12-26,190.88925170898438,191.719846217368,190.6717128965979,191.44298138124012,28919300
2023-12-27,190.9881134033203,191.3342019743918,188.9511728919884,190.33551208827305,48087700
2023-12-28,191.41334533691406,192.48125917871982,191.0079306668944,191.96707508718282,34049900
2023-12-29,190.37509155273438,192.22415660179112,189.58404259835586,191.72975289130503,42672100
2024-01-02,183.5621795654297,186.33084291740326,181.83176685644636,185.0552730997862,82488700
2024-01-03,182.18772888183594,183.79948946618282,181.37689972544035,182.15806587250447,58414500
2024-01-04,179.87393188476562,181.04071720671112,178.85546161628733,180.11123597031312,71983600
2024-01-05,179.152099609375,180.7144169560074,178.15340966673114,179.95304619735901,62379700
2024-01-08,183.48306274414062,183.52262348166371,179.46850790157933,180.0519005320401,59144500
2024-01-09,183.0677490234375,183.077631662927,180.68472025053543,181.8614031337526,42841800
2024-01-10,184.10601806640625,184.31365913260458,181.8614214601624,182.28661640904596,46792900
2024-01-11,183.51275634765625,184.9564217479187,181.56480461990643,184.45212033242825,49128400
2024-01-12,183.8390655517578,184.64989484239166,183.11724039185432,183.97749798089004,40477800
2024-01-16,181.57469177246094,182.1976301200088,178.90489995610474,180.12114381484557,65603000
2024-01-17,180.63528442382812,180.88248621338644,178.28193364707266,179.241077797599,47317400
2024-01-18,186.51873779296875,187.0230241166397,183.7500741577492,184.00715864056133,78005800
2024-01-19,189.41592407226562,189.80155831594578,186.70660172518024,187.21088801676132,68903000
2024-01-22,191.7198486328125,193.14373357255337,190.10808789018887,190.14764863184953,60133900
2024-01-23,192.99539184570312,193.55901922053994,191.660511110776,192.83719415255706,42355600
2024-01-24,192.32301330566406,194.18197579456825,192.16480052192722,193.23271418014866,53631300
2024-01-25,191.99673461914062,194.07323623297103,190.94860116972282,193.03498542605584,54822100
2024-01-26,190.26629638671875,192.58010181757646,189.7916731135176,192.09559590318426,44594000
2024-01-29,189.58404541015625,190.04878611194624,187.45811545873704,189.86091028509443,47145600
2024-01-30,185.93531799316406,189.65324309628332,185.37170567810733,188.80286821503816,55859400
2024-01-31,182.3360595703125,185.00585134318092,182.28663127585358,184.94651023142666,55467800
2024-02-01,184.76856994628906,184.8575590001162,181.7626017867558,181.93069725109765,64885400
2024-02-02,183.76983642578125,185.2332669548565,177.24370243482153,177.84687547061628,102551700
2024-02-05,185.57936096191406,187.13179578344227,183.75995901240586,186.04410163536497,69668800
2024-02-06,187.18121337890625,187.19109601961685,184.67953227102765,184.76852130142626,43490800
2024-02-07,187.2899932861328,188.91163664571195,186.49894443287428,188.50622203381667,53439000
2024-02-08,186.2122344970703,187.41856575868692,185.25309002092848,187.27025066980107,40962000
2024-02-09,186.97454833984375,188.10322646586073,186.13298359451971,186.77652244170517,45155200
2024-02-12,185.2914276123047,186.79633688725167,184.93500212895557,186.54881961012742,41781900
2024-02-13,183.20237731933594,184.36077144619387,181.68757282391297,183.92513863049606,56529500
2024-02-14,182.3212127685547,183.6875129162611,180.62820312290157,183.4796068721132,54630500
2024-02-15,182.0341033935547,182.65785175424014,179.54903541760635,181.727184392981,65434500
2024-02-16,180.49948120117188,183.0142649801448,179.86583763061847,181.59845842120637,49752500
2024-02-20,179.7569122314453,180.61826736487214,178.21240712023044,179.984623854957,53665600
2024-02-21,180.5093994140625,181.0737309260645,178.86588113831095,180.13316833455778,41371400
2024-02-22,182.5390167236328,183.12316891523534,180.6479964148563,181.65785591778803,52292200
2024-02-23,180.70741271972656,183.20237592421455,180.42028422645075,183.17267506039363,45119700
2024-02-26,179.3609161376953,180.9450175834942,178.85597124394113,180.43019254491847,40867400
2024-02-27,180.81629943847656,182.09348175278842,177.77678047240937,179.3014951345761,54318900
2024-02-28,179.61831665039062,181.30143093346823,178.34113428414614,180.69748823755316,48953900
2024-02-29,178.95498657226562,180.75691955299587,177.74710108364005,179.4698267249393,136682600
2024-03-01,177.87582397460938,178.7371792855814,175.61846756104012,177.76691576574171,73563100
2024-03-04,173.36111450195312,175.14322688917085,172.06411122315788,174.40067502541135,81510100
2024-03-05,168.43052673339844,170.3314573247722,167.9354922531265,169.06417026385637,95132400
2024-03-06,167.44046020507812,169.53941670485264,167.00482743895031,169.36119643359416,68587700
2024-03-07,167.32168579101562,169.03450118476172,166.81675596481475,167.47019012011697,71765100
2024-03-08,169.03451538085938,171.97502220207014,167.26229810663585,167.32169984326515,76267000
2024-03-11,171.03443908691406,172.6482565736913,170.34139373001014,171.2225546353428,60139500
2024-03-12,171.50965881347656,172.3017170819102,169.31170429451927,171.43045147590772,59825400
2024-03-13,169.4305419921875,171.4700820663792,169.06420612614593,171.05425482761498,52488700
2024-03-14,171.28196716308594,172.57895536432744,170.34140446890183,171.19286456313577,72913500
2024-03-15,170.9057159423828,170.9057159423828,168.59885322457814,169.47011882986195,121752700
2024-03-18,171.99478149414062,175.94516209588443,171.79677072295308,173.82641511894556,75604200
2024-03-19,174.3313751220703,174.8561105550952,171.31166123855039,172.6086493883763,55215200
2024-03-20,176.8956298828125,176.8956298828125,173.3511809805003,173.97492929704185,53423100
2024-03-21,169.66812133789062,175.72735394947048,169.14338597139206,175.29172116809335,106181300
2024-03-22,170.569091796875,171.33144918231721,168.37113733503185,170.05425166968308,71160100
2024-03-25,169.15330505371094,170.2324767040703,167.76719930445816,168.87608692531137,54288300
2024-03-26,168.02462768554688,169.71763732680742,167.8959138727621,168.31174106723407,57388400
2024-03-27,171.58883666992188,171.87596510768358,168.42061924778187,168.71764293581896,60273300
2024-03-28,169.7770538330078,170.51960569647457,168.81668554767697,170.04437673388762,65672700
2024-04-01,168.34146118164062,169.54934678777494,167.79692011211174,169.48994505423667,46240500
2024-04-02,167.1632537841797,167.65828830624176,166.55931106297376,167.40087579338118,49329500
2024-04-03,167.96522521972656,168.98499523543435,166.9058590852198,167.11376514661308,47691700
2024-04-04,167.1434783935547,170.2126836435028,167.1434783935547,168.59886612133832,53704400
2024-04-05,167.89590454101562,168.69785802201392,167.27215623034843,167.90579979250484,42104800
2024-04-08,166.77713012695312,167.51968192191484,166.5692240844266,167.3513719945941,37425500
2024-04-09,167.98501586914062,168.39094781013864,166.67813256359855,167.02464767080627,42373800
2024-04-10,166.11378479003906,167.4107728345435,165.45044033625643,167.12365945587084,49709300
2024-04-11,173.30166625976562,173.71750852250418,166.49000200344838,166.6682071669761,91070300
2024-04-12,174.7967071533203,176.58872985356905,172.47994902506244,172.52944039553972,101670900
2024-04-15,170.9750213623047,174.8758957155582,170.78690583147454,173.6185038309996,73531800
2024-04-16,167.69789123535156,172.03438316124112,166.59891404642835,170.0443499195711,73711200
2024-04-17,166.3316192626953,168.95529649982927,166.3316192626953,167.92563121825307,50901200
2024-04-18,165.381103515625,166.96521980912772,164.8959794200199,166.36127717179573,43122900
2024-04-19,163.36138916015625,164.74747975255278,162.45052746983075,164.559379327856,68149400
2024-04-22,164.1930389404297,165.59893510418706,163.13367296874276,163.8762247169617,48116400
2024-04-23,165.24252319335938,165.39104261951863,163.28219064755024,163.70792820716713,49537800
2024-04-24,167.3414764404297,167.6186945681344,164.55938480415762,164.88609429896647,48251800
2024-04-25,168.2028350830078,168.9156860278579,166.4801094484109,167.84640961058278,50558300
2024-04-26,167.61868286132812,169.63841695172266,167.49986430971396,168.19292468782604,44838400
2024-04-29,171.77699279785156,174.28186646983917,171.38097119165224,171.64827897757164,68169400
2024-04-30,168.6384735107422,173.2521991943247,168.31174889120035,171.60868084411632,65934800
2024-05-01,167.61868286132812,170.9948217396029,167.43056733625505,167.8959009696714,50383100
2024-05-02,171.31166076660156,171.69778712393833,169.19291342760516,170.79682058773386,94214900
2024-05-03,181.55885314941406,185.14289799826793,180.84600228009177,184.796367814728,163224100
2024-05-06,179.9054412841797,182.37070337959045,178.62824383792136,180.5390848280799,78569700
2024-05-07,180.58859252929688,183.06376520709566,179.51933122687228,181.6281680754234,77305800
2024-05-08,180.92523193359375,181.25195654794928,179.6480343404535,181.03414013837894,45057100
2024-05-09,182.737060546875,182.82616313989396,180.30148392023486,180.74701199258516,48983000
2024-05-10,181.4779510498047,183.50042466657956,180.56585391849484,183.3120539854214,50759500
2024-05-13,184.68020629882812,185.4931713127623,183.03445892506747,183.84742393900163,72044800
2024-05-14,185.8203582763672,186.68289706997302,184.69014911402812,185.8996730578337,52393600
2024-05-15,188.09066772460938,189.0126735344407,185.76084369802737,186.29621459797372,70400000
2024-05-16,188.2096405029297,189.458829238671,188.03119361367854,188.83423487080034,52845200
2024-05-17,188.2393798828125,189.1713095252472,187.55530322495105,187.8824709799172,41282900
2024-05-20,189.39932250976562,190.27176982167657,187.38675756521698,187.7040166341828,44361300
2024-05-21,190.69810485839844,191.07483113273048,189.2803778274553,189.44891605266244,42309400
2024-05-22,189.2605438232422,191.16406816634918,188.63596455316463,190.6187885434668,34648500
2024-05-23,185.27505493164062,189.35966699130785,185.0272019643745,189.33983451815809,51005900
2024-05-24,188.3484344482422,188.94328765804346,186.42509288132968,187.19840810516956,36327000
2024-05-28,188.3583526611328,191.34249703943843,187.47599667367734,189.86528785982966,52280100
2024-05-29,188.65574645996094,190.5989202616182,187.88244645923604,187.9815936912238,53068000
2024-05-30,189.6471710205078,190.52952698465035,188.99285067972127,189.12172393667825,49889100
2024-05-31,190.5989532470703,190.9162123421418,188.27905284340878,189.7959119633218,75158300
2024-06-03,192.3636474609375,193.31540952983562,190.86662095571478,191.24334718637152,50080500
2024-06-04,192.68092346191406,193.64259428823095,191.3722523931234,192.96842627855952,47471400
2024-06-05,194.1878662109375,195.20901937445223,193.19645419760306,193.72190135445058,54156800
2024-06-06,192.8097686767578,194.8124248113502,192.50243342955554,194.0093836485974,41181800
2024-06-07,195.19911193847656,195.2486855650071,192.47272888451312,192.978343568532,53103900
2024-06-10,191.4614715576172,195.60558138834554,190.49980075281104,195.20900753042525,97010200
2024-06-11,205.37095642089844,205.3808802210458,191.96707924808354,191.98689659289002,172373300
2024-06-12,211.2401580810547,218.3089152196564,205.1231328450552,205.58909768640683,198134300
2024-06-13,212.40008544921875,214.88852380834695,209.782758705521,212.8957913864929,97862700
2024-06-14,210.66513061523438,213.32210737882852,209.4853479747781,212.01345147179217,70122700
2024-06-17,214.80921936035156,217.06963733267014,210.8931452933454,211.5375569916551,93728300
2024-06-18,212.44964599609375,216.7523850703462,211.17073132176122,215.7213082393038,79943300
2024-06-20,207.87924194335938,212.4000929584359,207.05638337080816,212.0927425591543,86172500
2024-06-21,205.7080841064453,210.07029091430852,205.33134270047418,208.58317289420788,241805100
2024-06-24,206.35247802734375,210.87331399723786,204.8157865138524,205.93608683303725,80727000
2024-06-25,207.27450561523438,209.5646648210329,206.81844945769743,207.35380525957078,55549700
2024-06-26,211.4185791015625,213.01475280094434,208.83099354238436,209.68360834691896,66213200
2024-06-27,212.26129150390625,213.88720639689362,210.52632069800987,212.84622088780682,49772700
2024-06-28,208.81118774414062,214.2143951724623,208.49394377490637,213.91696855097956,82542700
2024-07-01,214.88853454589844,215.64200216221636,210.10001313722785,210.26855134899324,60402900
2024-07-02,218.3782958984375,218.48735180877674,213.2526983679821,214.293668724795,58046200
2024-07-03,219.64730834960938,219.64730834960938,217.14894613859082,218.11061688690268,37369800
2024-07-05,224.39614868164062,224.5052045874235,219.74642480522968,219.74642480522968,60412400
2024-07-08,225.8634796142578,225.89322076278884,221.3327197032473,225.13973799267995,59085900
2024-07-09,226.71607971191406,227.42989753320916,224.4259205051531,225.97252074204383,48076100
2024-07-10,230.97915649414062,231.0783037422216,227.28119408246098,227.3307677065015,62627700
2024-07-11,225.61563110351562,230.39422897123262,223.83108651749725,229.40281699319425,64710600
2024-07-12,228.56008911132812,230.64206011910093,226.71606240173486,226.9540066999144,53046500
2024-07-15,232.38694763183594,235.1926451763578,231.08820043911544,234.44908623752588,62631300
2024-07-16,232.80335998535156,234.24090427881208,230.33473879844306,232.98180687397965,43234300
2024-07-17,226.91436767578125,229.47221227385296,224.69359950369105,227.47946461019197,57345900
2024-07-18,222.25473022460938,228.46097889584826,220.36114484151935,228.3023493485251,66034600
2024-07-19,222.3836212158203,224.85224251867803,221.36246807560826,222.88925101284036,49151500
2024-07-22,222.03663635253906,225.82382229500527,221.17409763275575,225.06043082550624,48201800
2024-07-23,223.0775909423828,224.9910238167192,220.76759935066607,222.44308791792702,39960300
2024-07-24,216.6631622314453,222.86941075843336,215.26528287042115,222.07627816799848,61777600
2024-07-25,215.6221923828125,218.95333716975932,212.77682977395946,217.04981289629316,51391200
2024-07-26,216.08816528320312,217.60502442671483,214.15489978899527,216.82180047841348,41601300
2024-07-29,216.36575317382812,217.41664743865044,213.8971319294418,215.09674706599597,36311800
2024-07-30,216.9209442138672,218.43780333279796,214.26395224147618,217.3075942808937,41643800
2024-07-31,220.17276000976562,221.89782218872546,218.7352157578384,219.53825698895486,50036300
2024-08-01,216.48472595214844,222.55216258005441,215.15623749650504,222.44310665442717,62501000
2024-08-02,217.97183227539062,223.66254232334134,215.84030263063204,217.2679231335739,105568600
2024-08-05,207.47280883789062,211.66647767263768,194.31676638799527,197.38022606416695,119548600
2024-08-06,205.45025634765625,208.1865625077704,199.3431713568102,203.53683889765693,69660500
2024-08-07,208.01805114746094,211.80523672133984,204.61750047992084,205.12311510057037,63516400
2024-08-08,211.4781036376953,212.36045976406422,207.03658185433542,211.27982425167653,47161100
2024-08-09,214.38291931152344,214.91827509282652,210.1495861717322,210.2784745623819,42201600
2024-08-12,215.9114532470703,217.8767166928247,213.99582080224636,214.46232494953352,38028100
2024-08-13,219.62367248535156,220.23905460642766,217.3804780396727,217.3804780396727,44155300
2024-08-14,220.0702667236328,221.37051708688293,218.06529253738043,218.9288294958838,41960600
2024-08-15,223.04798889160156,223.67330627029455,221.10256546081067,222.92888658909135,46414000
2024-08-16,224.36807250976562,225.14226768918678,221.98592068094572,222.25391598005478,44340200
2024-08-19,224.20925903320312,224.30852103873067,221.38045847347976,224.0405257400108,40687800
2024-08-20,224.82464599609375,225.47973889834265,223.7725353535306,224.0901616619868,30299000
2024-08-21,224.71548461914062,226.28373058529078,223.37553826276908,224.8346020684513,34765500
2024-08-22,222.859375,226.64102413052154,222.2340576918725,226.09511339685906,43695300
2024-08-23,225.15219116210938,226.52192810531062,222.66087229355688,223.98097823318813,38677300
2024-08-26,225.48968505859375,225.5889470777534,222.22417060374596,225.07281183958708,30602200
2024-08-27,226.33335876464844,227.147264886192,223.21672230373292,224.31846403822652,35934600
2024-08-28,224.80479431152344,228.14971479709,224.0008084384826,226.22414704916858,38052200
2024-08-29,228.0802459716797,231.18696212304621,227.1770283167567,228.3879521456165,51906300
2024-08-30,227.29611206054688,228.68568922028223,225.78741746908054,228.4772602189495,52990800
2024-09-03,221.11248779296875,227.2961293418145,219.52438650802387,226.84948058831634,50190600
2024-09-04,219.20677185058594,220.12984491677884,215.86183603349318,220.01074262314262,43840200
2024-09-05,220.7253875732422,223.80231295165626,219.87178579311316,219.9809679444758,36615400
2024-09-06,219.17698669433594,223.56409767944487,218.13479623481732,222.28368749781316,48423000
2024-09-09,219.2663116455078,219.62363365317324,215.0975649862482,219.17698492990527,67180000
2024-09-10,218.47227478027344,219.83207646515766,215.1174187834135,217.29112653781655,51591000
2024-09-11,221.00331115722656,221.4301044903715,216.26879790334314,219.81224273641337,44587100
2024-09-12,221.11248779296875,221.8866830044339,218.1844402475294,220.84449248276735,37455600
2024-09-13,220.84449768066406,222.37303270856336,220.25889118684435,221.9164638014437,36766600
2024-09-16,214.71047973632812,215.60377723416104,212.32832783334672,214.92882889414335,59357400
2024-09-17,215.17697143554688,215.28615358843467,212.904016801209,214.14471619981742,45519300
2024-09-18,219.0479736328125,221.05294820219595,215.92140190435074,215.93133719300198,59894900
2024-09-19,227.16708374023438,228.11002736409566,222.95864123060412,223.31596324984213,66781300
2024-09-20,226.5020751953125,231.3556905514529,225.92638886705737,228.2589097535001,318679900
2024-09-23,224.78494262695312,227.742765583781,224.12984974700805,225.64846451262724,54146000
2024-09-24,225.67823791503906,227.64351653597865,224.05044101841318,226.94871280288095,43556100
2024-09-25,224.68568420410156,225.59883710649478,222.35317851779175,223.2563961324406,42308700
2024-09-26,225.82711791992188,226.79982188690562,223.73281698946673,225.6087536412769,36636700
2024-09-27,226.09512329101562,227.81226214161182,225.6087788258606,226.7601514881057,34026000
2024-09-30,231.26634216308594,231.26634216308594,227.94126208675945,228.32835965023514,54541900
2024-10-01,224.5269012451172,227.94129335648356,222.0752779583648,227.81227091446172,63285000
2024-10-02,225.09263610839844,225.67824256269316,221.360617941662,224.20925878310885,32880600
2024-10-03,223.9908905029297,225.12240767637772,221.65838486968212,223.46483520314058,34044200
2024-10-04,225.1125030517578,226.30357145139808,222.46237094034984,226.20430944090455,37245100
2024-10-07,220.04049682617188,224.01073444452058,219.68317483471031,222.8295863298211,39505400
2024-10-08,224.09014892578125,224.29857792676054,221.58889489724396,222.63108533790577,31855700
2024-10-09,227.8321075439453,228.04055170887608,223.1571606453159,223.554178398676,33591100
2024-10-10,227.33580017089844,227.7923841625437,225.47971892420364,226.0851807689644,28183500
2024-10-11,225.85690307617188,227.7030642360917,225.64845893034402,227.59388209213523,31759200
2024-10-14,229.57901000976562,230.0058033150611,226.89910245149323,226.99834931201846,39882100
2024-10-15,232.1100311279297,235.72294688412148,230.64103225198252,231.87181141001133,64751400
2024-10-16,230.05543518066406,230.3929017691756,228.12986736523644,229.87678174389526,34082200
2024-10-17,230.42266845703125,232.1100316250369,228.80480686495974,231.69314333147315,32993800
2024-10-18,233.25148010253906,234.4226930307779,232.26884075534687,234.4226930307779,46431500
2024-10-21,234.72044372558594,235.08770100400858,232.70554934615632,232.70554934615632,36254500
2024-10-22,234.10508728027344,234.4624093106695,230.86934872103873,232.14974382855843,38846600
2024-10-23,229.04299926757812,233.39041424004768,226.06532109909307,232.33830371042365,52287000
2024-10-24,228.8544464111328,229.10258628095696,226.71051430099084,228.26882480795348,31109500
2024-10-25,229.68821716308594,231.48474758840828,227.86191116183892,228.03064447383113,38802300
2024-10-28,231.6633758544922,232.98348177622344,230.81970938626554,231.5839844241638,36087100
2024-10-29,231.93138122558594,232.5864741436605,230.59143496071306,231.36563017470797,35417200
2024-10-30,228.387939453125,231.7328600109945,227.8420287171323,230.87925826342104,47070900
2024-10-31,224.22911071777344,228.11994197442104,223.693120129287,227.63358238786932,64370100
2024-11-01,221.25143432617188,223.67328184782377,218.6310779402587,219.32586653780092,65276700
2024-11-04,220.35812377929688,221.13231895883285,218.0752491010658,219.34572401852256,44944500
2024-11-05,221.7874298095703,222.28370958768312,219.49461965793014,220.14971259990074,28111300
2024-11-06,221.06283569335938,224.38791581537038,219.54422098922427,220.95365355112233,54561100
2024-11-07,225.78744506835938,226.18447798056903,222.89910825147632,222.95865940199351,42137700
2024-11-08,225.51914978027344,227.20835428792034,224.9726384261151,225.72780810336752,38328800
2024-11-11,222.8064727783203,224.26714170400084,220.0938084143074,223.57158868270503,42005600
2024-11-12,222.8064727783203,224.15783943194586,221.9420008205612,223.12444853772337,40398300
2024-11-13,223.69082641601562,225.2111120360391,221.34580821096,222.58787261698694,48566200
2024-11-14,226.77113342285156,227.41700079571672,223.5715745650122,223.5914518391994,44923900
2024-11-15,223.5715789794922,225.4793879673537,222.84621765747355,224.96268496170848,47923700
2024-11-18,226.57240295410156,228.28148462394066,223.7404903183321,223.81998425203597,44633700
2024-11-19,226.8307647705078,228.6988344551977,225.22105418122663,225.53901477922054,36211800
2024-11-20,227.5461883544922,228.47027695087482,224.45593165289552,226.61215353970658,35169600
2024-11-21,227.06922912597656,228.69881686539628,224.27707103239013,227.42694424740614,42108300
2024-11-22,228.41065979003906,229.25526960886552,226.6121530455377,226.6121530455377,38168300
2024-11-25,231.39163208007812,231.76922452168117,228.2815130321861,229.99059491471002,90152800
2024-11-26,233.56771850585938,234.07449047305911,231.84870566104107,231.84870566104107,45986200
2024-11-27,233.43853759765625,234.1937224347506,232.32565277909848,232.9814664022851,33498400
2024-11-29,235.8232879638672,236.3002363892814,232.48461866213367,233.31928219708777,28481400
2024-12-02,238.06895446777344,239.26133321145704,235.654388648958,235.76369091824088,48137100
2024-12-03,241.10952758789062,241.21882985808793,237.3833345065081,238.28756099978403,38861000
2024-12-04,241.46726989746094,242.56029272240895,239.7184485394643,241.32815927991484,44383900
2024-12-05,241.49705505371094,242.98753231090083,240.59284370740727,242.4410361127995,40033900
2024-12-06,241.29830932617188,243.07695387436263,240.5431396985891,241.36787220390693,36870600
2024-12-09,245.18350219726562,245.67039687977774,240.21524480725012,240.29473874492055,44649200
2024-12-10,246.19703674316406,246.63424582967986,243.7824557106041,245.32261857013248,36914800
2024-12-11,244.9251708984375,249.20780656351602,244.69662013013263,246.3858398593606,45205800
2024-12-12,246.38583374023438,247.1608807008323,244.12029436088807,245.32261935264157,32777500
2024-12-13,246.55474853515625,247.70737273801882,244.67674782957272,246.24671899982582,33155300
2024-12-16,249.44627380371094,249.7841268474892,246.07779571830554,246.4156487620838,51694800
2024-12-17,251.8707733154297,252.21855739876366,248.19426586582333,248.49236434269267,51356400
2024-12-18,246.47525024414062,252.66569465886903,246.16722071424974,250.559158393614,56774100
2024-12-19,248.2042236328125,250.40020031475416,245.52136737610985,245.9287681662764,60882300
2024-12-20,252.87440490722656,253.3811617724802,244.13026766465495,246.4653398622687,147495300
2024-12-23,253.64944458007812,254.0270218726176,251.84099141600396,253.1526187871241,40858800
2024-12-24,256.56085205078125,256.5707679464462,253.6693071300515,253.86804957710976,23234700
2024-12-26,257.3755798339844,258.44874034869076,255.99442012888886,256.55086249805703,27237100
2024-12-27,253.96739196777344,257.05766400729357,251.45345479939442,256.19316170058187,42355300
2024-12-30,250.598876953125,251.89062678955742,249.15808547329988,250.62868528180354,35557500
2024-12-31,248.8302001953125,251.6720440162376,247.84647977817443,250.83738041728796,39480700
