Price,Close,High,Low,Open,Volume
Ticker,SPY,SPY,SPY,SPY,SPY
Date,,,,,
2015-01-02,170.12498474121094,171.32579919572484,169.08980858140774,170.91172873180355,121465900
2015-01-05,167.05258178710938,169.24715009688967,166.7461737006491,169.0815244457335,169632600
2015-01-06,165.47911071777344,167.88071412827958,164.68408994172034,167.35898134910641,209151400
2015-01-07,167.541259765625,167.88080072201512,166.35702380473722,166.804214534387,125346700
2015-01-08,170.51426696777344,170.72959176575426,168.9325268892728,168.94908061493913,147217800
2015-01-09,169.1477813720703,170.9448456357597,168.53495254772835,170.92827927931057,158567300
2015-01-12,167.82276916503906,169.43765422966325,167.21822977118725,169.28030541730055,144396100
2015-01-13,167.3507537841797,170.16642844907784,166.0505662011731,169.04015605583254,214553300
2015-01-14,166.3403778076172,166.5391361681046,164.44394075078782,165.33832178191363,192991100
2015-01-15,164.81661987304688,167.29275329332586,164.70068064236253,166.9780683165703,176613900
2015-01-16,166.97805786132812,167.1354066580678,164.42738230955322,164.60957432299625,211879600
2015-01-20,167.33412170410156,167.8806976441935,165.76893615669306,167.61568653272155,130991100
2015-01-21,168.17889404296875,168.65921739145298,166.40667261614846,166.87042960463523,122942700
2015-01-22,170.67987060546875,170.8123635660142,167.55777539756028,168.9324925342067,174356000
2015-01-23,169.7440948486328,170.67989840459322,169.61158923007656,170.42316402997878,117516800
2015-01-26,170.1415252685547,170.23262126224506,168.81650756701595,169.52870916229736,92009700
2015-01-27,167.89730834960938,169.04013431955212,167.0691673621353,168.0877772385284,134044600
2015-01-28,165.744140625,169.18092074926022,165.55367173160218,169.08154787208377,168514300
2015-01-29,167.27618408203125,167.53290573788595,164.53502710249373,165.94287673441366,173585400
2015-01-30,165.1727294921875,167.42527415360559,164.9077309277775,166.10025605869643,197729700
2015-02-02,167.21824645996094,167.30934248481887,163.85599567481714,165.66962667380608,163107000
2015-02-03,169.6364288330078,169.6447183317602,167.73999117407354,168.1126521614309,124212900
2015-02-04,168.99041748046875,170.08356945276037,168.5349374920139,168.8744782685372,134306700
2015-02-05,170.69642639160156,170.84549834910774,169.57844357423738,169.65297323477577,97953200
2015-02-06,170.2244110107422,171.62397153579192,169.70267805759966,171.06082899905493,125672000
2015-02-09,169.46250915527344,170.29892707677755,169.05671548674957,169.57844839821885,87219000
2015-02-10,171.26783752441406,171.5245592115905,169.5038931575931,170.4976724628847,96164200
2015-02-11,171.36721801757812,171.79785489325087,170.45627046247458,171.10221945776905,91087800
2015-02-12,173.0152130126953,173.07318894711187,171.40034061976428,172.16222880934126,97545900
2015-02-13,173.72744750976562,173.7771339563857,172.88274000793118,173.1394743761866,93670400
2015-02-17,174.00067138671875,174.17458652213574,173.1642536922928,173.412685833708,76968200
2015-02-18,174.01727294921875,174.09180260672233,173.3630344806547,173.62804566701706,80652900
2015-02-19,173.89305114746094,174.2574352250173,173.2802348683247,173.42101732802976,91462500
2015-02-20,174.93649291992188,175.01102257016245,172.85785111829873,173.47895680982546,140896400
2015-02-23,174.91165161132812,174.91165161132812,174.307099633419,174.68805002173943,74411100
2015-02-24,175.40850830078125,175.60726665036412,174.5389578964423,174.83708910260347,72472300
2015-02-25,175.2594757080078,175.76464219992837,174.91993488108469,175.28431892593602,73061700
2015-02-26,175.05242919921875,175.3257172152652,174.4478772380732,175.16836842089657,72697900
2015-02-27,174.4561309814453,175.2180189443908,174.40644455897004,174.95300784262287,108076000
2015-03-02,175.55760192871094,175.6155652234063,174.50585939965265,174.55554583408522,87491400
2015-03-03,174.8371124267578,175.60729007726405,173.97585140318802,175.1269668123476,110325800
2015-03-04,174.10006713867188,174.3153918714502,173.1311437504533,174.2408495827965,114497200
2015-03-05,174.29055786132812,174.57212276445165,173.78539135328714,174.4230508156971,76873000
2015-03-06,171.8392333984375,173.85989917685467,171.50798209946916,173.4292623790542,188128000
2015-03-09,172.55145263671875,172.90754718755318,171.88066047431653,172.03800928010043,89818900
2015-03-10,169.75234985351562,171.26784949998202,169.71094027349486,171.18504297637017,157121300
2015-03-11,169.3548126220703,170.18295351508777,169.2719934781977,170.00903836752613,110145700
2015-03-12,171.50802612304688,171.5742662907018,169.9345504579917,169.984236901948,93993500
2015-03-13,170.456298828125,172.19538770623154,169.42112236385987,171.2347535510814,162410900
2015-03-16,172.73361206054688,172.8247080553119,170.48106804128992,171.18499278596744,136099200
2015-03-17,172.22024536132812,172.60118322774522,171.40865790665734,171.99664370451623,94510400
2015-03-18,174.29055786132812,174.96135003965182,171.11048686432775,171.74815896316636,228808500
2015-03-19,173.4955596923828,174.29885756678942,173.10633236616806,173.87651015674865,117917300
2015-03-20,175.02700805664062,175.53442966152787,174.26171874469958,174.44472409025488,177715100
2015-03-23,174.6859130859375,175.60925341996233,174.6859130859375,175.0352833889691,71784500
2015-03-24,173.704345703125,175.0186380320636,173.6377971673957,174.56113747478216,77805300
2015-03-25,171.15890502929688,174.14521174748526,171.1173233023442,173.9122982280771,159521700
2015-03-26,170.75132751464844,171.6663413650974,169.79470654797132,170.49345985958703,153067200
2015-03-27,171.14230346679688,171.31698228652505,170.44355010937383,170.63488193095372,118939000
2015-03-30,173.2301788330078,173.52964087435808,172.15711392232274,172.17374153535073,96180400
2015-03-31,171.71620178222656,173.10538151826552,171.65797975995795,172.40662840121527,126768700
2015-04-01,171.1090545654297,171.70797887261608,170.11916542736222,171.68302475088657,137303600
2015-04-02,171.7245635986328,172.17375033720432,170.85944534924582,171.04245064458402,86900900
2015-04-06,172.88084411621094,173.39657946848428,170.70143323496615,170.83451763072776,114368200
2015-04-07,172.4232940673828,173.6544101425023,172.39002614874036,172.9057613911213,81236300
2015-04-08,173.00558471679688,173.44645764013111,172.25693593565734,172.64790063262691,89351900
2015-04-09,173.7708740234375,174.00378754198945,172.34843879891193,172.83921994922966,85548900
2015-04-10,174.71922302246094,174.76081745509825,173.82084928025708,174.02048224837404,72722900
2015-04-13,173.9289093017578,175.20994622951594,173.87900107989284,174.57774157166983,74436600
2015-04-14,174.26170349121094,174.4447088207474,173.10544946886912,173.72932781242415,75099900
2015-04-15,175.04360961914062,175.55103114849615,174.6443310577444,174.72751990891874,99529300
2015-04-16,174.99366760253906,175.50108903393541,174.5112002831102,174.71084587168448,68934900
2015-04-17,172.98062133789062,174.04537241941927,172.19869198583558,173.8041451072998,191113200
2015-04-20,174.56114196777344,174.8938719621486,173.82080694137838,173.90398309355433,92189500
2015-04-21,174.35313415527344,175.40124477019765,174.05367216631907,175.24319362424504,72559800
2015-04-22,175.20999145507812,175.39299677770984,173.770902991398,174.69424341273557,78264600
2015-04-23,175.65081787109375,176.29965013641794,174.6941970850558,174.81065383286185,102585900
2015-04-24,176.0584259033203,176.32462003232672,175.60923917666534,176.06675240287345,61327400
2015-04-27,175.32643127441406,176.7488665984701,175.13509946927405,176.6240960236707,79358100
2015-04-28,175.88375854492188,175.93366677414596,174.1285805578068,175.30147471591496,86863500
2015-04-29,175.16004943847656,175.7589608327745,174.35316595144636,174.99367176429075,125684900
2015-04-30,173.40484619140625,174.97701851659326,172.70609306356445,174.58605388663588,161304900
2015-05-01,175.28480529785156,175.32639971290897,174.08695722406594,174.18677366593695,103399700
2015-05-04,175.78392028808594,176.36620404488573,175.60091500840113,175.7090452606993,70927200
2015-05-05,173.7708740234375,175.90038899608155,173.62946315094771,175.5426922186258,113326200
2015-05-06,173.0554962158203,174.62766884021258,171.99074505712267,174.31989297658694,135060200
2015-05-07,173.74595642089844,174.17020182035276,172.6229830117935,172.95571305311998,88244900
2015-05-08,176.0334930419922,176.23313866284923,175.33475240824686,175.417941256813,155877300
2015-05-11,175.1932830810547,176.25803398478618,175.11842075801857,175.9918526052693,75708100
2015-05-12,174.6692657470703,175.20996783389103,173.53796603824514,174.36148987906336,119727600
2015-05-13,174.70254516601562,175.70074779807248,174.4696316416302,175.07686956643255,94667900
2015-05-14,176.52427673339844,176.61577938439606,175.4428852287453,175.71739318173817,95934000
2015-05-15,176.71556091308594,176.85697176525187,176.23309363890243,176.71556091308594,76510100
2015-05-18,177.2646026611328,177.51414379393768,176.482673264118,176.54922179714424,74549700
2015-05-19,177.20639038085938,177.6555898624759,176.9235685993002,177.38108188878502,72114600
2015-05-20,177.08157348632812,177.83022216944553,176.76547117029347,177.30616047556347,76857500
2015-05-21,177.5973358154297,177.80529522504963,176.7738119839141,176.9401896658781,64764600
2015-05-22,177.17312622070312,177.63062682707135,177.1065776778336,177.21470795376445,57433500
2015-05-26,175.26815795898438,177.1065244109385,174.85223921076997,176.68227916434677,124308600
2015-05-27,176.93190002441406,177.164813596282,175.31813263873076,175.7257377359185,93214000
2015-05-28,176.73223876953125,176.84036903661448,176.04181197319468,176.62409580961238,74974600
2015-05-29,175.6342010498047,176.70726603429128,175.3680196018721,176.66568430602715,124919600
2015-06-01,175.99185180664062,176.63235749126358,175.201596090961,176.29962759516937,93338800
2015-06-02,175.8171844482422,176.5076111354182,174.9104845682582,175.53436272853165,91531000
2015-06-03,176.2830352783203,176.90691352294607,175.79225410549518,176.34958381422064,87820900
2015-06-04,174.79405212402344,176.23312772649365,174.4779497504916,175.5759815578114,151882800
2015-06-05,174.49456787109375,175.16835426135324,173.83740909313252,174.64429253878083,121704700
2015-06-08,173.4215087890625,174.53618088064647,173.34664644724396,174.38644350417422,89063300
2015-06-09,173.39654541015625,173.93724746657017,172.76435340274276,173.39654541015625,105034700
2015-06-10,175.4761199951172,175.85877083412583,174.10359318232116,174.16181520768131,134551300
2015-06-11,176.0417938232422,176.424432007937,175.68409705806988,175.9170105686235,73876400
2015-06-12,174.6942138671875,175.91701618303716,174.41970592966666,175.21827562907586,135382400
2015-06-15,173.94552612304688,174.22834780398836,172.84749461892312,173.55456151410874,124384200
2015-06-16,174.89389038085938,174.97707923463193,173.62117961372883,173.79585843667937,85308200
2015-06-17,175.17669677734375,175.7839474322654,174.153539968628,175.17669677734375,126708600
2015-06-18,176.9984588623047,177.4642860331214,175.21001254016792,175.77565619249154,165867900
2015-06-19,176.21267700195312,176.8312356588325,175.83653181049735,176.7560091714565,130478700
2015-06-22,177.11546325683594,177.70057951585434,176.90649225328806,177.13218450840156,70696000
2015-06-23,177.24078369140625,177.5751448421762,176.8479300654339,177.32437716774217,68476800
2015-06-24,175.9535675048828,177.34949213933672,175.92849200731476,176.97334692123923,92307300
2015-06-25,175.41860961914062,176.58048782172534,175.34338312329731,176.45511032865318,97107400
2015-06-26,175.3851776123047,176.02044482664536,174.83349114074264,175.77803133706038,104174800
2015-06-29,171.7071990966797,175.39344865162383,171.6319726374941,173.90557693751154,202621300
2015-06-30,172.06671142578125,173.29546181848747,171.5902514653302,173.2452980690375,182925100
2015-07-01,173.4459228515625,173.88894033293766,172.66018988321343,173.63817259235734,135979900
2015-07-02,173.287109375,174.08956362412331,172.86916737650563,173.92238937564107,104373700
2015-07-06,172.79396057128906,173.57132665488814,171.79925646077314,171.99987323456276,117975400
2015-07-07,173.88055419921875,174.005931669229,170.61224543215388,172.9945193989469,173820200
2015-07-08,170.96334838867188,172.8273660816652,170.72930189603494,172.54316859125993,164020100
2015-07-09,171.27261352539062,173.32053937393576,171.16395728673342,173.0614046397183,144113100
2015-07-10,173.42919921875,173.847141195784,171.31441383532407,173.27037922674475,129456900
2015-07-13,175.34336853027344,175.45202476370065,174.64958336566815,174.69138011140603,106069400
2015-07-14,176.10401916503906,176.4133048903453,175.2430597428105,175.30157773974665,81709600
2015-07-15,176.04550170898438,176.60554236922965,175.56904178267948,176.14580369154305,97914100
2015-07-16,177.45816040039062,177.45816040039062,176.8563229520847,177.09872367910233,106683300
2015-07-17,177.60865783691406,177.66717584869522,177.04026274602134,177.44983781017058,89030000
2015-07-20,177.70054626464844,178.19371467964135,177.3829190718028,177.83429074299156,70446800
2015-07-21,176.99844360351562,177.82597338603733,176.69752484210574,177.56683862252422,77965000
2015-07-22,176.68077087402344,177.01513207733043,176.27955018463078,176.3129799276736,88667900
2015-07-23,175.68601989746094,176.91476988656254,175.32659604920912,176.81446792976155,90509100
2015-07-24,173.86383056640625,175.84487109283845,173.52948214791607,175.78636585916124,117755000
2015-07-27,172.8524627685547,173.48774283036434,172.4094452278605,172.97785303292287,132361100
2015-07-28,174.9755401611328,175.11763886259664,172.86075537566398,173.68827209328106,123544800
2015-07-29,176.17926025390625,176.4049397326802,174.9588640988521,175.1009628370131,105791300
2015-07-30,176.22108459472656,176.38825885670576,175.050839251715,175.66939805107447,91304400
2015-07-31,175.9535675048828,176.7476546885501,175.66937002939375,176.72257919098203,103266900
2015-08-03,175.36009216308594,175.97865089150653,174.40718494905138,175.92014564608382,113965700
2015-08-04,175.0173797607422,175.7445946917955,174.53256555518115,175.28485598354138,81820800
2015-08-05,175.59410095214844,176.6305886124667,175.30989079100854,175.91172809583946,85786800
2015-08-06,174.15638732910156,175.8866600881819,173.57125849064948,175.77799111739955,116030800
2015-08-07,173.82203674316406,174.1480309207651,172.91928069259777,173.99757795629148,117858000
2015-08-10,176.01205444335938,176.09563516897882,174.9337572199016,174.9337572199016,80270700
2015-08-11,174.4239044189453,175.09261413792316,173.66324695417575,174.67467215788415,126081400
2015-08-12,174.6328582763672,174.8167537499092,171.65711371116103,173.119910497788,172123700
2015-08-13,174.41551208496094,175.15944813679866,173.872179976808,174.47401731701092,89383300
2015-08-14,175.05079650878906,175.12602299512452,174.08116816965813,174.2232668953725,72786500
2015-08-17,176.02880859375,176.02880859375,173.99761659485281,174.45735534601607,79072600
2015-08-18,175.5188751220703,176.1039912257194,175.28482868061067,175.75292156352995,71692700
2015-08-19,174.13128662109375,175.543919263835,173.32047846706854,174.7749078428716,172946000
2015-08-20,170.4952850341797,174.10629780141434,170.43676702356183,172.61842508767967,194327900
2015-08-21,165.36288452148438,170.47013476666513,165.10376259857475,168.62282605901513,346588500
2015-08-24,158.40005493164062,165.07040723557967,152.46527204608992,156.7199322915609,507244300
2015-08-25,156.5359649658203,163.37348842234678,156.2434005299375,163.35676717483423,369833100
2015-08-26,162.54598999023438,162.82182045521694,157.45544730866962,160.55658221227628,339257000
2015-08-27,166.56658935546875,166.6919668394145,163.17290274119117,164.6858505688254,274143900
2015-08-28,166.57492065429688,167.0430135359747,165.43811818969027,165.92293231844926,160414400
2015-08-31,165.22914123535156,166.44953713642272,164.67745489289854,165.59693213032023,163298800
2015-09-01,160.2974853515625,162.80513746263742,159.4281588104927,161.4259211487993,256000400
2015-09-02,163.34007263183594,163.38186937689952,160.84077523011493,162.6797172217289,160269300
2015-09-03,163.45709228515625,165.54680194680597,162.96392386610506,164.05056268650245,152087800
2015-09-04,160.98287963867188,162.0444557787715,160.16371697574704,161.2002176188391,207081000
2015-09-08,165.02850341796875,165.17896910782105,163.1394109546547,163.7830449384656,116025700
2015-09-09,162.82179260253906,166.73373524623284,162.45401446061655,166.6083577835972,149347700
2015-09-10,163.70785522460938,164.8530120043565,162.3704359782991,162.6295579280601,158611100
2015-09-11,164.45181274414062,164.51868499062053,162.60450360454212,163.3150100631362,119691200
2015-09-14,163.8415985107422,164.67748241004523,163.35678431859728,164.62733141681923,79452000
2015-09-15,165.88949584960938,166.3325132199818,163.79978645933429,164.34310579897624,113806200
2015-09-16,167.32725524902344,167.51951775490605,165.84774973241406,166.1904652381236,99581600
2015-09-17,166.95111083984375,169.59250738984824,166.5749655837949,167.19352434689554,276046600
2015-09-18,164.22288513183594,166.93682335451308,163.81118080217664,164.4413530496671,223657500
2015-09-21,165.07150268554688,166.09657093916724,164.02121575026516,165.05469450473444,105726200
2015-09-22,162.92892456054688,163.39105340400803,161.79460947395006,162.90371869825682,153890900
2015-09-23,162.66844177246094,163.5674807006895,162.08868134671624,163.09695421628368,92790600
2015-09-24,162.0802459716797,162.54237470540022,160.11411225463215,161.45007392230164,159378800
2015-09-25,162.03831481933594,163.8448036802758,161.16446868667677,163.5423204529536,155054800
2015-09-28,157.9715576171875,161.2484606488369,157.66067677744184,161.13922670151618,178515900
2015-09-29,158.06396484375,159.42514531239374,157.06408971646624,158.19000695761784,159045600
2015-09-30,161.01321411132812,161.181257479425,159.17310910158233,159.95451653263208,163452000
2015-10-01,161.43328857421875,161.7357716895095,159.49236059313813,161.39127453747872,131079000
2015-10-02,163.84475708007812,163.86996294011195,158.90420337928794,159.4503602620859,211003300
2015-10-05,166.76034545898438,166.9872110078031,164.96225488960437,165.07148882438455,126320800
2015-10-06,166.18899536132812,167.18887056699,165.52521966477568,166.62591831272772,110274500
2015-10-07,167.5502166748047,167.9031116295084,165.92856659866663,167.12169129910924,124307300
2015-10-08,169.06253051757812,169.3482053813151,166.86112119714207,167.16360423547553,153055200
2015-10-09,169.1634063720703,169.64233051907377,168.53323424856578,169.20542041114757,107069200
2015-10-12,169.32305908203125,169.52470596458713,168.8105185540597,169.23903100037617,56395600
2015-10-13,168.2559814453125,169.86082309690977,168.08793808544954,168.5920681650384,88038700
2015-10-14,167.44931030273438,168.77687428386866,167.15523770734023,168.19711395062006,99106200
2015-10-15,170.0204620361328,170.02885971648277,167.7434342144632,168.11313728403783,134142200
2015-10-16,170.7935028076172,170.8102981713744,169.65918753047458,170.4237996707444,114580100
2015-10-19,170.8774871826172,170.8774871826172,169.83561069902436,170.14649154385307,76523900
2015-10-20,170.65899658203125,171.27236046365508,170.18847016210702,170.44054155017596,78448500
2015-10-21,169.60035705566406,171.23039177900486,169.43230087185302,171.07915659863906,102038000
2015-10-22,172.4654998779297,172.67555724966974,169.60032707126769,170.54977767333122,174911700
2015-10-23,174.35606384277344,174.72576696934874,173.33939306557932,174.13760873201892,144442300
2015-10-26,173.92747497558594,174.2383557315556,173.55777201125318,174.17954634407485,69033000
2015-10-27,173.59140014648438,173.92748678002485,172.91080355910756,173.25530069206067,77905800
2015-10-28,175.5659637451172,175.59116960621006,173.26374295939777,173.92751866965267,135906700
2015-10-29,175.46510314941406,175.8348061283462,174.94416503594584,175.06179663643488,90525500
2015-10-30,174.70887756347656,175.97763205082745,174.54924476111194,175.65834080433405,131076900
2015-11-02,176.77589416503906,176.9691433713122,174.91058354202576,175.0366256668099,86270800
2015-11-03,177.28843688964844,177.84299147541532,176.19613589913698,176.42300146983902,95246100
2015-11-04,176.75070190429688,177.70856315028564,176.21295546480997,177.58253383668966,96224500
2015-11-05,176.57427978515625,177.27167202781808,175.6836382866135,176.80954309341703,78408700
2015-11-06,176.4818115234375,176.71708759596183,175.1542600981416,176.2297529116001,110471500
2015-11-09,174.8349609375,176.01968764365785,173.885497472452,175.86843966243862,131008700
2015-11-10,175.23829650878906,175.2719128750145,174.08718597286835,174.35605279823582,75874600
2015-11-11,174.5492706298828,175.55754340611824,174.48205073534925,175.50713169043908,67846000
2015-11-12,172.11260986328125,173.9779204023647,172.0958145041074,173.5073939278004,121315200
2015-11-13,170.18006896972656,171.9697618199223,170.09605371636437,171.7008950599256,153577100
2015-11-16,172.76797485351562,172.8267970688517,169.8775835034225,169.99522793409466,117645200
2015-11-17,172.64193725585938,173.96109075779063,172.1462049828163,173.07886013728063,121123700
2015-11-18,175.38113403320312,175.52397153745966,173.07891296109688,173.1209141875527,121342500
2015-11-19,175.22988891601562,175.6500037238599,174.93580342217007,175.26349245945312,88220500
2015-11-20,175.86839294433594,176.5489766268179,175.49029232305503,175.9860245336429,94011500
2015-11-23,175.66677856445312,176.43137762573497,175.20464979935923,175.92724764453766,64931200
2015-11-24,175.90203857421875,176.30534511598827,174.27199140759203,174.65848977069672,98874400
2015-11-25,175.8768768310547,176.22977174622852,175.6163948695075,176.02811201432047,51980100
2015-11-27,176.0784912109375,176.2801509055882,175.49033312764547,175.96925727372445,37317800
2015-11-30,175.3475341796875,176.3558072327126,175.23830021847323,176.23817559020782,112822700
2015-12-01,177.01953125,177.13717567897376,175.7003777036247,175.9776549557406,97858400
2015-12-02,175.21307373046875,177.2884418239364,174.96100229166035,176.9691504800534,108441300
2015-12-03,172.7595977783203,175.73400473534974,172.03699985461813,175.46513794700394,166224200
2015-12-04,176.12889099121094,176.42297642336592,172.75957555460377,172.75957555460377,192913900
2015-12-07,175.06178283691406,176.22129057293958,174.09551143253063,175.80117591561162,102027100
2015-12-08,173.885498046875,175.01140253603222,172.90243103880024,173.49899964415422,103372400
2015-12-09,172.53269958496094,175.33906266598441,171.55803041713432,173.2468996936525,162401500
2015-12-10,172.97804260253906,174.2887985677135,172.3646786590171,172.599941892721,116128900
2015-12-11,169.62554931640625,171.52446352485714,169.31465565799652,170.8606878072256,211173300
2015-12-14,170.48252868652344,170.6085707805917,168.00385468710266,169.7851496137183,182385200
2015-12-15,172.2722625732422,173.17971202028292,170.45736367916072,171.99498528490597,154069600
2015-12-16,174.79293823242188,175.09542135898081,172.0790005935831,173.39815421435094,197017000
2015-12-17,172.12942504882812,175.17105189811343,172.11261686808538,175.10383199602776,173092500
2015-12-18,169.06289672851562,171.5225060595982,168.90230097587343,171.38727907064435,251393500
2015-12-21,170.4575653076172,170.63506931648848,169.12210010333064,170.23781010837587,99094300
2015-12-22,172.00428771972656,172.3001233488802,170.3560919647485,171.34500941773533,111026200
2015-12-23,174.1343536376953,174.17661773301222,172.91721991683897,173.0101957676597,110987200
2015-12-24,173.84693908691406,174.39634644809036,173.62718388075706,173.8807555169008,48539600
2015-12-28,173.4496307373047,173.49188191389518,172.37618516990457,173.15379511806398,65899900
2015-12-29,175.30068969726562,175.6303288679447,174.5146320199485,174.54843554380895,92640700
2015-12-30,174.05824279785156,175.14014928136507,173.91455521654785,175.05562110545048,63317700
2015-12-31,172.31704711914062,174.02441544079304,172.31704711914062,173.38204524222868,114877900
2016-01-04,169.90817260742188,169.91662026614497,167.85425658509027,169.46020164850955,222353500
2016-01-05,170.19552612304688,170.65194468263027,169.08827680327653,170.22932965082862,110845800
2016-01-06,168.04864501953125,169.09672202912697,167.0174633249898,167.64292530886155,152112600
2016-01-07,164.01690673828125,166.8822363182375,163.6280952098052,165.09880025596934,213436100
2016-01-08,162.216552734375,165.53831360060605,161.92917760723282,164.98045866166842,209817200
2016-01-11,162.3771514892578,163.4759531747563,160.44158027718976,163.13785340380966,187941300
2016-01-12,163.68722534179688,164.4394794360477,161.55724238502535,163.82246522096628,172330500
2016-01-13,159.6048126220703,164.7015494538692,159.22446162959955,164.35500199302726,221168900
2016-01-14,162.22499084472656,163.34914831411587,158.61586796094596,160.21335217593364,240795600
2016-01-15,158.74264526367188,159.5456111894306,156.80707422590876,157.86361173274562,324846400
2016-01-19,158.95399475097656,160.68671929930625,157.38186600965548,160.559939923873,195244400
2016-01-20,156.91693115234375,158.4806116797918,153.00352535135002,156.3928927234885,286547800
2016-01-21,157.79600524902344,159.63860062752195,156.0632810105243,157.39029842299223,195772900
2016-01-22,161.0332794189453,161.23612643554867,159.64710225099566,160.4078043576398,168319600
2016-01-25,158.59896850585938,160.72049132100767,158.40456920258129,160.52609201772958,130371700
2016-01-26,160.7627716064453,161.0416991030109,158.92017607403994,159.25826297444084,141036800
2016-01-27,159.01315307617188,161.91228631514613,158.1087506203031,160.23873422062803,185681700
2016-01-28,159.8414764404297,160.7627742216194,158.19328020408372,160.5599272369545,143798800
2016-01-29,163.73789978027344,163.87313962864147,160.49222080253165,160.61055244555823,210529300
2016-02-01,163.67877197265625,164.4648425197933,162.148907851811,162.73211857129021,136061600
2016-02-02,160.7289581298828,162.25882253989477,160.20490670034297,162.25037488192345,182564900
2016-02-03,161.69252014160156,162.0982269769642,158.14255631350596,161.78549596816256,205054900
2016-02-04,161.9460906982422,162.91810014463994,160.5599138640015,161.1938364326577,139531800
2016-02-05,158.86099243164062,162.00524939021113,158.22706986575446,161.43049912112437,180788300
2016-02-08,156.72256469726562,157.31422319199183,154.5080659467813,157.0184003932227,191526700
2016-02-09,156.73101806640625,158.00732382709526,154.84615847267247,154.98139838987723,184513100
2016-02-10,156.5957489013672,159.190598016285,156.468956676666,157.55931048204576,148214100
2016-02-11,154.5587158203125,155.60680537512968,153.0626555204388,154.11919272994623,219058900
2016-02-12,157.74530029296875,157.7621956092723,155.48853743639367,156.33376755034035,127632400
2016-02-16,160.40782165527344,160.4331775350831,158.59058148388812,159.55414360823247,120250700
2016-02-17,163.0279541015625,163.39985733676687,161.44736535194392,161.57415758059193,136009500
2016-02-18,162.36024475097656,163.35762296284307,162.04751374504974,163.29845066594467,102343000
2016-02-19,162.28421020507812,162.43634546149406,160.97410072033864,161.58266754038291,114793000
2016-02-22,164.6339111328125,164.7775986962907,163.79712872494707,163.86474867785222,103640300
2016-02-23,162.5546875,164.24514799614548,162.43634288396734,163.97466812611097,111455300
2016-02-24,163.2984619140625,163.57738941039415,160.01897771192097,161.1262271415721,150812200
2016-02-25,165.2762451171875,165.28470567018846,162.9856793640243,163.74638109741173,110728300
2016-02-26,164.89593505859375,166.23984780551964,164.7353392780452,166.14688487697853,129833700
2016-02-29,163.60272216796875,165.85948479522963,163.40832287272696,164.9128312909009,125918100
2016-03-01,167.4485626220703,167.53309080457262,164.35501686201994,164.82834373077716,141799700
2016-03-02,168.20079040527344,168.25150214787573,166.72163772583008,167.13580511906184,102415000
2016-03-03,168.86004638671875,168.87695459773252,167.4485138509449,168.023264053551,95172200
2016-03-04,169.4094696044922,170.18709267747013,168.2261525755054,169.05447449579614,129293600
2016-03-07,169.54478454589844,169.95050447581744,168.41217876022773,168.4882464106398,100219000
2016-03-08,167.6936798095703,168.97843342659024,167.53309689248437,168.47130300471764,123974900
2016-03-09,168.52198791503906,168.86852246743945,167.71900897155595,168.50507970117934,94801200
2016-03-10,168.65721130371094,169.95042524378096,166.8315240589992,169.01221930118146,156838700
2016-03-11,171.37887573242188,171.42113982309857,168.6403380583518,170.11103039525915,137964500
2016-03-14,171.15907287597656,171.6154913955506,170.54205859484566,170.8716977748675,73612000
2016-03-15,170.88014221191406,171.18442551829193,169.93348876859892,170.19550799686036,93169100
2016-03-16,171.86904907226562,172.2747687203931,170.3560931881602,170.39835726365493,129303200
2016-03-17,172.95945739746094,173.46658777165402,171.38732873280304,171.7845879527083,134278500
2016-03-18,173.63909912109375,173.97892972183823,173.14633567541978,173.4606796292937,138372400
2016-03-21,173.8854522705078,174.11484502690527,173.14631367775516,173.37570643415262,72926700
2016-03-22,173.79200744628906,174.36123079472497,172.9509222280759,173.11233332628754,97471900
2016-03-23,172.6450958251953,173.59663195994312,172.47516754652673,173.40972122437373,81052500
2016-03-24,172.568603515625,172.60259435302078,171.39617889959257,171.61706748784076,84360900
2016-03-28,172.67056274414062,173.19730404944426,172.22028137727668,172.98490668908556,62408200
2016-03-29,174.267822265625,174.3782730668679,171.95693741492593,172.26279020292168,92922900
2016-03-30,175.03248596191406,175.7546294795921,174.66715562403266,175.27037005758575,86365300
2016-03-31,174.60763549804688,175.3637696250937,174.44621142086157,174.93897488037737,94584100
2016-04-01,175.79705810546875,175.98396883290673,173.29926289671315,173.6136198276081,114423500
2016-04-04,175.22776794433594,175.9244372928007,174.92191532173956,175.7205312231691,63497000
2016-04-05,173.47760009765625,175.2362427904344,173.222720775365,173.88539923510177,99662200
2016-04-06,175.3722381591797,175.43171563832263,173.29923799902537,173.47765747274903,91839800
2016-04-07,173.27374267578125,174.64158202679974,172.54309532746632,174.28475606093028,113859000
2016-04-08,173.74102783203125,174.88797867801816,173.20578237541002,174.4546797983895,95040600
2016-04-11,173.33326721191406,175.07492841823893,173.23981184092958,174.37825875022577,83757500
2016-04-12,174.9474639892578,175.22783007301945,173.0613743084662,173.50316446745788,115350600
2016-04-13,176.7146453857422,176.7996095353536,175.72911829056997,175.8650557444646,96336400
2016-04-14,176.7230987548828,177.22436638826628,176.37477692900077,176.77408501195208,65212900
2016-04-15,176.52772521972656,176.85906464361813,176.20487702485997,176.72312719696814,75761600
2016-04-18,177.76812744140625,177.80210532039408,175.86504212538503,176.52772095716665,82531000
2016-04-19,178.32884216308594,178.583721621976,177.5132434510871,178.19291768689132,88316100
2016-04-20,178.498779296875,179.19543602443457,177.89556497971103,178.3713330792558,81100300
2016-04-21,177.53868103027344,178.6261543215078,177.26680622561275,178.51570356165138,85695000
2016-04-22,177.53868103027344,177.81054287122993,176.63811842631725,177.18185507193442,99251700
2016-04-25,177.23289489746094,177.27537697210172,176.32382776224247,176.93553333868448,66166500
2016-04-26,177.49620056152344,178.00595934297635,177.02043261280969,177.5981471323323,75864200
2016-04-27,177.8616180419922,178.25242206444457,176.75714878235985,177.1139749190945,77329400
2016-04-28,176.247314453125,178.20986384856798,175.83102395330687,177.10540802449896,97216200
2016-04-29,175.2957763671875,175.97545045631406,174.19130759281995,175.62711570312726,142424100
2016-05-02,176.68914794921875,176.86755450332075,175.36379026391356,175.79707628758385,62188000
2016-05-03,175.15139770507812,175.6951345387806,174.4037546973465,175.45725048426755,106422100
2016-05-04,174.17434692382812,174.88801198982688,173.6730922065313,174.15736446689803,92243800
2016-05-05,174.1403350830078,174.9984156840955,173.71554039586846,174.64158970254306,67619200
2016-05-06,174.77749633789062,174.8199783918651,173.21425527577145,173.3671751136362,89315000
2016-05-09,174.9219970703125,175.35528308660804,174.47171563267943,174.65013514745297,74374900
2016-05-10,177.096923828125,177.1139192474971,175.55916894946716,175.62713766324902,77472200
2016-05-11,175.44027709960938,177.17343442358268,175.44027709960938,176.63820171555093,81727000
2016-05-12,175.49124145507812,176.28136659513348,174.4802276661294,176.11143828891278,89586300
2016-05-13,173.96194458007812,175.74608774865698,173.63910937941026,175.19385974889587,96474600
2016-05-16,175.67811584472656,176.15388389072794,174.07239220761835,174.131869695222,77486800
2016-05-17,174.03836059570312,175.6950570171189,173.51160645280717,175.4061997874778,114924900
2016-05-18,174.08938598632812,175.27031486213005,173.00191247323167,173.6900778878326,120062100
2016-05-19,173.48617553710938,173.77503285953244,172.27975998724793,173.36723352412886,115430500
2016-05-20,174.58212280273438,175.10037283251347,174.04687735586444,174.09785064343208,104990400
2016-05-23,174.34423828125,174.8794707627664,174.15732758494116,174.59910471830312,58682600
2016-05-24,176.6042022705078,176.9185592667848,175.13441575696513,175.159902410216,93537800
2016-05-25,177.8020782470703,178.21838174260373,176.60415401675047,177.28382816638836,76621400
2016-05-26,177.8531036376953,178.167460640164,177.5387595989366,177.9380677926782,55280700
2016-05-27,178.6177215576172,178.62621278665296,177.96353393802508,178.0145072396567,64211200
2016-05-31,178.27783203125,178.99998818828732,177.71709993028256,178.88953742072263,109879400
2016-06-01,178.64320373535156,178.82161028659505,177.47076597234752,177.6661679449455,69936200
2016-06-02,179.1869659423828,179.20394840243617,177.76815270533007,178.2439208610232,63044700
2016-06-03,178.65170288085938,179.00003773366728,177.44528718539402,178.62621622955234,101757100
2016-06-06,179.5607452392578,179.91757127208038,178.84708020990576,179.00850428840553,64887000
2016-06-07,179.8411102294922,180.40184244536616,179.68819033263986,179.71367698211526,60974800
2016-06-08,180.4273223876953,180.55476859404234,179.84960773611868,179.97704097875845,66170900
2016-06-09,180.18093872070312,180.2998807295177,179.4248046010163,179.696666493861,73786900
2016-06-10,178.47323608398438,179.14440594805325,177.92948646973554,178.80457540285207,113829200
2016-06-13,177.096923828125,178.72813406776956,177.01197265867765,177.8700533632236,117751200
2016-06-14,176.74856567382812,177.34328859989924,175.79702973404218,176.71458780328072,125059300
2016-06-15,176.50221252441406,177.87005209068462,176.31530180377783,176.74858776686733,109124500
2016-06-16,177.02894592285156,177.19887418033667,174.66708833731502,176.50220462302434,149533100
2016-06-17,176.36968994140625,176.95040897544104,175.71210030370545,176.9247897845939,117055700
2016-06-20,177.5054931640625,179.00854191906885,177.4200871876243,178.3338816172478,82789600
2016-06-21,178.00936889648438,178.419288947969,177.44572068124083,177.88980833850454,72461700
2016-06-22,177.71900939941406,178.91461497918837,177.57381662154108,178.18870321431743,95560500
2016-06-23,180.0334014892578,180.08463987775824,178.71823507028353,179.17939359791376,102731400
2016-06-24,173.56851196289062,180.06751041927396,173.12442435540223,173.90157441072643,333444400
2016-06-27,170.4599151611328,172.16793029087916,169.64859754960628,172.1593818753128,230775800
2016-06-28,173.53436279296875,173.55998198159097,171.75802520546267,172.06546850005265,159382400
2016-06-29,176.48924255371094,176.71981526094208,174.83246545427784,174.93494221304724,137328600
2016-06-30,178.89752197265625,178.94876034756433,176.40382115518798,176.95893395597878,165021900
2016-07-01,179.27333068847656,179.7601214298107,178.7353015598706,178.89756514031532,106055300
2016-07-05,177.98374938964844,178.5559329897525,177.3859466008176,178.4449078178541,109803700
2016-07-06,179.05125427246094,179.17081482705453,176.83082908015393,177.48841864598015,96021500
2016-07-07,178.94021606445312,179.89670043150437,178.1716144168044,179.23057552857622,85593800
2016-07-08,181.604736328125,181.85240586419408,180.00774606271716,180.2383317956827,133971000
2016-07-11,182.24522399902344,182.8174205815549,181.86092316970357,182.06588969319793,73633900
2016-07-12,183.56898498535156,183.86789294568297,182.2708894029811,183.21030325162926,101275600
2016-07-13,183.54331970214844,183.99594270707593,183.05654212544937,183.98740732191362,87324100
2016-07-14,184.568115234375,185.03782201269067,184.1752790424176,184.80723631585903,91230900
2016-07-15,184.3204803466797,185.32820316074802,183.87639270145345,185.1317850417746,107155400
2016-07-18,184.81581115722656,184.97807470667493,184.18384076230222,184.4400456808458,58725900
2016-07-19,184.6279754638672,184.66213004718492,184.14973311065802,184.39738967531034,54345700
2016-07-20,185.3965606689453,185.63568182399084,184.62795881788838,184.62795881788838,58159500
2016-07-21,184.6962890625,185.50759394757313,184.2522013132845,185.28555658852846,67777300
2016-07-22,185.52462768554688,185.57586605987336,184.55105947997558,184.81579976807757,62787500
2016-07-25,185.02081298828125,185.37095936736628,184.4400938503004,185.31972097650055,55873100
2016-07-26,185.10618591308594,185.4648676161722,184.26071352151683,184.9183031594039,70080500
2016-07-27,184.90977478027344,185.55028063815573,184.14115993213971,185.48195844957993,84083900
2016-07-28,185.12326049804688,185.41362000068634,184.25216895900456,184.71332740254232,65035700
2016-07-29,185.422119140625,185.78080075573368,184.57665998755502,184.85848404895214,79519400
2016-08-01,185.2684326171875,185.87477078706675,184.81580957844722,185.48193454229607,73311400
2016-08-02,184.0813751220703,185.17450401147684,183.24445116667687,185.02077583861927,92295500
2016-08-03,184.619384765625,184.67917156164796,183.72268707427097,184.02158196101436,53993600
2016-08-04,184.81581115722656,185.13178983912698,182.97115138106105,184.7304051740042,46585500
2016-08-05,186.32737731933594,186.37008030679934,184.81579320588517,184.81579320588517,71892200
2016-08-08,186.2163543701172,186.61773897293264,185.95161410679665,186.51524920275074,39906500
2016-08-09,186.32737731933594,186.82270330544242,186.00286328308303,186.28468736299476,51251700
2016-08-10,185.86627197265625,186.51531326148844,185.51612561911315,186.43845568079632,57941100
2016-08-11,186.7288360595703,186.9765056664866,186.1310330911769,186.39577347495631,72504300
2016-08-12,186.56655883789062,186.78006079832295,186.16517410978778,186.4213660374062,61313500
2016-08-15,187.10452270507812,187.45466894994817,186.92518840578887,186.93372379061915,49813500
2016-08-16,186.1395263671875,186.75439993028866,186.1395263671875,186.68609078081792,53213600
2016-08-17,186.48963928222656,186.62628362850955,185.33673681715914,186.1736606336789,75134300
2016-08-18,186.90811157226562,186.94226614398184,186.35301182180146,186.46402395322087,52989300
2016-08-19,186.63485717773438,186.81420454779516,185.9516613688594,186.43843903423905,75443000
2016-08-22,186.62632751464844,186.85691327433418,186.02852464798647,186.3957417549627,61368800
2016-08-23,187.00209045410156,187.54011954222074,186.94230365269942,187.24121159746008,53399200
2016-08-24,186.04556274414062,186.95080872426826,185.6270943247268,186.8568673660783,71728900
2016-08-25,185.91748046875,186.33594894822622,185.5075604065047,185.66127554317524,69224800
2016-08-26,185.56732177734375,187.13015738473075,184.67915952994585,186.10535078200306,122506300
2016-08-29,186.4811553955078,186.74589574509,185.66130212252284,185.6954697340903,70502200
2016-08-30,186.17367553710938,186.67753694435032,185.6185757536911,186.39571284425205,58114500
2016-08-31,185.6441650390625,185.96014366200822,184.8670150425582,185.8405831264784,85269500
2016-09-01,185.65269470214844,185.94305413218422,184.4912439508847,185.6356109029932,97844200
2016-09-02,186.48963928222656,186.91664309101938,185.9174557421788,186.50672308329246,79293900
2016-09-06,187.05335998535156,187.13021757327397,186.0541722489792,186.77153579850903,56702100
2016-09-07,187.03623962402344,187.2155869919185,186.42990139629998,186.89105986483438,76554900
2016-09-08,186.60919189453125,186.97642193066534,186.3017486440252,186.70313324971704,74102900
2016-09-09,182.1427764892578,185.34530563284395,182.11715729859907,185.29406725152649,221589100
2016-09-12,184.75601196289062,185.15739660107457,181.31436217421583,181.38268434998358,168110900
2016-09-13,182.10009765625,183.73979123159253,181.47667554896182,183.47505087224246,182828800
2016-09-14,182.03172302246094,183.35543746900495,181.4766232696146,182.15128357066425,134185500
2016-09-15,183.85076904296875,184.23506988591947,181.6901306934286,181.8694780367378,134427900
2016-09-16,183.14004516601562,183.41471431890514,182.45339847768398,183.23446105020312,155236400
2016-09-19,183.17445373535156,184.43618779641704,182.84828726877788,183.7924464630959,80250500
2016-09-20,183.1830291748047,184.18726406635741,183.1487020669267,184.0327724354804,69665300
2016-09-21,185.24298095703125,185.4232211655108,183.2001712812714,183.88683120645484,110284400
2016-09-22,186.41030883789062,186.71072668507645,186.00690967008302,186.25581721153242,76678700
2016-09-23,185.38888549804688,186.15279119157253,185.29446959898425,186.01545659349085,73630900
2016-09-26,183.88681030273438,184.73654024001206,183.6893869199581,184.55630005202167,89827300
2016-09-27,185.0283966064453,185.12279941090966,183.35465898167763,183.72374408609076,78494800
2016-09-28,185.94679260253906,186.1012973023667,184.2902381859078,185.2515541956856,87411000
2016-09-29,184.2644500732422,186.14417622049535,183.71512484683936,185.74076407487726,128070600
2016-09-30,185.65496826171875,186.35878517681044,184.84814384672578,185.09705135284455,117202900
2016-10-03,185.2086944580078,185.43185343219332,184.57353155108402,185.2430346675456,83512100
2016-10-04,184.2644500732422,185.54335380051515,183.67221925015588,185.32019492936436,119948100
2016-10-05,185.07992553710938,185.50908641765957,184.8224263893891,184.89109370191122,72816000
2016-10-06,185.2086944580078,185.43185343219332,184.31604546431325,184.8567793434844,62927400
2016-10-07,184.57351684570312,185.65501071178545,183.84395116305785,185.48334896863076,89788300
2016-10-10,185.5347900390625,185.99827791502386,185.38887694668674,185.5347900390625,51855000
2016-10-11,183.1915740966797,185.1743080081347,182.4620085896904,185.10564070801541,130367400
2016-10-12,183.43194580078125,183.95552258886428,182.83111010200201,183.32893828550314,73866100
2016-10-13,182.83111572265625,183.32894392146179,181.28614701244356,182.10155007548934,101357000
2016-10-14,182.9254913330078,184.2730625030485,182.84824553390877,183.80956151455825,93346200
2016-10-17,182.2903594970703,183.1572596642625,182.11010618467034,182.8997605452408,58275700
2016-10-18,183.43194580078125,183.94693098937003,183.05428213764588,183.88685527766236,76869700
2016-10-19,183.92117309570312,184.23016943203046,183.33752062539025,183.6980141682805,66519200
2016-10-20,183.57785034179688,184.13575421091858,182.9169389622136,183.56925874270433,73639800
2016-10-21,183.66363525390625,183.74947264471845,182.6164819513431,183.57781096004106,89089100
2016-10-24,184.4447479248047,184.81383306288816,184.0928328877122,184.53916383483073,60146600
2016-10-25,183.8267059326172,184.5219442212793,183.6636227593367,184.2644451633073,66542300
2016-10-26,183.45767211914062,184.0413245480299,182.76242058903588,183.00276269752138,75705500
2016-10-27,182.96839904785156,184.2129626474341,182.89115325338958,184.17863554887782,77220200
2016-10-28,182.4276885986328,183.62075523934593,181.71529311199853,182.94268685809953,140623200
2016-10-31,182.436279296875,182.9856046590172,182.2731960789508,182.76243263577368,61272500
2016-11-01,181.11447143554688,182.8139579649102,179.90424769711947,182.7624476574243,122781800
2016-11-02,180.02444458007812,181.19176291751896,179.5866920179421,180.80550757517466,103330800
2016-11-03,179.20037841796875,180.45353368737918,178.92572232279193,180.23895329238715,88939300
2016-11-04,179.00299072265625,180.1531386417637,178.85707760727243,179.31198705433658,109122100
2016-11-07,182.9512176513672,182.98555784474982,179.0029467138762,179.0029467138762,109794900
2016-11-08,183.77523803710938,184.34173343556697,182.29034533837805,182.55642293848587,106772100
2016-11-09,185.7236785888672,186.34167134365006,182.25605112070207,182.28179972740537,258429000
2016-11-10,186.18711853027344,187.38018502161611,184.72797444040046,186.51328492689672,172113300
2016-11-11,185.75794982910156,185.99827881735078,184.81380397439327,185.46612364293432,100552700
2016-11-14,185.90383911132812,186.4875045058534,185.15710364326452,186.28150264361872,94580000
2016-11-15,187.35443115234375,187.35443115234375,186.08411889656378,186.2901076912078,91652600
2016-11-16,187.00253295898438,187.2342834707186,186.61629083739328,186.73645534404272,65617700
2016-11-17,187.96380615234375,188.02388183930947,187.0453959773309,187.1569819491966,69797200
2016-11-18,187.5432891845703,188.20420055273274,187.36303586708976,188.0325388341963,86265800
2016-11-21,188.95945739746094,188.985205992581,187.97239299267036,188.11830606399923,72402600
2016-11-22,189.3285675048828,189.50880769460164,188.59898895463746,189.26847871034497,67429000
2016-11-23,189.4315948486328,189.48309205465273,188.61619186043498,188.81360218249452,56620200
2016-11-25,190.13539123535156,190.1697183342997,189.69763886784216,189.77489776013326,37872300
2016-11-28,189.24273681640625,190.10105838971697,189.13974241863227,189.8264022966704,76572500
2016-11-29,189.6117706298828,190.06667989296835,188.97660812248773,189.2770258306888,69886700
2016-11-30,189.1569061279297,190.39289124725988,189.09681733329265,190.2298080583278,113291800
2016-12-01,188.46170043945312,189.45734364976184,188.10119380303743,189.45734364976184,79040500
2016-12-02,188.5561065673828,189.0453562275838,188.1956130215794,188.54752806520293,74840300
2016-12-05,189.68910217285156,190.03242562578706,189.19127399822997,189.38868432882037,67837800
2016-12-06,190.28993225097656,190.32427245579137,189.39728338005267,189.87794147185406,59877400
2016-12-07,192.77902221679688,192.83909791390192,190.0152258232298,190.13539031438717,110738100
2016-12-08,193.25112915039062,193.72320871365824,192.48722334690305,192.7533140803448,99714400
2016-12-09,194.41842651367188,194.43559661331304,193.43994038530235,193.4742805845847,88005800
2016-12-12,194.19529724121094,194.80471145046042,193.77471486598523,194.32404026579505,102016100
2016-12-13,195.49130249023438,195.98913053789093,194.83898285724317,194.85615295459598,110477500
2016-12-14,193.8777313232422,195.894779684129,193.43997882556818,195.19096262236184,142501800
2016-12-15,194.6759033203125,195.53422484677,193.88624908760528,194.11799956689399,124972600
2016-12-16,194.29515075683594,195.19307389517814,193.97570417303768,195.1326309338425,156420200
2016-12-19,194.71823120117188,195.14129244989354,194.32971255495227,194.47648568022888,90341100
2016-12-20,195.46942138671875,195.61620772613185,195.02047282501357,195.25357617177136,89838800
2016-12-21,194.9254608154297,195.51255335726185,194.9254608154297,195.339879855202,67909000
2016-12-22,194.5887451171875,194.8995626941334,194.1915842011451,194.77868992388466,56219100
2016-12-23,194.87367248535156,194.88230155005348,194.44198211565433,194.6319137581081,36697800
2016-12-27,195.3571319580078,195.75427965629947,195.1240155073586,195.1412868081103,42672500
2016-12-28,193.74264526367188,195.63345131390588,193.6304147186624,195.61619318337856,64095000
2016-12-29,193.69943237304688,194.16565207513557,193.25909985948013,193.81166288654242,48696100
2016-12-30,192.99151611328125,194.1139138284906,192.3008088136027,194.02757047572604,108998300
2017-01-03,194.4678192138672,194.97721052258495,193.29362126334982,194.29513258285616,91366500
2017-01-04,195.62478637695312,195.77155950439442,194.78730610485513,194.79593516853652,78744400
2017-01-05,195.46942138671875,195.62483679203703,194.67511257660985,195.35719083336568,78379000
2017-01-06,196.16873168945312,196.63495146380882,195.03769192320487,195.58162597173967,71559900
2017-01-09,195.5211944580078,196.04785719941958,195.48665185331058,195.90971312891796,46939700
2017-01-10,195.5211944580078,196.37593289918138,195.13266261295402,195.53845258621277,63771900
2017-01-11,196.07376098632812,196.07376098632812,194.77004770620948,195.43485452972027,74650000
2017-01-12,195.58160400390625,195.77154878764264,194.22610332812465,195.55570364013695,72113200
2017-01-13,196.03060913085938,196.33278449998426,195.71979152246405,195.75432095711008,62717900
2017-01-17,195.33987426757812,195.79746496331217,194.95135560552103,195.39167499929997,61240800
2017-01-18,195.77154541015625,195.81471707374104,195.03766665164105,195.59022969275696,54793300
2017-01-19,195.04632568359375,195.98740742972183,194.6146353588587,195.84926336401224,66608800
2017-01-20,195.76295471191406,196.25507488562653,195.09814785002,195.72841210461988,129168600
2017-01-23,195.25352478027344,195.8233591595471,194.49375878205151,195.7629293658233,75061600
2017-01-24,196.5054168701172,196.91983584202634,195.35711916695035,195.46934967913188,95555300
2017-01-25,198.206298828125,198.206298828125,197.2911042881558,197.45514871677426,84437700
2017-01-26,197.9990692138672,198.32715804870278,197.72278110576516,198.05949900367568,59970700
2017-01-27,197.688232421875,198.22352411150052,197.50691672182785,198.07675100867226,59711100
2017-01-30,196.46221923828125,197.02341124743103,195.47796607626447,196.99751088849428,79737300
2017-01-31,196.4449920654297,196.50543503261844,195.4003088892889,195.97013008802804,75880800
2017-02-01,196.52272033691406,197.36020071083536,195.93562775576842,196.4450192319056,79117700
2017-02-02,196.6522216796875,196.93713888571978,195.83201266640026,196.52270667286717,69657600
2017-02-03,198.00770568847656,198.189021412973,197.24793971104177,197.55875725721955,80563200
2017-02-06,197.65367126464844,197.9990313337034,197.31695343115706,197.6018705478251,57790100
2017-02-07,197.66236877441406,198.2840038984072,197.47242397685267,198.0422583695369,57931200
2017-02-08,197.92137145996094,198.05087327897783,197.11842065962912,197.66235464778478,51566200
2017-02-09,199.0956268310547,199.3978022203506,197.92142836252987,197.92142836252987,65955200
2017-02-10,199.88121032714844,200.10569768356132,199.11280222635648,199.44089102471955,66015900
2017-02-13,200.9691162109375,201.22813303898968,200.34748109326944,200.37338145866036,55182100
2017-02-14,201.77206420898438,201.7807064473189,200.44246374570403,200.78781075134617,71109000
2017-02-15,202.82537841796875,203.0153232127471,201.50440709237412,201.55620782292402,86785800
2017-02-16,202.65267944335938,203.03256898514903,201.90154259654713,202.85125327687982,84722400
2017-02-17,202.97218322753906,202.97218322753906,201.97065836677095,201.9879296710311,77204100
2017-02-21,204.18089294433594,204.35356643805537,203.33477042906745,203.34341266694642,88946100
2017-02-22,203.99961853027344,204.22409280015881,203.6110997971794,203.7751442603881,62115200
2017-02-23,204.13772583007812,204.53487355707574,203.3779466317962,204.5176154292191,74615900
2017-02-24,204.39674377441406,204.43990226843368,203.2484459068218,203.29161757498488,82381600
2017-02-27,204.71615600585938,204.88882947535308,204.0599915521268,204.31036610677148,56515400
2017-02-28,204.1636505126953,204.57806959105193,203.7751318033519,204.33632403083183,96961900
2017-03-01,207.02142333984375,207.48765629569718,205.80405339018023,205.82132469295286,149158200
2017-03-02,205.71768188476562,206.84007920484513,205.66588116100127,206.8314369681235,70246000
2017-03-03,205.84718322753906,206.0112276351819,205.25144855731665,205.63133809624927,81974300
2017-03-06,205.23423767089844,205.58821375534086,204.62986062486473,205.05292192225946,55391500
2017-03-07,204.6212158203125,205.28602261532427,204.41399971982818,204.9320333839673,65103700
2017-03-08,204.24136352539062,205.17381638665637,204.10321943317072,204.9147995072805,78168800
2017-03-09,204.5003204345703,204.82840926384335,203.5333384208922,204.3621763828615,90683900
2017-03-10,205.21693420410156,205.50185137922537,204.2672102870221,205.45867971496864,81991700
2017-03-13,205.320556640625,205.36372830929346,204.82843650540687,205.1565122041711,57256800
2017-03-14,204.53485107421875,204.82841047937762,203.9218582491036,204.7765965790729,59880800
2017-03-15,206.3048095703125,206.72787084357762,204.87159448861624,205.10471095952914,96081800
2017-03-16,205.89901733398438,206.52065246681713,205.57094163964848,206.4429513687489,78344000
2017-03-17,205.5373992919922,206.35250986082218,205.5373992919922,206.1617387391192,89002100
2017-03-20,205.3119354248047,205.82354284060926,204.921726603114,205.53738617631493,52537000
2017-03-21,202.67587280273438,206.04036769204072,202.54580758029502,205.91896907394496,131809300
2017-03-22,203.15280151367188,203.43895823568278,202.08622699087275,202.71056652408615,97569200
2017-03-23,202.93597412109375,204.07192093148615,202.56311174028892,203.15275826754893,100410300
2017-03-24,202.78863525390625,203.8118504412267,202.00821733921975,203.23955014513749,112504900
2017-03-27,202.58045959472656,202.8406032355756,200.8375196945119,201.11499654168372,87454500
2017-03-28,204.0546112060547,204.4794997138661,202.1642463510937,202.27697835428734,93483900
2017-03-29,204.245361328125,204.47949192913052,203.54298275656367,203.76844675436723,61950400
2017-03-30,204.895751953125,205.09520294698962,204.01128192951654,204.1847066460207,56737900
2017-03-31,204.41879272460938,205.08647839915892,204.36675341269142,204.55752452869268,73733100
2017-04-03,204.06326293945312,204.67025592884897,202.8319305234059,204.47081821050207,85546500
2017-04-04,204.19332885742188,204.28004781254936,203.39556474977752,203.77710698201065,56466200
2017-04-05,203.58636474609375,205.84959218884566,203.37824716313773,204.86972342901407,108800600
2017-04-06,204.1586456298828,204.6789196571488,203.28282918541828,203.72507732476717,69135800
2017-04-07,203.95057678222656,204.64428888235662,203.46498228157287,203.90721729507013,74412300
2017-04-10,204.0718994140625,204.86966340112645,203.54294562322684,204.0892458487571,67615300
2017-04-11,203.82913208007812,203.93318424056568,202.3376560329672,203.69038704512482,88045300
2017-04-12,202.93597412109375,203.74241802626318,202.71052337210392,203.5516469188663,81864400
2017-04-13,201.61795043945312,203.33489064134773,201.61795043945312,202.59781914979595,92880400
2017-04-17,203.40428161621094,203.40428161621094,201.93881833535443,202.1382560907117,68405400
2017-04-18,202.7972412109375,203.3348749236641,202.11220908904167,202.66717600787345,83225800
2017-04-19,202.42437744140625,203.73374899208096,202.19891344901046,203.36088659151088,68699900
2017-04-20,204.0718994140625,204.51414749433096,202.71916859984742,203.0400048687066,92572200
2017-04-21,203.42160034179688,204.0459398398568,203.0227248594819,203.99391375359454,110389800
2017-04-24,205.6587677001953,205.86688522916808,203.3955408444979,205.66743430210752,119209900
2017-04-25,206.85548400878906,207.2023334323872,206.2137980205294,206.3005169921576,76698300
2017-04-26,206.7253875732422,207.70525629530476,206.68204132265512,206.82077314115497,84702500
2017-04-27,206.89881896972656,207.20230887153625,206.3611852259836,207.0462306188551,57410300
2017-04-28,206.4479217529297,207.18498006128496,206.3178432998386,207.15896701695812,63532800
2017-05-01,206.96815490722656,207.3930565995621,206.55193304892,206.96815490722656,66882500
2017-05-02,207.04624938964844,207.22834070095143,206.63869405097995,207.10694208293043,57375700
2017-05-03,206.79473876953125,207.14160135864626,206.11837326007554,207.04621580057147,73137700
2017-05-04,207.0375518798828,207.1762969261933,206.1877616262789,207.0982577994396,61462700
2017-05-05,207.85267639160156,207.8700228314147,206.96819320152605,207.4104414122922,62001300
2017-05-08,207.81802368164062,208.04347450260826,207.39312185561013,207.89606282373038,48385700
2017-05-09,207.6272430419922,208.2775956593231,207.2803803738743,208.07815789481648,51363200
2017-05-10,208.0000762939453,208.0000762939453,207.37573681053132,207.58385438215467,54293800
2017-05-11,207.5751953125,207.73995340874978,206.49127439660043,207.54918226903493,62358300
2017-05-12,207.2283477783203,207.61855669018183,206.95953748862587,207.3237333551271,53912700
2017-05-15,208.3729705810547,208.49436920082206,207.6358990265303,207.6532454669134,61918900
2017-05-16,208.1821746826172,208.6937821457131,207.79196582485682,208.66776910395944,51241800
2017-05-17,204.48817443847656,208.18217186348366,204.42746852090303,208.18217186348366,172174100
2017-05-18,205.3119354248047,206.1617255836018,204.14996233090974,204.41010595585502,107047700
2017-05-19,206.64730834960938,207.31500719544832,205.7454921627825,205.79751823855761,115011400
2017-05-22,207.69659423828125,207.8613523347789,207.08960117075563,207.15896046579584,61010600
2017-05-23,208.1561737060547,208.32093180101464,207.68791246443632,208.06945474087902,48341700
2017-05-24,208.6417694091797,208.7458215828506,208.0521095516462,208.39030557898954,46927700
2017-05-25,209.63894653320312,209.91643660540873,208.94524781559892,209.15335213829823,64071700
2017-05-26,209.59561157226562,209.76035642612135,209.37014756859512,209.44818669380922,46629900
2017-05-30,209.41351318359375,209.66497700491354,209.11868988095512,209.2747681359558,35201900
2017-05-31,209.36148071289062,209.74302296652962,208.6677687273157,209.7083300899503,91796000
2017-06-01,211.0264129638672,211.04375940473994,209.53493660379107,209.82109333663263,68962000
2017-06-02,211.728759765625,211.88485124705335,210.78358396801957,211.0784072611607,88666100
2017-06-05,211.5727081298828,211.8415184151761,211.373257143443,211.55536168944082,44698800
2017-06-06,210.89630126953125,211.56398693426056,210.81824891852972,211.00902003172516,50375400
2017-06-07,211.2864990234375,211.51194976746223,210.56677408528236,211.2344729464667,54144300
2017-06-08,211.39056396484375,211.86749175168293,210.8616100978866,211.3818973619757,65950700
2017-06-09,211.0697784423828,212.45718942806715,209.80375285188111,211.6594251342206,132256400
2017-06-12,211.0264129638672,211.07843905502793,210.17662260150766,210.82697520393188,86108100
2017-06-13,212.0583038330078,212.11032992317647,211.21718009139528,211.5640295134911,60067000
2017-06-14,211.78945922851562,212.33574631822515,210.96566882947198,212.3270797150871,78602300
2017-06-15,211.38189697265625,211.5032955698595,210.15923116631717,210.4367080035868,66464900
2017-06-16,211.42808532714844,211.59364686891837,210.54801112129442,211.54136707593415,84553100
2017-06-19,213.1882781982422,213.24926686697899,212.16006003399033,212.2559107671326,65123800
2017-06-20,211.75050354003906,212.83971030275762,211.73308580494188,212.83100143520903,56906400
2017-06-21,211.69825744628906,212.25593086574634,211.22772590011513,212.14266238565773,55977600
2017-06-22,211.6023712158203,212.20361547108342,211.428100794464,211.7069441054188,44148100
2017-06-23,211.85508728027344,212.18619711182996,211.27998288906974,211.66338581653886,66986800
2017-06-26,211.99449157714844,212.9442900095876,211.7853723814404,212.5260250262087,56700500
2017-06-27,210.28663635253906,212.07293827520004,210.26920531977657,211.77666390216672,82247700
2017-06-28,212.16876220703125,212.3691725225431,211.0708333133998,211.30610569003233,70042600
2017-06-29,210.30404663085938,212.36917839400562,209.09284924505067,212.31689859685977,106949700
2017-06-30,210.6961669921875,211.48911273716445,210.50446553085283,211.11441868238066,86820700
2017-07-03,211.0534210205078,212.07291695089415,211.0534210205078,211.63723424751635,39153800
2017-07-05,211.54136657714844,211.7504857485922,210.60899928452872,211.41937596181293,54427600
2017-07-06,209.6069793701172,210.89659662222502,209.42398675992098,210.77460598075513,65400800
2017-07-07,210.96629333496094,211.11442386854364,209.6156742045538,210.18206973458612,57972300
2017-07-10,211.19277954101562,211.56747349140616,210.66124623649262,210.96622937527616,36663300
2017-07-11,211.0360107421875,211.34970285130638,209.86838417334928,211.1928501487558,50354600
2017-07-12,212.6218719482422,212.78743350586683,212.00320994404407,212.00320994404407,59610400
2017-07-13,212.97914123535156,213.092422998322,212.40403684855306,212.63060037449395,39471600
2017-07-14,213.9724884033203,214.3297514132089,212.88328163852415,212.97913236566546,60262700
2017-07-17,213.94635009765625,214.2774732113337,213.77207967318748,213.89407029991375,33531900
2017-07-18,214.05958557128906,214.11186535772728,213.19692920712373,213.5367611149504,42742500
2017-07-19,215.21856689453125,215.22727576286687,214.36461914228397,214.37334130660176,51034300
2017-07-20,215.31443786621094,215.5932679349596,214.7654733018842,215.47127728688517,47135200
2017-07-21,215.1226806640625,215.14882056073847,214.51271428567716,214.739277784842,82340800
2017-07-24,215.0703887939453,215.20979713639554,214.59984408824064,215.04423560275796,46622300
2017-07-25,215.59324645996094,215.9243695986017,215.3666962206701,215.8197966992518,54915600
2017-07-26,215.60191345214844,215.9156054973058,215.34051449450024,215.8807567349459,47575400
2017-07-27,215.40151977539062,216.09861474020028,214.0770406718503,216.06376597515103,70766600
2017-07-28,215.1488037109375,215.27950318408122,214.46913985863216,214.9222402295164,50088400
2017-07-31,215.02687072753906,215.64553279418223,214.8177382184862,215.54968205619747,65838700
2017-08-01,215.50611877441406,215.66295818011,214.98329416346337,215.62810941083828,55050400
2017-08-02,215.6106414794922,215.7500631246833,214.67827418525408,215.636781375968,47211200
2017-08-03,215.19239807128906,215.52350787130842,214.91355477024075,215.4973679738327,40856000
2017-08-04,215.58453369140625,215.91564352807455,215.20113075801802,215.6803844247533,60191800
2017-08-07,215.98533630371094,215.98533630371094,215.54965360600968,215.6542264947249,31995000
2017-08-08,215.45376586914062,216.8915265021588,215.0790851955525,215.67160718056957,61719400
2017-08-09,215.44508361816406,215.4973634120088,214.4081567203093,214.76541970622196,62632600
2017-08-10,212.40403747558594,214.73930379736694,212.3517576759011,214.60859100217328,120479500
2017-08-11,212.71774291992188,213.31027837749468,212.39534193764374,212.63061434697283,74869900
2017-08-14,214.826416015625,215.0442573617208,213.96377279451312,213.99862155965698,73291900
2017-08-15,214.80026245117188,215.22723624890662,214.4952925636297,215.20980521945344,55242700
2017-08-16,215.17495727539062,215.72392168942733,214.74798347603098,215.32308778635706,56715500
2017-08-17,211.82020568847656,214.87870666228795,211.82020568847656,214.56501459564012,128490400
2017-08-18,211.48910522460938,212.7787223128841,211.04470035458272,211.65465348444366,136748000
2017-08-21,211.65469360351562,211.9161059361441,210.72233934885384,211.4281433397622,65469700
2017-08-22,213.86793518066406,214.02477457739676,212.22105503506384,212.2384860666946,63140100
2017-08-23,213.1011199951172,213.52809382746688,212.75257915367558,212.9007096760873,50203800
2017-08-24,212.60446166992188,213.64137539039606,212.39532917464268,213.4845359909229,50741700
2017-08-25,213.1011199951172,214.01605632387748,212.95298947270547,213.39738103994065,64445900
2017-08-28,213.10986328125,213.65881449613164,212.6915982748861,213.63267459523166,40565600
2017-08-29,213.3538360595703,213.61523505816322,211.68080269268597,211.79408445606398,51135700
2017-08-30,214.36456298828125,214.6346973877078,213.15336580780374,213.33635836277287,62030800
2017-08-31,215.65415954589844,215.89814071718988,214.39939163869872,214.9832046768587,103803900
2017-09-01,215.95924377441406,216.3862176983676,215.81111322022213,216.02895461685446,62007000
2017-09-05,214.40814208984375,215.68034126916962,213.44092608177485,215.45377778332872,91398800
2017-09-06,215.14010620117188,215.4712292990506,214.55629299426707,215.08782640592375,57916900
2017-09-07,215.11398315429688,215.4625373098888,214.7044403314648,215.44510627811383,58034700
2017-09-08,214.86129760742188,215.32312023944576,214.61731634129535,214.82643554312847,63832800
2017-09-11,217.15298461914062,217.2314043167902,216.1160576302813,216.13347536577143,71364800
2017-09-12,217.8849334716797,217.91978223945418,217.33596898336484,217.51896157813033,56896000
2017-09-13,217.98948669433594,218.02434875707223,217.48409315250922,217.59737491243038,59228000
2017-09-14,217.9197540283203,218.1201776290177,217.492793522443,217.66706393071823,95446300
2017-09-15,218.21311950683594,218.30068046006895,217.67019616611202,217.7752746547774,95432400
2017-09-18,218.67727661132812,219.027547216473,218.2919709284885,218.5809501906182,46235200
2017-09-19,218.89617919921875,218.98375352353474,218.57217825078814,218.92244882412038,47108100
2017-09-20,218.97499084472656,219.08883479538468,217.97670499993538,218.9837562944486,59574100
2017-09-21,218.3883056640625,218.90495950301064,218.21317035482198,218.81739852937417,48211400
2017-09-22,218.4320526123047,218.59843580213592,218.06426452202962,218.09053414548032,51214000
2017-09-25,217.98545837402344,218.528395143318,217.24113005139031,218.17811120152052,57064400
2017-09-26,218.11679077148438,218.6597141064001,217.88035081255217,218.41452206082755,54082000
2017-09-27,218.96624755859375,219.35155322680205,217.93292659731088,218.81738188896173,81001400
2017-09-28,219.22894287109375,219.30775174481863,218.59844515736341,218.6860061186247,44778800
2017-09-29,219.9995574951172,220.07837973679105,219.0363066763297,219.22019406231306,85578000
2017-10-02,220.95404052734375,220.95404052734375,220.05206780655772,220.2272164432711,59023000
2017-10-03,221.42689514160156,221.4531647632962,220.87520636208524,220.95402858913346,66810200
2017-10-04,221.6896209716797,221.9348130334467,221.16420177534167,221.2780457190068,55953600
2017-10-05,223.003173828125,223.02067800399251,221.7246608055824,222.02239213892577,63522800
2017-10-06,222.74916076660156,223.03813993997068,222.29381179216807,222.55650798435548,80646000
2017-10-09,222.3813934326172,223.038160698137,222.1186838540164,222.9768693682432,35803100
2017-10-10,222.9681396484375,223.34469322256305,222.4076986932,222.95063547249964,43057400
2017-10-11,223.31838989257812,223.31838989257812,222.70540977810776,222.87177959620632,47674300
2017-10-12,222.9856414794922,223.3534295777759,222.74920150132218,223.0031590161625,47065100
2017-10-13,223.25706481933594,223.53729191006335,222.9856031764207,223.42344798420993,54800400
2017-10-16,223.55484008789062,223.7474929101981,223.14327818056006,223.48479666338406,38221700
2017-10-17,223.7124786376953,223.75626580094243,223.28338581701962,223.50230827128894,31561000
2017-10-18,223.931396484375,224.13280139680816,223.7387436596247,224.089014234462,40888300
2017-10-19,223.99266052246094,224.02769559285423,222.73167858955216,223.15200590052174,61903800
2017-10-20,225.14859008789062,225.17488643668273,223.97518233287232,224.78958078944234,89176400
2017-10-23,224.2728729248047,225.4988598658279,224.19406405984094,225.47259024417332,63915300
2017-10-24,224.66697692871094,224.90340355828232,224.30794089748093,224.7020120040323,66935900
2017-10-25,223.55484008789062,224.44804741295565,222.425206140693,224.3342034646924,103715300
2017-10-26,223.8438262939453,224.43928895455974,223.72123025429138,224.1678406117184,69798000
2017-10-27,225.6740264892578,225.8316709743532,223.85260333776702,224.58817961378833,85562500
2017-10-30,224.83335876464844,225.57770044809095,224.53562743605787,224.5881666867543,54285700
2017-10-31,225.18357849121094,225.43753596151453,224.88584722985638,225.20984811062675,60304800
2017-11-01,225.48129272460938,226.3044430360434,225.11351808056176,225.96293800942775,54202700
2017-11-02,225.56898498535156,225.70909859290256,224.34302432420296,225.4113671983335,56449500
2017-11-03,226.32199096679688,226.3657647578372,225.31492653360755,225.72650172030612,59589700
2017-11-06,226.6723175048828,226.80366563440188,226.12062863696988,226.1906720647358,49652600
2017-11-07,226.51467895507812,227.1101415701888,226.00676393565465,226.77737519000038,57502200
2017-11-08,226.8999481201172,226.9962878847408,226.05929348051524,226.33952060169227,50469600
2017-11-09,226.0768585205078,226.26951135492058,224.49183531869664,225.69155285168225,95085500
2017-11-10,226.00677490234375,226.18192355007767,225.37627718400591,225.69153940514062,59984700
2017-11-13,226.2169189453125,226.44460682954087,225.28868995813082,225.3237250304575,50228600
2017-11-14,225.69154357910156,225.7966220801126,224.6319396713987,225.41131642711738,61315200
2017-11-15,224.56187438964844,225.24491130367502,223.85256785292583,224.7194921258247,80811500
2017-11-16,226.47091674804688,226.83871826309365,225.46387871189867,225.507652517148,67777000
2017-11-17,225.8053436279297,226.44460675902482,225.72653475816674,226.12060583091156,75756800
2017-11-20,226.19065856933594,226.3833113891138,225.80535292978027,226.0505717221622,48075500
2017-11-21,227.6705780029297,227.8544920984872,226.15565178250472,226.9612714170117,69176800
2017-11-22,227.46917724609375,227.8106823510006,227.3027940562393,227.67933423372872,45033400
2017-11-24,227.99459838867188,228.0997036196381,227.81947645159548,227.95959003561677,27856500
2017-11-27,227.88075256347656,228.33610161146362,227.67933430098003,228.03837030424936,52274900
2017-11-28,230.1925048828125,230.21877450003032,228.2484730369233,228.3448127826712,98971700
2017-11-29,230.05242919921875,230.8580754663208,229.6058456330416,230.32389086310647,77512100
2017-11-30,232.06646728515625,232.97716506247153,230.89304664121778,230.97185548402845,127894400
2017-12-01,231.58485412597656,232.32919559859695,228.34481878034154,231.84757702897915,164390900
2017-12-04,231.30465698242188,233.6339677329992,231.25209102195302,233.20488839324943,94040600
2017-12-05,230.4727783203125,232.18912267969407,230.34143020779618,230.4727783203125,77994500
2017-12-06,230.51654052734375,230.94564663856292,230.05242607049982,230.56907976970888,75898600
2017-12-07,231.24343872070312,231.55867425777868,230.25390485610214,231.24343872070312,77218600
2017-12-08,232.50437927246094,232.51311799713196,231.2083489043539,232.19788253468707,76563900
2017-12-11,233.2049102783203,233.26621496801627,232.47809962197297,233.2049102783203,83077500
2017-12-12,233.6165008544922,234.08938078279797,233.23996069117888,233.99304101780547,85195800
2017-12-13,233.5902557373047,234.29956234221004,233.50268141192322,233.86171743923478,102905400
2017-12-14,232.63577270507812,234.00184675634205,232.58323345110134,233.8880027980811,100666700
2017-12-15,234.57305908203125,235.03954600715178,233.58727741842074,233.64008523179018,144610300
2017-12-18,236.0604705810547,236.41253151743066,235.86683303696876,235.9724486318288,83653600
2017-12-19,235.1538543701172,236.35086668899152,235.08342608046436,236.30686915335028,82382900
2017-12-20,235.03065490722656,236.17485961736992,234.73140178088948,236.12205182216493,76751500
2017-12-21,235.5147705078125,236.22772957066448,235.2683251398561,235.65560026957766,67032300
2017-12-22,235.45318603515625,235.56761189864133,234.91627087431047,235.53239774206176,78720900
2017-12-26,235.17152404785156,235.39156551824624,234.90748502759038,235.04828793137565,45244400
2017-12-27,235.28591918945312,235.64679037704607,235.01306995063143,235.33872698661037,57751000
2017-12-28,235.77003479003906,235.8140592012562,235.4003801547917,235.78765529873854,45116100
2017-12-29,234.88104248046875,236.36852489454853,234.6874317823452,236.35093124759084,96007400
2018-01-02,236.56219482421875,236.5974089834825,235.356371759636,235.74364692993703,86655700
2018-01-03,238.05836486816406,238.2080048224267,236.72930636216614,236.72930636216614,90070400
2018-01-04,239.0618133544922,239.54592064726094,238.12005638885017,238.700969023856,80636400
2018-01-05,240.65493774414062,240.7781469850254,239.36109298194796,239.85398366654252,83524000
2018-01-08,241.09498596191406,241.25340933192524,240.26762810449048,240.55807094951098,57319200
2018-01-09,241.6407470703125,242.26565732120056,241.23585142785015,241.517510954642,57254000
2018-01-10,241.2710418701172,241.53510772322946,240.21485903925273,240.88376677397508,69574300
2018-01-11,243.0314178466797,243.0314178466797,241.65836111335076,241.82559479271433,62361500
2018-01-12,244.61575317382812,244.7829600066717,242.99622405262795,243.2955041380164,90816100
2018-01-16,243.77947998046875,246.525592497555,243.08414159937195,245.8742785150605,106555100
2018-01-17,246.10311889648438,246.4903939539756,243.7794954120626,244.7124689067845,113258800
2018-01-18,245.68951416015625,246.41122976047913,245.19659656063544,245.98876733307662,100728000
2018-01-19,246.8072967529297,246.8072967529297,245.6894958496924,246.27038164407927,140920100
2018-01-22,248.81402587890625,248.81402587890625,246.54318349531874,246.59601814517936,91322400
2018-01-23,249.34222412109375,249.63266707134613,248.53245961344015,248.85811672329496,97084700
2018-01-24,249.24530029296875,250.5831692608211,248.0658815548257,249.98463620969167,134816100
2018-01-25,249.35104370117188,250.2048058868254,248.55889958863114,250.1080005095375,84587300
2018-01-26,252.2379150390625,252.2819394474555,249.93188483201155,250.18714044699553,107743100
2018-01-29,250.5655975341797,252.10588770899435,250.40717413415427,251.66580480190444,90118300
2018-01-30,247.99551391601562,250.61839069835986,247.52021688316722,248.7348499334868,131796400
2018-01-31,248.11875915527344,249.35098602984448,247.04495569446198,248.84931188627255,108364800
2018-02-01,247.83709716796875,249.139752342768,247.04495324648897,247.38823083343112,90102500
2018-02-02,242.44163513183594,246.6488257966521,242.4064209854564,246.5167794628597,173174800
2018-02-05,232.3021240234375,242.79371086272545,231.75642559353702,240.68131857966466,294681800
2018-02-06,236.8790740966797,237.38077515096407,227.6989493872479,228.79034660524135,355026800
2018-02-07,235.59396362304688,239.72191602483426,235.5147250731593,236.32448933195957,167376100
2018-02-08,226.7571258544922,236.03408117347925,226.72191170053435,235.89325141817721,246449500
2018-02-09,230.16339111328125,232.02052833590065,222.6115658085252,229.54726421694855,283565300
2018-02-12,233.54318237304688,235.0130710287403,230.30417878341456,232.21412346392802,143736000
2018-02-13,234.12413024902344,234.66982881131727,231.7564818205949,232.33739453996532,81223600
2018-02-14,237.2838897705078,237.64476096412412,232.62780526622583,232.63661551940828,120735700
2018-02-15,240.3116912841797,240.32050153842815,236.56217600658562,239.02665660887322,111200300
2018-02-16,240.38206481933594,242.32725054515024,239.64272878267326,239.68675318827144,160420100
2018-02-20,238.87701416015625,240.87500789598906,238.08487024125643,239.43152296154543,86369700
2018-02-21,237.68875122070312,241.7991371121962,237.59194588077656,239.31706323837452,98883700
2018-02-22,237.99679565429688,240.32922934550533,237.32788799940926,238.61292237749535,110511300
2018-02-23,241.79034423828125,241.79034423828125,238.74497803025363,239.22027509271825,92766400
2018-02-26,244.59817504882812,244.6950072957127,242.27455031061888,242.86424660690295,86491400
2018-02-27,241.54393005371094,245.49589334997782,241.48231199199887,244.78293423401286,99099200
2018-02-28,239.0970458984375,243.09300634693332,238.78019908798586,242.64411317159698,121907800
2018-03-01,235.620361328125,240.4348686322584,234.12406894031162,238.88576845292454,176855100
2018-03-02,236.83502197265625,237.398341026059,233.0855336080012,233.94807897529424,139083200
2018-03-05,239.5723419189453,240.18846875059273,235.541167333542,235.64680979709024,97307400
2018-03-06,240.1796112060547,240.62850429102699,238.68331882982997,240.54926574383524,79213200
2018-03-07,240.09156799316406,240.44362885622,237.82075259500968,238.01439009876876,87063500
2018-03-08,241.25343322753906,241.37664246291007,239.7747612399278,240.76932595718998,66901200
2018-03-09,245.45188903808594,245.45188903808597,242.3449041209153,242.66177784957557,113625300
2018-03-12,245.14381408691406,246.3672576672523,244.75653891475906,245.7423473551295,71924800
2018-03-13,243.55947875976562,246.80729267739554,242.9521622151338,246.30559172999912,91968900
2018-03-14,242.30963134765625,244.70368337191348,241.75514946256,244.5188560768814,105895100
2018-03-15,242.0456085205078,243.4626626446098,241.54390753995625,242.82015876545825,83433000
2018-03-16,242.30809020996094,243.3596846887556,242.25507090582929,242.57318673061928,100343700
2018-03-19,239.0296173095703,242.4848530401909,237.3771191271245,241.55698809363383,109208400
2018-03-20,239.4360809326172,240.07233951458812,238.75562162094462,239.42723539305518,59757300
2018-03-21,238.9765167236328,241.4861955710921,238.76443954354212,239.39185251338063,78709600
2018-03-22,233.00283813476562,237.59801555422393,232.72886909023754,236.74967967138895,148785900
2018-03-23,228.0364532470703,233.77162621271538,227.8420401470805,233.4446648554846,183534800
2018-03-26,234.27528381347656,234.55807137654898,229.23826181576712,231.64190216567016,141956100
2018-03-27,230.28985595703125,235.74221375579822,228.73455132957181,235.21202078562462,129941400
2018-03-28,229.60939025878906,232.09258645062064,228.50477665506375,230.42239773709733,146452300
2018-03-29,232.54327392578125,234.40787590041907,229.61825896543695,230.74938233105553,111601600
2018-04-02,227.52392578125,232.52562014188928,225.0495882525477,232.0130642531419,186286300
2018-04-03,230.44007873535156,230.9172793982048,226.96717978305338,228.76107132825462,119956900
2018-04-04,232.90560913085938,233.6125511780007,226.7551270227763,226.8876752856015,123715300
2018-04-05,234.74366760253906,235.6273585175287,233.57718912240716,234.66411168825624,82652600
2018-04-06,229.51220703125,234.2752870709953,227.99225756873417,232.78187422548618,179521200
2018-04-09,230.64332580566406,234.03669563881604,229.7066156054344,230.97028712505096,105442900
2018-04-10,234.31057739257812,235.09707503905614,232.3929837274271,233.53292528265357,103529000
2018-04-11,233.0823211669922,234.74366437925775,232.7553598478326,232.82604325409434,91140200
2018-04-12,234.9999237060547,235.94547947818188,234.2311169080454,234.4078658821633,68890500
2018-04-13,234.31057739257812,236.42261105330957,233.30318404515714,236.30772695051172,85079200
2018-04-16,236.237060546875,237.0058942313891,235.1236284260523,235.94545443544874,63405300
2018-04-17,238.76446533203125,239.36536871926083,237.4919481778344,238.00447707444593,64682000
2018-04-18,238.94129943847656,239.7454347756898,238.4817627107915,239.20639603666578,57303900
2018-04-19,237.61566162109375,238.49050699178184,236.5817313909208,238.28724837406062,77655900
2018-04-20,235.6008758544922,237.76592987926776,234.71718473713278,237.54500709992791,99953100
2018-04-23,235.56549072265625,236.7319691881383,234.4873867411846,236.17523960378978,65558000
2018-04-24,232.39309692382812,236.8115524568593,230.89081125535256,236.59062968020774,112885500
2018-04-25,232.96743774414062,233.40928319691392,230.5107781054454,232.33117921342284,103840900
2018-04-26,235.3357391357422,236.16641080171698,233.5506930918964,233.99253857515498,67731900
2018-04-27,235.55667114257812,236.24594904484874,234.6199608386747,235.94549734058813,57053600
2018-04-30,233.74508666992188,236.7319662022988,233.67437629636294,236.17523662497214,82182300
2018-05-01,234.1604766845703,234.2665153013545,231.62426058195896,233.17956554309248,74203400
2018-05-02,232.58750915527344,234.7790458316721,232.19868291240678,233.96606511885076,86368900
2018-05-03,232.07489013671875,232.72881274557488,228.92010728332005,231.75677437071465,136311500
2018-05-04,235.07948303222656,235.7599423992167,230.7759119405855,231.10287331365893,91222100
2018-05-07,235.87478637695312,236.84682479033765,235.1589719388645,235.84827672873547,55304900
2018-05-08,235.87478637695312,236.23707591322565,234.31063622779368,235.5036243338,67499200
2018-05-09,238.15463256835938,238.48159379724947,236.02493484428496,236.54630909685275,59666100
2018-05-10,240.38165283203125,240.70864120519346,238.79101957629078,238.8970581975917,72063900
2018-05-11,241.11509704589844,241.38019356118602,239.9927922055923,240.50534809262754,59871500
2018-05-14,241.22998046875,242.20201900063026,240.6820693919491,241.54809628614152,54790600
2018-05-15,239.56858825683594,240.01925223966236,238.6230326009291,240.00158813166456,87036100
2018-05-16,240.57598876953125,241.0355252718733,239.57741379249362,239.6039504074176,53942600
2018-05-17,240.37277221679688,241.4508762019442,239.59511990382418,240.31090738096805,56536400
2018-05-18,239.7718963623047,240.39049092487784,239.4184253128825,240.02817433458355,64368000
2018-05-21,241.57456970214844,242.1136351582383,240.86762779080024,241.25645393247333,58025900
2018-05-22,240.9029998779297,242.35226611864655,240.57603851018774,242.09598816766902,52966400
2018-05-23,241.565673828125,241.5922104381737,239.47133120985015,239.63041602964418,64694200
2018-05-24,241.07083129882812,241.44199328823933,239.28578565172222,241.16805130695334,76043800
2018-05-25,240.49655151367188,241.12396470632257,239.9928410639693,240.49655151367188,56374800
2018-05-29,237.73056030273438,239.63051766461524,236.61712790053178,238.87052932624067,115908600
2018-05-30,240.9029998779297,241.34484539501017,238.9677413237785,239.03842474054292,69678400
2018-05-31,239.42724609375,240.7969563816566,238.82634267506256,240.49650467231288,93519900
2018-06-01,241.7777862548828,242.07823786334828,240.6554817815053,240.7261921412034,71258400
2018-06-04,242.92665100097656,243.1829289425689,242.36110278324185,242.59968964520834,45385200
2018-06-05,243.1033935546875,243.4833742030585,242.290385988581,243.05919282490183,51135000
2018-06-06,245.1359100341797,245.24194865313652,243.09458571492277,243.71318028298782,62732200
2018-06-07,245.10931396484375,245.91347583257166,244.19911351554344,245.62186973324768,72969400
2018-06-08,245.8340301513672,245.88704946010907,244.4819838422248,244.64988730927814,72139700
2018-06-11,246.16082763671875,246.8766147962344,245.9399050080264,246.0547890898415,58892500
2018-06-12,246.4790802001953,246.84136974094577,245.83397612811763,246.57627325549268,72329000
2018-06-13,245.6925811767578,246.9739437759287,245.48932256014058,246.71766586247327,79070600
2018-06-14,246.3112030029297,246.84139603030306,245.7191181648838,246.55863540507366,77097600
2018-06-15,245.99693298339844,246.3342477239301,244.41690111133036,245.526474816131,120041600
2018-06-18,245.49095153808594,245.61523679111465,244.06183366346013,244.54114998148327,52917600
2018-06-19,244.55007934570312,244.77199411824915,242.80138985447235,243.21859071042707,97531500
2018-06-20,244.96725463867188,245.63299888683773,244.62993988532875,245.2335415022571,53785500
2018-06-21,243.4315948486328,244.97613992521215,242.9345079770817,244.95836940816923,71061400
2018-06-22,243.8754425048828,244.80750077533844,243.65352773894645,244.69210076277875,54898500
2018-06-25,240.55569458007812,242.88135784654102,238.86914715769174,242.72158565782559,137854200
2018-06-26,241.08815002441406,241.9402949387843,240.36914852022696,241.12366396352903,68547400
2018-06-27,239.0909423828125,243.10315106426856,238.94002844283239,241.67403316486272,105110700
2018-06-28,240.4580078125,241.22138170301798,238.32760411321343,239.03774770937838,76650500
2018-06-29,240.8041229248047,242.91675559562933,240.68872292509045,241.54975320464837,97592500
2018-07-02,241.31898498535156,241.47878420787828,238.99332252521182,239.23300781439923,63554800
2018-07-03,240.46681213378906,242.31315798114133,240.0407531607095,242.2155014070091,42187100
2018-07-05,242.4285430908203,242.49068572392176,240.52008160667532,241.594168530159,56925900
2018-07-06,244.47906494140625,244.8518665685956,242.07348943656189,242.45520341190885,66493700
2018-07-09,246.68055725097656,246.73381465116609,245.43783943119362,245.4822115682793,50550400
2018-07-10,247.56813049316406,247.66578708564802,246.84024349176497,247.1331861800095,51966800
2018-07-11,245.75732421875,246.80478270989968,245.45552332781205,246.01475298336572,77054700
2018-07-12,247.98533630371094,248.03859368641244,246.41418933560087,247.0177910656898,60124700
2018-07-13,248.1805877685547,248.4823885914814,247.35507136267833,247.80778614167045,48216000
2018-07-16,247.9586944580078,248.3670100667939,247.5148648995688,248.2250084465951,48201000
2018-07-17,248.96177673339844,249.35234894826192,247.1332009498144,247.18645833464043,52315500
2018-07-18,249.48545837402344,249.59197312914412,248.59779929574424,249.04162883488385,44593500
2018-07-19,248.54461669921875,249.20147594623268,248.06527306774763,248.8197889291415,61412100
2018-07-20,248.2604522705078,248.97059569442908,248.10068015857618,248.34033832647364,82337700
2018-07-23,248.7220458984375,248.9261901176102,247.71010170371684,248.0563016932374,47047600
2018-07-24,249.97366333007812,250.8169503012536,249.1037747589767,250.1334625540731,68026900
2018-07-25,252.10406494140625,252.4236092086071,249.68074589164465,249.72511801013184,78882900
2018-07-26,251.5093536376953,252.19284146729845,251.28743883843612,251.3850954364988,57919500
2018-07-27,249.80503845214844,251.9354148965734,248.88186539352202,251.83775830816563,76768700
2018-07-30,248.50022888183594,250.0447473767113,247.97648606262868,249.88497520604386,63742500
2018-07-31,249.72515869140625,250.3376457258567,248.88189867834086,249.26358564496655,68570500
2018-08-01,249.307861328125,250.43520544866445,248.6598876794489,249.92923338303018,53853300
2018-08-02,250.66604614257812,250.8346764359806,247.79889772747592,248.00306905621076,63426400
2018-08-03,251.74009704589844,251.79335441859888,250.61275278226552,250.79029541740223,53935400
2018-08-06,252.66339111328125,252.97405023989438,251.3851593772884,251.77573169046488,39400900
2018-08-07,253.4976806640625,253.8793946751064,253.19587981266517,253.32905035260498,43196600
2018-08-08,253.39108276367188,253.79054007401254,252.9295099228408,253.3289672331815,42114600
2018-08-09,253.04490661621094,253.8437941373104,252.91176321089392,253.45322208891557,35717000
2018-08-10,251.34950256347656,252.14839017212856,250.6393591752967,251.6069312347668,77076000
2018-08-13,250.40866088867188,252.23723663812476,250.1157181883877,251.62474963484885,65732900
2018-08-14,252.0064239501953,252.2461092546333,250.74596314374196,251.13653533173775,43842000
2018-08-15,250.12457275390625,250.79920231859953,248.68656938849597,250.65717361607437,102925400
2018-08-16,252.14842224121094,253.01833784391988,251.52705008367542,251.5625640299013,69967900
2018-08-17,253.03607177734375,253.4799012762992,251.5359259037381,251.94424145780033,65618500
2018-08-20,253.57760620117188,253.84389311563598,253.03612002281758,253.48883486661452,39807500
2018-08-21,254.17227172851562,255.03330203164734,253.6130422310215,254.09238567018824,67272000
2018-08-22,254.02145385742188,254.5451695526003,253.4977110730335,253.76402509565284,44993300
2018-08-23,253.6841583251953,254.70496109991126,253.36458689156945,253.84393049740228,49204900
2018-08-24,255.2108154296875,255.35284410240035,254.20775655247763,254.261013918595,57487400
2018-08-27,257.2257995605469,257.3323142961806,256.24936933523725,256.40914143868787,57072400
2018-08-28,257.3501281738281,257.7939577065519,256.8885281227042,257.68741586376615,46943500
2018-08-29,258.7348937988281,258.9656667527116,257.32351902828185,257.5631772420402,61485500
2018-08-30,257.6874084472656,258.6283248624232,257.09269206048697,258.25552323561953,61229500
2018-08-31,257.6963195800781,258.14014914459057,256.7909170205872,257.27911870586814,66140800
2018-09-04,257.25244140625,257.6074995729283,256.2493824457125,257.27907009152085,57594400
2018-09-05,256.5600891113281,257.10157520760544,255.54817190054018,256.897403877992,72452400
2018-09-06,255.78782653808594,256.9684011158249,254.75813882384264,256.66660029963003,65909900
2018-09-07,255.29083251953125,256.2672632148838,254.50080270126898,254.74048806102704,73524800
2018-09-10,255.73460388183594,256.5690056413229,255.53931778729202,256.30269164555915,50210900
2018-09-11,256.5778503417969,257.0216798888951,254.74041660460662,255.08658956495626,50530500
2018-09-12,256.63995361328125,257.2435552033378,255.84995122701346,256.5866962429352,59810800
2018-09-13,258.1578674316406,258.3442953348075,257.4211223455566,257.70517974058833,51034200
2018-09-14,258.20220947265625,258.54838233623184,257.4210653538625,258.3619815635373,55079900
2018-09-17,256.83526611328125,258.1844981163113,256.5600939750923,258.149011258561,68244000
2018-09-18,258.22894287109375,258.82365936916335,257.0217122645313,257.04834095714324,61930400
2018-09-19,258.5041198730469,258.9213207912113,258.1579197734338,258.2822050674107,49080600
2018-09-20,260.5988464355469,260.9184176750307,258.5217281910864,259.7644721245067,100360600
2018-09-21,260.36083984375,261.45761269257395,260.200344464458,261.34169029247494,105479700
2018-09-24,259.4959411621094,259.9239561004905,258.9163563078542,259.78128445436346,53409600
2018-09-25,259.25518798828125,260.05769215619654,259.0144449014566,259.95069522871887,44370000
2018-09-26,258.4793701171875,260.58371507676577,258.0602807787188,259.39779647019435,79739700
2018-09-27,259.20166015625,260.28950748207143,258.67557384787006,258.95199161647935,59249500
2018-09-28,259.22845458984375,259.7277917564604,258.5418727887045,258.57752029215237,70091400
2018-10-01,260.1289367675781,261.1989328230495,259.46017902847524,260.4677511641264,62078900
2018-10-02,259.9775085449219,260.69083971183056,259.6030192064387,259.9775085449219,47258200
2018-10-03,260.1200866699219,261.448677055501,259.7634212147403,261.0295876624094,64694600
2018-10-04,258.087158203125,259.6921669454175,256.4999732159816,259.6386684681304,111545900
2018-10-05,256.6426086425781,258.82720205480575,255.2159192888122,258.3100411101316,105951700
2018-10-08,256.6426086425781,256.9992741780606,254.57391044020932,255.95599959464238,87742200
2018-10-09,256.26800537109375,257.5698463801317,255.7062444172972,256.25910710370897,74339000
2018-10-10,248.15379333496094,255.83114939791164,247.77930409003628,255.75979997194213,214731000
2018-10-11,242.6878204345703,248.6887911916292,241.07385950184556,247.0659319900336,274840500
2018-10-12,246.058349609375,247.07484753078003,242.86612979515945,246.78950427810025,183186500
2018-10-15,244.67626953125,247.0303108944259,244.5870963501901,245.70169308385272,102263700
2018-10-16,250.0262908935547,250.40080730492338,246.16534044473926,246.63792829013926,118255800
2018-10-17,250.0709991455078,250.6951571517335,247.494037764788,250.06207366152813,110626000
2018-10-18,246.4596405029297,249.73210870124333,245.18454828665827,249.1346728395284,134557500
2018-10-19,246.3258819580078,249.04548714557046,245.63037467389387,247.11056242456397,139901600
2018-10-22,245.22019958496094,247.31561961237918,244.68518772636827,246.99462882432368,82415800
2018-10-23,243.97183227539062,245.09535446998242,239.51344542298992,241.5999944163272,146352700
2018-10-24,236.579833984375,244.1055927711054,236.02699839773905,243.72215084103613,177806700
2018-10-25,240.82421875,242.36683043885208,237.39128255040535,238.41670611178432,138061500
2018-10-26,236.58868408203125,241.64450544969924,233.87800516322892,237.11479754214855,201574600
2018-10-29,235.27796936035156,240.9758006122715,231.70236173875418,239.68285758734302,160749100
2018-10-30,238.76446533203125,239.07655788757373,234.61817055650056,235.10860949002063,157116000
2018-10-31,241.314697265625,243.6330643145054,240.85993301194367,241.33252102018227,128296300
2018-11-01,243.88262939453125,244.07879945873134,241.0916755223415,242.17952274893688,99495000
2018-11-02,242.4381561279297,245.41635506870088,240.38728199417207,244.98834016496485,122634100
2018-11-05,243.775634765625,244.32847025758082,241.95660571803845,242.92853056870712,65622500
2018-11-06,245.31820678710938,245.47870213910537,243.6507749137783,243.71319884349663,60085900
2018-11-07,250.5702667236328,250.6505144215999,247.06595397473305,247.49396890905808,102752100
2018-11-08,250.11546325683594,250.75747195152988,248.97411748980556,249.7676960751215,65584900
2018-11-09,247.6722869873047,248.99195193007725,246.26342166342013,248.80470732286804,98812600
2018-11-12,243.04443359375,247.40472046109215,242.52724563730663,247.16397744043266,99673600
2018-11-13,242.5897674560547,245.50554295237575,241.86751089080235,243.50819415087165,98176600
2018-11-14,240.9312744140625,244.86354829208736,239.3708387694425,244.46230973914507,125335900
2018-11-15,243.44573974609375,243.90942938261057,238.08677738884973,239.665036498494,135101400
2018-11-16,244.078857421875,244.98835854724607,241.83181302344755,242.34900113908057,126668000
2018-11-19,239.9503631591797,243.7667408556487,239.03193664286542,243.4724721125767,103061700
2018-11-20,235.5098419189453,238.0778773089809,234.6449137106602,236.61551324060773,136021300
2018-11-21,236.312255859375,238.21153244119893,236.30335759239327,237.06126135990087,75563700
2018-11-23,234.7340087890625,236.1339484397446,234.5735134335495,234.67158485797623,42807900
2018-11-26,238.52374267578125,238.74666206145957,236.59771591810005,236.990056213841,79981400
2018-11-27,239.326171875,239.326171875,236.8829848828991,237.48931889071778,75502400
2018-11-28,244.83680725097656,244.83680725097656,239.26382261935314,240.396270512076,127629600
2018-11-29,244.30169677734375,245.70160911541032,242.91958097283913,244.06092654958178,82346400
2018-11-30,245.79080200195312,246.35256296273798,243.82912859069464,244.15011930438473,98204200
2018-12-03,249.04544067382812,250.02629107399719,247.44935801682948,249.91929415976597,103176300
2018-12-04,240.97586059570312,248.64429305425253,240.6637680073278,248.21627802918013,177986000
2018-12-06,240.6101837158203,240.7261061111731,234.0117775673874,237.11482416580566,204185400
2018-12-07,235.0193634033203,241.84068846167355,234.18118466811578,240.27132790012834,161018900
2018-12-10,235.46524047851562,236.43716550863462,230.60558811608786,234.84105545903276,151445900
2018-12-11,235.51876831054688,238.85363325284783,234.04750596611032,238.66638860838694,121504400
2018-12-12,236.70469665527344,239.86124255957256,236.62444894734685,238.4969771011459,97976700
2018-12-13,236.62437438964844,238.51472570119017,235.50977788880272,237.64979772806078,96662700
2018-12-14,232.25518798828125,235.42955700710894,231.70235241482038,234.47545576293268,116961100
2018-12-17,227.69869995117188,232.4156665517509,226.06692897355805,231.3010700046853,165492300
2018-12-18,227.44906616210938,230.0081894771695,225.84404416794135,229.33943144675922,134515100
2018-12-19,224.0428466796875,231.30109978443372,222.3397532769953,227.52930839320615,214992800
2018-12-20,220.3958740234375,224.36383524071718,218.14884344413474,222.79448810925254,252053400
2018-12-21,215.88006591796875,223.96100288010308,215.234308074358,221.29725519655113,255345600
2018-12-24,210.17588806152344,216.00563669064812,210.11311326960217,214.39124202550883,147311600
2018-12-26,220.79498291015625,220.79498291015625,209.65568091550543,211.63780135232858,218485400
2018-12-27,222.4901123046875,222.68741427560954,214.31949514400904,217.55724826813972,186267300
2018-12-28,222.20314025878906,225.47676328895756,221.03718764346476,223.84444057580092,153100200
2018-12-31,224.14935302734375,224.3915156531046,221.9519889312692,223.82647408811934,144299400
2019-01-02,224.38250732421875,225.30631074260154,220.58869057186968,220.61559600600654,126925200
2019-01-03,219.0281524658203,222.93856912435655,218.54382721026855,222.633618017562,144140700
2019-01-04,226.3646240234375,227.01038180312378,221.6828869633961,222.05957672065173,142628800
2019-01-07,228.1494598388672,229.5575612415073,225.73683859430514,226.6337230013322,103139100
2019-01-08,230.29298400878906,230.77730922015044,227.80862422016872,230.33784464859812,102512600
2019-01-09,231.36929321289062,232.21236682399817,229.77283991391428,231.0015672871316,95006600
2019-01-10,232.18544006347656,232.43656660303958,229.15396638327567,229.83560729240676,96823900
2019-01-11,232.27513122558594,232.3020366626938,230.5261957013551,231.10916508585217,73858100
2019-01-14,230.85804748535156,231.66523800057232,229.97014065568285,230.37372222792283,70908200
2019-01-15,233.50387573242188,233.81779076904533,231.2257815295091,231.23475913278858,85208300
2019-01-16,234.06887817382812,234.95678488625194,233.72805775511355,233.93432363010817,77636700
2019-01-17,235.8447265625,236.7057553387113,233.15407322100728,233.1989338658102,96118400
2019-01-18,238.98377990722656,239.4501772546297,235.8805679320784,237.65640867719944,127900300
2019-01-22,235.75506591796875,237.72822292851677,234.14068463351674,237.51297938945518,115531200
2019-01-23,236.24832153320312,237.48602637637333,233.7818894494403,236.78645764380838,86030300
2019-01-24,236.37387084960938,236.95686760170713,235.05544969694287,236.06893344044875,59204100
2019-01-25,238.37393188476562,239.19907756601734,236.4725413588362,238.22144949546475,96883400
2019-01-28,236.56224060058594,236.62500170748643,234.79537721909938,236.23039774840024,85613700
2019-01-29,236.24832153320312,237.2707555096875,235.41422561567174,236.70574133282852,66136300
2019-01-30,239.98837280273438,240.83144652896297,237.00175908333665,237.7641164788514,92473700
2019-01-31,242.09597778320312,242.58030297951865,239.71026220894768,239.92553305771975,104012100
2019-02-01,242.21261596679688,243.235077392905,241.42335325978183,242.2933322840041,85782500
2019-02-04,243.91659545898438,243.97938391580578,241.58469129341572,242.25735437747988,60744800
2019-02-05,244.93907165527344,245.24400898778143,243.84487187592939,244.3471248201464,79552800
2019-02-06,244.61627197265625,245.1544081516475,243.88084747780272,244.66113262050564,58347800
2019-02-07,242.2843780517578,243.54896103786973,240.62513634791188,243.00187466224952,95482000
2019-02-08,242.58026123046875,242.67890535067852,240.21247389664293,241.0376193716608,75788900
2019-02-11,242.71481323242188,243.49509815663762,242.18565480531848,243.23502142905596,68021400
2019-02-12,245.8360137939453,246.21268990556644,244.2574885280383,244.3292546059827,72270200
2019-02-13,246.6343231201172,247.47739695589533,246.2486692552346,246.67020617312366,65277200
2019-02-14,246.08721923828125,247.21730267700767,244.73291463287092,245.54908296409022,83234400
2019-02-15,248.7687530517578,248.80463608167037,247.65662546105898,247.86289129890864,97088700
2019-02-19,249.19931030273438,249.8540183299107,247.96160557911756,247.97058318082802,59120800
2019-02-20,249.70156860351562,250.1589883686266,248.6611795003781,249.16343253351516,76610800
2019-02-21,248.81370544433594,249.42358032410993,247.8540324780566,249.06483200487477,64214700
2019-02-22,250.3562469482422,250.5535351791764,248.7956499638948,249.43243002669786,78114600
2019-02-25,250.6970977783203,252.30252839097093,250.61638147320215,251.7823475232968,69030700
2019-02-26,250.51776123046875,251.3966904394168,250.14105773324803,250.34735100205228,56844100
2019-02-27,250.41015625,250.75992696229892,248.8675138588991,249.80025400552418,56921600
2019-02-28,249.94374084472656,250.63435935779663,249.6208755950367,250.19486738473202,69268300
2019-03-01,251.50436401367188,251.91692322065217,250.06934333678146,251.52229185023873,78880500
2019-03-04,250.58946228027344,252.80476754601705,248.29344071384313,252.562618643957,106494600
2019-03-05,250.2487030029297,250.91241614415003,249.70161659661557,250.71510045958334,59114600
2019-03-06,248.73294067382812,250.3742544670684,248.41007542510283,250.36527686435716,75039800
2019-03-07,246.65219116210938,248.42800478246298,245.8091176242837,248.28449999190326,94885100
2019-03-08,246.1588897705078,246.32929999963554,244.32926526420027,244.79563530822645,85795800
2019-03-11,249.728515625,249.88994826166174,246.8495241215637,246.8764295610073,65098900
2019-03-12,250.6702423095703,251.19045065167552,250.0962504574032,250.2845885402205,79667500
2019-03-13,252.32943725585938,253.26220463446646,251.3966698772523,251.5581298604209,80639200
2019-03-14,252.1680145263672,252.77788933327716,251.7285499406143,252.3563525815843,67518400
2019-03-15,253.41384887695312,254.22459474184677,252.53102082909683,252.72021594090037,81309000
2019-03-18,254.3327178955078,254.630008822451,253.40485900191993,253.6300677381432,62199800
2019-03-19,254.3957977294922,256.16142662656773,253.50397987941622,255.39573887193404,90268100
2019-03-20,253.63002014160156,255.3866589510104,252.522010961746,254.1795436503385,84609200
2019-03-21,256.4947509765625,256.90011021839473,252.76528100389675,252.81033924719029,79550400
2019-03-22,251.55816650390625,255.6569546393203,251.49510145781022,255.13448245054312,122659300
2019-03-25,251.36898803710938,252.4049427144172,250.1078246259824,251.21583400194012,85575200
2019-03-26,253.2427215576172,254.19760442345822,251.83742120821717,253.12560861328362,68125900
2019-03-27,251.91848754882812,253.81926358336898,250.369050339607,253.23369887450275,72224700
2019-03-28,252.8734130859375,253.3238306356926,251.39605781821967,252.54912564594048,56238500
2019-03-29,254.46786499023438,254.79215237439305,253.260749463698,254.3867931441947,82186800
2019-04-01,257.485595703125,257.7828865786894,256.19740855246874,256.4676754840088,77617900
2019-04-02,257.6116943359375,257.8459201497663,256.81895541955635,257.674759361398,40070400
2019-04-03,258.0172119140625,259.22432769811655,257.4136402763821,258.8279580387189,68243200
2019-04-04,258.7017517089844,258.95398437326423,257.64779030482515,258.34142325877013,48997500
2019-04-05,259.95391845703125,260.00796634856,259.08010755558655,259.3683813046049,58621700
2019-04-08,260.152099609375,260.2601953909309,258.872902047936,259.53052137413107,53566300
2019-04-09,258.81884765625,259.51248056467637,258.26935161671037,259.1881932281539,66142300
2019-04-10,259.7016296386719,259.7917186021705,258.81880178245234,259.23317802499577,52601500
2019-04-11,259.6296081542969,260.19713851656536,259.0620777920284,260.18812137072035,55093100
2019-04-12,261.3863220214844,261.66557870970394,259.67474078975937,261.24218510316035,69727800
2019-04-15,261.215087890625,261.5574095392261,260.4133316619226,261.4583034082265,49596700
2019-04-16,261.3863220214844,262.1520373726342,260.7917675426377,262.09798946467595,52153200
2019-04-17,260.7466735839844,262.53030909690517,260.3322697350052,262.5032851494761,58268300
2019-04-18,261.26019287109375,261.5304599031866,260.03507029778615,261.33227507617437,68708500
2019-04-22,261.4853820800781,261.6385361359312,260.4043965065369,260.4944855104914,40160100
2019-04-23,263.83648681640625,264.0707126493644,261.62044102193187,261.8546393635951,52246600
2019-04-24,263.2509765625,264.08874637015623,263.1068396883929,263.7554418762262,50392900
2019-04-25,263.0887451171875,263.7463643000069,261.8996642880212,263.15181013977804,57770900
2019-04-26,264.3139343261719,264.3859890119185,262.3591107705115,263.1338429715897,50916400
2019-04-29,264.7283630371094,265.2508627045785,264.3139866566105,264.4040756501018,57197700
2019-04-30,264.8634948730469,265.1517686688588,262.97176337987406,264.38605342617814,81111700
2019-05-01,262.87261962890625,265.7012542994581,262.86360248304516,265.4940523837412,71671900
2019-05-02,262.3050537109375,263.67434011390185,260.8096647395023,262.75547108216637,65030200
2019-05-03,264.8725280761719,265.1517847417606,262.41323849814745,263.78252536560603,56543700
2019-05-06,263.78253173828125,264.22393212526833,260.2512461684707,260.56654394116345,107198100
2019-05-07,259.3774108886719,261.97182004663614,257.46764511719874,261.37726565699415,144729900
2019-05-08,259.01702880859375,260.7286094294374,258.4224745419498,259.01702880859375,91568300
2019-05-09,258.23333740234375,258.83688139411777,255.20651782330074,256.94515008492795,103471100
2019-05-10,259.5305480957031,260.2872461358025,254.30568902173113,257.2964675787668,112429300
2019-05-13,253.00843811035156,255.377637933495,252.17066837943403,254.41376563134563,127290500
2019-05-14,255.29660034179688,256.8280306394036,253.90031726967817,254.02641985782168,77003200
2019-05-15,256.7919921875,257.4315772634387,253.4588920896291,253.66609401171596,73956400
2019-05-16,259.1701965332031,260.5304384583781,257.4225747303499,257.4946294219541,76749600
2019-05-17,257.4946594238281,259.98097268898067,256.8460571586275,256.8640914521032,100353000
2019-05-20,255.79205322265625,257.6027124819979,255.04434494129077,255.89113185513074,62877600
2019-05-21,258.09820556640625,258.47654081398997,257.2333843036183,257.48561696577354,46847100
2019-05-22,257.30548095703125,258.2603637668367,256.82803955212853,257.14333727037746,49482500
2019-05-23,254.16159057617188,255.12546309668002,252.7472730812327,255.08043234488764,98733800
2019-05-24,254.73805236816406,256.0172498237098,254.116474184375,255.6028460403203,55268100
2019-05-28,252.36886596679688,255.97220519885195,252.3508591675034,255.01732250166108,70029400
2019-05-29,250.67535400390625,251.65726088805204,249.27005355583492,251.25190161916805,104972900
2019-05-30,251.3599395751953,252.269791543688,250.2609199914259,251.43199426486837,62523800
2019-05-31,247.97280883789062,249.6393588730026,247.94578489099905,248.81060617412786,86862800
2019-06-03,247.34222412109375,249.12585947744446,246.00897868525928,248.00883309336243,96428000
2019-06-04,252.71115112304688,252.84627082649013,249.18888423306493,249.63930157207093,77231900
2019-06-05,254.90023803710938,254.92726198471507,252.52204817390717,254.3327076460896,71169700
2019-06-06,256.5578308105469,257.2334571495753,254.54898609027154,255.1975884753911,69430400
2019-06-07,259.1252136230469,260.20622675044206,257.4046152657843,257.57577613581026,74272200
2019-06-10,260.3142395019531,261.98078942020163,260.2241505215321,260.67456793234,60799100
2019-06-11,260.2511901855469,262.50327737561093,259.60258797515644,262.1339317774846,58641300
2019-06-12,259.7917785644531,260.57550049432666,259.2782960961573,260.01698727953396,47096300
2019-06-13,260.86370849609375,261.22406438040923,259.99891485458375,260.7015648429283,48945200
2019-06-14,260.5755310058594,261.1790750378197,259.8098157866652,260.5755310058594,52324700
2019-06-17,260.67462158203125,261.4403368362566,260.5034607313937,260.8097413348233,39205700
2019-06-18,263.40411376953125,264.4581026767264,262.1339332880597,262.4942892335855,85434800
2019-06-19,263.9987487792969,264.5302382227046,262.5664241793389,263.53931405223796,78674400
2019-06-20,266.5210266113281,266.9264133528406,264.0617646861457,266.6831978027144,116570000
2019-06-21,266.13360595703125,267.50952485915224,265.9163628738044,266.251288502116,83309500
2019-06-24,265.8077697753906,266.65864781741556,265.653870824963,266.3418441621465,47582700
2019-06-25,263.20062255859375,265.8891152812311,263.09200105464896,265.86195990524493,82028700
2019-06-26,262.9382019042969,264.6037967215319,262.8295803591529,264.0968777608522,51584900
2019-06-27,263.8705139160156,264.3774327619087,263.31834531156267,263.6985206334799,40355200
2019-06-28,265.22845458984375,265.72631265254813,264.33229902696894,264.8482514760384,59350900
2019-07-01,267.6362609863281,268.7768423916626,266.43230780847284,268.55957168944997,78705600
2019-07-02,268.33319091796875,268.38750167174715,266.7490628077608,267.590907116328,61504500
2019-07-03,270.4786682128906,270.4967902221676,268.8673840130453,269.01222196219044,40898900
2019-07-05,270.1708679199219,270.33382786024254,267.9531044059566,269.24755717482327,51677300
2019-07-08,268.6863708496094,269.9898848326591,268.14323541916946,268.8583641963323,45841800
2019-07-09,269.0212097167969,269.31991891337793,267.47329772086357,267.52760848387834,41101300
2019-07-10,270.306640625,271.25713436614035,269.5553232105845,270.08939754131563,58448500
2019-07-11,270.9403076171875,271.18470609038985,269.93553071345565,270.9493686208283,50826100
2019-07-12,272.1531982421875,272.2256309957451,271.1212663165027,271.42903645661926,40326000
2019-07-15,272.2437438964844,272.58773043678633,271.736825087093,272.58773043678633,33900000
2019-07-16,271.3656921386719,272.3614354132492,271.05792196743965,272.15322575697263,36650100
2019-07-17,269.5190734863281,271.5014992547846,269.5190734863281,271.33856696217356,36036300
2019-07-18,270.5058288574219,270.8860319344416,268.57774095793843,269.0212881936159,51392600
2019-07-19,269.00311279296875,271.6282342722078,268.8311195033801,271.6010788909573,58678600
2019-07-22,269.66400146484375,270.20713691329087,268.88552850124887,269.40148093350797,43638100
2019-07-23,271.5920104980469,271.5920104980469,269.9535714155049,270.7863824595344,44564500
2019-07-24,272.86846923828125,272.86846923828125,270.741204897207,270.8317320739579,47213200
2019-07-25,271.56488037109375,272.4700966389974,270.75922463265556,272.41578587292383,55394100
2019-07-26,273.38433837890625,273.5834870369628,272.1260746700478,272.2528181910859,45084100
2019-07-29,272.886474609375,273.384360106589,272.3343059738363,273.2666775777019,38126500
2019-07-30,272.21661376953125,272.62397210504514,271.10318791079754,271.4833908656109,45849000
2019-07-31,269.238525390625,272.6512091289259,267.2199103624136,272.46109378208786,104245200
2019-08-01,266.89398193359375,272.35243534985585,266.0973871356964,269.3923878679063,142646600
2019-08-02,264.88433837890625,266.24216256795125,263.3273655371344,265.99776415892455,116749700
2019-08-05,256.91851806640625,260.8924035858546,255.01755815476298,260.7837820409055,178745400
2019-08-06,260.5212097167969,260.73848038847234,257.334858657285,258.8103654742626,120711700
2019-08-07,260.6750793457031,261.4445185495751,255.30715454545978,257.44345126444256,140572300
2019-08-08,265.7897033691406,265.7897033691406,261.6166679508993,262.16883683703594,87713900
2019-08-09,263.97918701171875,265.4456330756324,262.1959097009694,264.8481869708878,93730000
2019-08-12,260.7656555175781,263.9701011986558,259.8151618664045,262.4764998896778,65527600
2019-08-13,264.8210144042969,266.26936599228577,260.1229396524817,260.46692626244254,94299800
2019-08-14,256.9909362792969,261.37218043993045,256.86422034542153,260.76570090814516,135622100
2019-08-15,257.66986083984375,258.5660439238212,255.6240904171086,257.87807057147774,99556600
2019-08-16,261.47174072265625,261.90622687818694,257.72413188114456,259.3263824546937,83018300
2019-08-19,264.6219482421875,265.3008606709423,263.8163198584075,264.49523228716237,53571800
2019-08-20,262.59423828125,264.6490696903885,262.4675223424774,264.114995296604,51596400
2019-08-21,264.7304992675781,265.1016136143309,264.0696814702971,264.75765464965775,49524700
2019-08-22,264.6490783691406,266.07027488099453,262.874861793045,265.4366399163249,51666400
2019-08-23,257.85076904296875,265.0110305269246,256.6015666111916,263.34543649288787,149161500
2019-08-26,260.7022705078125,260.7022705078125,258.5116351075703,260.0414527243702,72423800
2019-08-27,259.67938232421875,262.4674638561055,258.91900398597903,262.0963218770228,66668900
2019-08-28,261.50799560546875,261.670927937777,258.21299444093967,259.0186503479312,59696700
2019-08-29,264.8482360839844,265.37327713324885,263.0649584425465,264.0697631402681,57899400
2019-08-30,264.7304992675781,266.3508164400091,263.7981276495006,266.33272206029176,62901200
2019-09-03,263.1826171875,263.94299567707674,261.8519479244874,263.0287458637237,69101400
2019-09-04,266.1698303222656,266.18792470473994,264.60379605038094,265.3551411107405,46887300
2019-09-05,269.5915222167969,270.50577188502655,266.133589357725,268.65915054275484,83258100
2019-09-06,269.7996520996094,270.4423754314379,269.2293891520062,269.90830123844205,49584300
2019-09-09,269.9355163574219,270.8769214356232,268.99408365421084,270.7864219040724,51260300
2019-09-10,269.8721923828125,269.9355641661296,267.9169214798469,269.1751580163531,57947100
2019-09-11,271.7911071777344,271.87257330368686,269.5280671512753,270.17982378389553,68821100
2019-09-12,272.7325744628906,273.7916618607953,271.9359798516439,272.69635808283294,72908700
2019-09-13,272.5516357421875,273.5292850432161,272.18049365800215,273.1762373442292,62104800
2019-09-16,271.7097473144531,272.5968692967688,271.0670514305876,271.4200714477773,58191200
2019-09-17,272.3976745605469,272.4881740817053,271.33855943792975,271.51055272814114,41475500
2019-09-18,272.5606384277344,272.6692599657147,269.97170539749584,272.0084421096551,73375800
2019-09-19,272.54254150390625,273.94564349864027,272.2076158559735,272.9498999338318,76560500
2019-09-20,271.25482177734375,273.42829301296234,270.46365116105824,273.1463545293492,89565000
2019-09-23,271.1911315917969,271.9095626216198,270.33629663291384,270.59092655135265,43476800
2019-09-24,269.0631103515625,272.67341519548154,268.09915238087564,272.28238140130355,94869400
2019-09-25,270.6545715332031,271.1001669203276,267.66264939196464,269.1449700706574,71854000
2019-09-26,270.0907287597656,270.87279633662166,268.6811754514435,270.6636529278499,56179700
2019-09-27,268.63580322265625,270.9547816628735,267.08074249980547,270.8456307371159,84746600
2019-09-30,269.8815612792969,270.59088936551007,269.1085965366539,269.1540552559003,51662400
2019-10-01,266.6714172363281,271.41846801336465,266.45317096005283,270.7637014319603,88242400
2019-10-02,261.9607849121094,265.09821431351884,260.6694572690525,265.0891114666045,122539500
2019-10-03,264.1070251464844,264.13430593978995,259.01439762627496,261.73348511855045,85278800
2019-10-04,267.68084716796875,267.9354770605933,264.70710305303584,264.7616923717053,65091200
2019-10-07,266.52587890625,268.5083841071053,266.24396824858513,266.88055681577515,59610500
2019-10-08,262.38818359375,265.40738677887896,262.35179996128653,264.67077779882845,95708100
2019-10-09,264.8798522949219,265.81652938083784,263.77949053439676,264.4069762063046,62359400
2019-10-10,266.6714172363281,267.553532939712,264.63437798421626,264.79806269142273,55296300
2019-10-11,269.43603515625,271.67314311799345,269.30873405810314,269.4269323090313,98720400
2019-10-14,269.1359558105469,269.79072252359276,268.7903806352471,269.1177501154781,40394800
2019-10-15,271.8004455566406,272.54615738895194,270.06349481421915,270.1817208062417,46754500
2019-10-16,271.3639221191406,272.0550723707066,270.9274295413768,271.3366413330304,48928200
2019-10-17,272.16424560546875,273.0372586742496,271.47309522670037,272.5279987380787,45736600
2019-10-18,270.9728698730469,272.2733001769917,270.1180349628478,271.62763644782535,64304000
2019-10-21,272.8098449707031,273.009913309205,271.85498975437696,272.29151006181155,39048600
2019-10-22,271.9186706542969,273.637415698397,271.8277254489955,273.34640214246485,48594700
2019-10-23,272.7099304199219,272.76449201043494,271.45495833294325,271.66412959830274,34352200
2019-10-24,273.1554260253906,273.79201468518664,272.3278718686874,273.64650791287386,35453100
2019-10-25,274.2740173339844,274.8196608389771,272.527963668524,272.58252524376513,45205400
2019-10-28,275.8199768066406,276.32016158660775,275.4653265651048,275.49260735291523,42147000
2019-10-29,275.7381286621094,276.66573093338,275.419834309273,275.54716315144003,44284900
2019-10-30,276.5838623046875,276.95669044401245,274.6286376454852,275.9381708137291,49643900
2019-10-31,275.8472595214844,276.5747934558149,274.39224715798696,276.5747934558149,69053800
2019-11-01,278.4026794433594,278.4481381708568,277.1295020424609,277.29321451712957,71141500
2019-11-04,279.52117919921875,280.0941033965786,279.1483233286738,279.95769948115407,60606900
2019-11-05,279.2120666503906,280.02144303161515,278.92105304685475,279.721326580286,42933200
2019-11-06,279.2756652832031,279.5484731268798,278.3298851708271,279.2120008688192,46487100
2019-11-07,280.2578125,281.5946264927241,279.78493630115787,280.6124904635661,54272300
2019-11-08,280.9490051269531,281.0035667061069,279.2120541836701,279.9122796178653,49032100
2019-11-11,280.41241455078125,280.585202104894,279.4302507955533,279.5666824717528,35797300
2019-11-12,281.0035400390625,281.9038337622453,280.2305474042965,280.7761908966361,46484600
2019-11-13,281.094482421875,281.4946191287311,279.7849491544516,280.01229829459345,53917700
2019-11-14,281.5036926269531,281.585562739211,280.17598142677315,280.8125701165942,51219900
2019-11-15,283.5408020019531,283.58626073546037,282.1494261750997,282.8405487883665,62023600
2019-11-18,283.74993896484375,283.9863909798559,282.84964514242654,283.3043434773983,49228000
2019-11-19,283.6680908203125,284.35924115622686,283.0224269685197,284.3501383088859,67804700
2019-11-20,282.6131896972656,283.5953536303308,281.05812918125986,283.07699087413437,79406200
2019-11-21,282.1584777832031,282.83145015014986,281.3582320740642,282.72232699674834,54664700
2019-11-22,282.78594970703125,283.04057963659153,281.7765328353182,282.9041757015737,44850200
2019-11-25,284.9776916503906,284.9776916503906,283.713644437144,283.713644437144,48647200
2019-11-26,285.6231994628906,285.80508983778327,284.69562515711766,285.01391943689237,37569000
2019-11-27,286.89642333984375,286.89642333984375,285.88697877404934,286.10522505743006,44444600
2019-11-29,285.8323974609375,286.5781092144215,285.605048347259,286.33255440999926,36592700
2019-12-02,283.40447998046875,286.1508487897885,282.9770623021138,286.0871843424054,75767800
2019-12-03,281.5036926269531,281.585562739211,279.30296850429954,280.6852412775978,73941700
2019-12-04,283.24066162109375,283.8408667166338,282.2039639124934,282.5495390662209,49080000
2019-12-05,283.74993896484375,283.95911018986095,282.44040553991834,283.9409322473923,40709000
2019-12-06,286.3417663574219,286.7419031701625,285.6506159076721,285.65971875651235,48927000
2019-12-09,285.44140625,286.62361071654885,285.3686389813186,285.95066612044394,34838500
2019-12-10,285.1230773925781,286.0506518116673,284.4683108165804,285.3868101426187,52649800
2019-12-11,285.9324951171875,286.1871250585876,285.04127644599606,285.5778171170683,53429100
2019-12-12,288.39691162109375,289.178979276665,285.7051057972178,285.9415300114766,96389600
2019-12-13,288.5697021484375,289.79739296590316,287.3874700546423,288.16046262508945,81503900
2019-12-16,290.55218505859375,291.14328723980907,288.5060429102938,290.2975551457974,82749700
2019-12-17,290.6158142089844,291.234197100367,290.53397186329335,290.9341084994999,61097700
2019-12-18,290.6341247558594,291.23432998402933,290.57956316717014,291.0069807802947,48133000
2019-12-19,291.82537841796875,291.898145691162,290.57040660492686,290.8250365559366,85310500
2019-12-20,293.1047668457031,294.23795375085035,291.88018760229625,292.8580047434994,147142100
2019-12-23,293.5525817871094,293.945538202169,293.4063596093835,293.89070837165036,52990000
2019-12-24,293.5617370605469,293.82673861863617,293.2601450957839,293.7810563883531,20270000
2019-12-26,295.1244201660156,295.13356776697475,293.9364033804754,293.9455230924072,30911200
2019-12-27,295.05133056640625,295.9103684888994,294.52129953864886,295.8555386546152,42528800
2019-12-30,293.424560546875,295.2705907201687,292.9402118941739,295.1335161748802,49729100
2019-12-31,294.137451171875,294.3842133054212,292.5747451785438,292.922019374624,57077300
2020-01-02,296.88818359375,296.906478796011,294.7497366062965,295.67275187158805,59151200
2020-01-03,294.6400146484375,295.7640816777263,293.44285049264414,293.49768030977805,77709700
2020-01-06,295.76416015625,295.8464049037738,292.76664728278183,292.8854545477704,55653900
2020-01-07,294.9324645996094,295.6726950341624,294.48465056571524,295.19746609117453,40496400
2020-01-08,296.50439453125,297.7198263343244,294.87771109631456,295.12444534201336,68296000
2020-01-09,298.5148620605469,298.5879870903448,297.48218715461246,298.0670758368869,48473300
2020-01-10,297.6557922363281,299.25506045062673,297.18973874984056,299.09971858480566,53029300
2020-01-13,299.7029724121094,299.712092126062,297.8478217931054,298.27734079795033,47086800
2020-01-14,299.24591064453125,300.3151199538499,298.6884369921767,299.2641779536659,62832800
2020-01-15,299.9222106933594,300.6807085322573,299.07232051640693,299.1545652539482,72056600
2020-01-16,302.4170837402344,302.4170837402344,301.07369722923175,301.3021641332184,54050300
2020-01-17,303.3583679199219,303.56853962375646,302.3531079591049,303.12990101469194,95846000
2020-01-21,302.7642517089844,303.5684594652837,302.3256132157441,302.39871033494444,77742400
2020-01-22,302.80084228515625,304.2721834050225,302.64550043407195,303.62331742525095,48914900
2020-01-23,303.14813232421875,303.5593838604017,301.03710060172915,302.1520200824009,51963000
2020-01-24,300.4523010253906,303.88845281451574,299.1637441044687,303.80620806071624,87578400
2020-01-27,295.6361999511719,297.1166611579254,294.8685544324489,295.2066810180619,84062500
2020-01-28,298.73431396484375,299.61161940671633,295.727680535974,297.0619199626398,63834000
2020-01-29,298.4874267578125,300.32430953188833,298.2863747731424,300.0958426351734,53888900
2020-01-30,299.45611572265625,299.6663153017545,295.67271852206113,296.42206872649126,75491800
2020-01-31,294.01861572265625,298.99005740584477,293.10474817632047,298.834687651797,113845600
2020-02-03,296.2027587890625,298.067056481467,295.3802835359217,295.499090784858,69083000
2020-02-04,300.71728515625,301.5854705749679,299.4927058581297,299.81256511181664,62573200
2020-02-05,304.19000244140625,304.4002020615823,302.1886577494263,303.65082382168174,65951100
2020-02-06,305.21356201171875,305.40546643081,304.1351768681348,305.14958457567815,50359700
2020-02-07,303.5868835449219,305.22268676878366,303.0385573065691,304.1534770985751,64139400
2020-02-10,305.8531799316406,305.91715735245873,302.66379115886144,302.70035366918944,42070000
2020-02-11,306.38330078125,307.9916890041701,305.85324188570775,307.20577615157714,54864500
2020-02-12,308.35723876953125,308.5674104828042,307.4524908196525,307.81803230663076,43992700
2020-02-13,308.0283203125,308.9970180810693,306.65751842614316,306.9316676478002,54501900
2020-02-14,308.52178955078125,308.6405968326844,307.24238014765734,308.43954479154826,64582200
2020-02-18,307.72662353515625,308.58566124480814,306.33752704004746,307.52557156291806,57226200
2020-02-19,309.1980285644531,309.87428181296707,308.4121156420215,308.69541242931956,48814700
2020-02-20,307.927734375,309.4721730276708,304.9393691304808,308.6496697818951,74163400
2020-02-21,304.75665283203125,306.885952596677,303.934149476926,306.57524088234,113788200
2020-02-24,294.6492004394531,304.82967088286625,293.5708154883239,295.3071862193686,161088400
2020-02-25,285.720703125,296.65055194836293,284.84339802698764,296.0382762665826,218913200
2020-02-26,284.6697692871094,290.7104209886197,283.93868633219154,287.11892786401404,194773800
2020-02-27,271.88482666015625,284.72465849868144,271.88482666015625,279.1500591654127,284353500
2020-02-28,270.7424621582031,272.23207101783856,260.94579899354517,263.83362436216396,384975800
2020-03-02,282.4673156738281,282.53129309523894,269.0974290501747,272.52443233830087,238703600
2020-03-03,274.379638671875,286.8082453931347,271.9396274475978,282.84206278668677,300139100
2020-03-04,285.9126892089844,286.13203646293175,277.20352949945715,279.7532286727096,176613400
2020-03-05,276.40838623046875,281.9007394258582,274.1694273459628,278.71135042930734,186366800
2020-03-06,271.8390197753906,273.045331573346,265.2317755742254,267.9002530665259,228667200
2020-03-09,250.60992431640625,259.71203788804456,249.8971086973447,251.58774146183126,309417300
2020-03-10,263.5777282714844,263.6690927281698,249.94281022843532,260.1233095601224,276444100
2020-03-11,250.7286834716797,257.65581500361225,247.54844229941548,256.5226281848996,255316300
2020-03-12,226.7397003173828,243.69194779831977,226.3467299817304,233.95011542645673,392220700
2020-03-13,246.1227569580078,248.09671374510145,227.11431363180992,240.42935343010782,329566100
2020-03-16,219.191162109375,234.7725944345364,216.9156266338003,220.40659381646842,297240000
2020-03-17,231.0257568359375,234.10550046036911,216.65062185131984,223.93413457519435,262070500
2020-03-18,219.32821655273438,226.977283642767,208.38008698094055,215.9012131690979,327597100
2020-03-19,219.79428100585938,226.07256060162746,212.2183250976438,218.64281290463057,289322000
2020-03-20,210.32244873046875,224.72696071707477,210.0466734873275,222.94363004147445,347158800
2020-03-23,204.94488525390625,211.13137648969655,200.6336404665036,209.76171566084122,326025200
2020-03-24,223.5135498046875,224.3868403910806,214.91865078430803,215.48857598678674,235494500
2020-03-25,226.859619140625,235.6475802643827,220.38816470935495,225.0946770230059,299430300
2020-03-26,240.10585021972656,241.57661392737845,228.93705947674567,229.36910403044877,257632800
2020-03-27,232.95416259765625,239.7473562360883,230.77556488684385,232.8162819931154,224341200
2020-03-30,240.51950073242188,241.23650788451303,233.0552652380832,235.05001734341474,171369500
2020-03-31,236.9344940185547,242.0638491887975,235.52805566114748,239.5175603608972,194881100
2020-04-01,226.27127075195312,236.85174851191033,224.20297754937033,227.95348423990177,189554600
2020-04-02,231.49256896972656,232.27391576246694,224.8372560253544,225.38880648912135,177660400
2020-04-03,228.1465301513672,232.86224312191504,225.41638201331432,230.50897330571124,135561200
2020-04-06,243.47023010253906,245.43741989221715,228.12810503836027,237.0171664651333,188061200
2020-04-07,243.7184600830078,252.8189437055567,243.49785113917028,252.06515907675276,201427200
2020-04-08,251.89968872070312,253.71059517797096,243.82875134404637,246.31988737663727,153774500
2020-04-09,255.73301696777344,258.49074168826115,253.22347737304005,255.1630636276637,189999200
2020-04-13,253.39808654785156,255.09868874078822,249.4913106154663,254.7585739128051,114839100
2020-04-14,260.8716125488281,261.89195738074227,253.26029231760305,258.2885455898214,134143400
2020-04-15,255.32852172851562,261.0094273258755,253.21424949877317,255.1538636035753,121775000
2020-04-16,256.5603332519531,257.4152211975013,253.49006970924398,256.60628411021946,131798300
2020-04-17,263.4913635253906,264.09803815159717,259.5937609848719,262.33311040568213,146684800
2020-04-20,258.8491516113281,263.629217542873,258.628542678586,259.78676762850023,100109300
2020-04-21,250.98971557617188,255.5859232329497,250.05207126025303,254.38171907111592,126385700
2020-04-22,256.5603332519531,258.3068866614787,254.5471919266126,255.87090205979615,92951600
2020-04-23,256.5419006347656,261.00942882801934,256.2385632888214,257.83803449166567,104709700
2020-04-24,260.1177673339844,260.78882372538203,256.00875672334155,258.0586753592096,85063200
2020-04-27,263.8681945800781,264.9896700484018,261.6344450330701,262.09406566675983,77896600
2020-04-28,262.6548767089844,267.86696016171067,262.35151131258954,267.51764391278255,105270000
2020-04-29,269.5307922363281,271.06593788395355,266.9569272587203,267.98647324976343,118745600
2020-04-30,267.021240234375,269.6318823292637,265.28386059929,268.1518891527446,122901700
2020-05-01,259.9523010253906,267.18672684650835,258.78484641412496,262.26877941171466,125180000
2020-05-04,260.6693115234375,260.9726488665371,256.58787713450204,258.06784244223917,80873200
2020-05-05,263.0776672363281,265.8905433416998,260.797938736248,263.49133703836077,79569900
2020-05-06,261.2944030761719,265.1644020355753,260.86235843797067,264.7783363053678,73632600
2020-05-07,264.4473571777344,266.3777697134358,263.9417856328459,264.51171080796263,75250400
2020-05-08,268.8229675292969,269.2917896381727,266.45130891700745,267.58198598128706,76452400
2020-05-11,268.878173828125,270.2570362580128,266.4697652724054,266.8926085627232,79514200
2020-05-12,263.51898193359375,270.4776190002841,263.3810732615767,270.0639771433086,95870800
2020-05-13,258.8583984375,263.9969547866996,256.4315875392969,262.95820745768185,144721100
2020-05-14,261.9562683105469,262.08494754129237,250.94374432958452,256.42244422191715,121977900
2020-05-15,263.1604309082031,263.2063817576998,258.61937607827673,259.56619361268525,111146300
2020-05-18,271.1761779785156,272.78485022076103,269.06193425277155,269.3836462588065,119703800
2020-05-19,268.3909606933594,272.28853594964113,268.3725859611599,270.5787601052246,95189300
2020-05-20,272.9503173828125,273.81440646458674,271.70016265778855,271.9299729869196,85861700
2020-05-21,271.0658874511719,273.63057861267043,269.97198802595636,272.82164175506375,78293900
2020-05-22,271.5807189941406,271.755377128521,269.5400016819818,270.7809833540963,63958200
2020-05-26,274.9267272949219,277.7855828624157,271.59907765243577,277.5465711025609,88951400
2020-05-27,279.0173645019531,279.0541420158943,272.8952128963509,277.7212306525081,104817400
2020-05-28,278.5025634765625,282.06002314727544,277.8315071665672,280.04688227031033,90405200
2020-05-29,279.7435302734375,280.3318301412633,275.2852041805372,278.03372679987336,119090800
2020-06-01,280.8741760253906,281.4808786671015,278.5852740999053,279.10004699838373,55758300
2020-06-02,283.1998596191406,283.24583851794176,280.4605383804992,281.7934214913829,74267200
2020-06-03,286.9687805175781,287.92479945173847,284.9096887083299,285.18544991384636,92567600
2020-06-04,286.21502685546875,287.722596417164,284.1191573072027,285.98521647494385,75794400
2020-06-05,293.5505676269531,295.324696931107,291.5466279553278,291.6109815909454,150524700
2020-06-08,297.0988464355469,297.2918792842742,293.817147742069,294.35949682860377,73641200
2020-06-09,294.8834533691406,297.17235545339963,293.5689168610725,294.43300601196165,77479200
2020-06-10,293.2379150390625,296.3541558774941,292.5209080930624,295.4624908757878,95000800
2020-06-11,276.3331298828125,286.9411829598361,275.7816075129834,286.3069041815128,209243600
2020-06-12,279.6424255371094,284.11912678025476,274.48549461766504,283.3469673510181,194678900
2020-06-15,282.2530822753906,283.38375938311225,272.7757049594633,273.9523329194972,135782700
2020-06-16,287.685791015625,290.14937937635153,282.82302403325144,290.0022973807095,137627500
2020-06-17,286.49072265625,289.0002612917581,285.75531284673434,288.70609736795177,83398900
2020-06-18,286.6011047363281,287.0791002022098,284.5144366960276,284.97405743157583,80828700
2020-06-19,284.9632568359375,290.2629141511341,283.0151069995311,290.0690318089014,135549600
2020-06-22,286.791259765625,287.1882662143913,283.21814537378975,284.3630116638021,74649400
2020-06-23,288.111572265625,290.3736357062622,287.70532390749855,289.4411072237713,68471200
2020-06-24,280.7621154785156,286.6896256665467,278.92478483721464,286.07101147458,132813500
2020-06-25,283.7721252441406,284.03988623160495,278.16776915357684,280.18976894126644,89468000
2020-06-26,277.0321044921875,282.8857657278593,276.45045766240185,282.6733996882287,127961000
2020-06-29,281.1038513183594,281.24233868339707,275.9980771665016,278.2878382488589,79773300
2020-06-30,284.70452880859375,286.4034002697664,280.51282960481205,280.669772485343,113394800
2020-07-01,286.6989440917969,287.9638703985175,285.3601954313995,285.8218387301167,72396500
2020-07-02,288.27777099609375,291.4815764666122,287.61300354993097,290.13355781025984,69344200
2020-07-06,292.72802734375,293.3097024538688,291.3523392224344,292.10019917073765,61713800
2020-07-07,289.7088928222656,293.16197598302176,289.3303419029436,291.1861571430053,82910000
2020-07-08,291.92474365234375,292.03553353353783,288.71172439183437,290.4751769616239,54638600
2020-07-09,290.2628173828125,292.77415781586666,286.84664602686377,292.534094306912,83354200
2020-07-10,293.2265319824219,293.49429293476067,288.7670709526723,290.19815363911744,57550400
2020-07-13,290.68756103515625,297.95382235069326,290.03203541314804,295.57175522796825,102997500
2020-07-14,294.4546203613281,295.23017784397115,288.06546370459,289.2657251994357,93657000
2020-07-15,297.1597900390625,298.25850331831754,294.77769489481517,297.6768282673625,87196500
2020-07-16,296.1811218261719,296.6335232521369,294.61152330631586,295.2578352089557,54622500
2020-07-17,297.039794921875,297.82459424337384,295.21167713283364,297.1875241733961,62774900
2020-07-20,299.4403381347656,300.18819807974637,296.02416620162734,296.7720261466081,56308800
2020-07-21,300.0774230957031,301.8501178028075,299.08949955212785,301.40695821426857,57292200
2020-07-22,301.78546142578125,302.09940368262994,299.6065184526506,299.7173083426101,57792900
2020-07-23,298.1847229003906,302.1271759112681,296.81827635082294,301.42546886593584,75738000
2020-07-24,296.26422119140625,297.2890558358542,294.75925946179956,296.328858018481,73766600
2020-07-27,298.4246826171875,298.6001093174505,296.1626192778823,296.95666037009426,48293000
2020-07-28,296.531982421875,298.81250154862204,296.2365239348657,297.69530442770673,57495000
2020-07-29,300.1789855957031,300.7422051686178,297.37218596811334,297.4091253277657,48454200
2020-07-30,299.10797119140625,299.5234615044289,295.11939379817784,297.20600271794535,61861700
2020-07-31,301.4715270996094,301.5731032762325,296.6796674453573,300.8990939222795,84986800
2020-08-03,303.56744384765625,304.33375941571626,302.5887621937607,303.13349796893095,53077900
2020-08-04,304.7400207519531,304.7400207519531,302.7087786426871,302.7087786426871,41917900
2020-08-05,306.6327209472656,306.89126826301356,305.7740711107244,306.0418321331255,42697700
2020-08-06,308.682373046875,308.8024048039593,305.72787305800415,306.05102897866146,43679400
2020-08-07,308.904052734375,309.19026937092656,306.80817379233406,307.71300494507875,57308300
2020-08-10,309.8272705078125,310.0119109096436,307.41747799040013,309.35638535667545,44282100
2020-08-11,307.2698059082031,311.6462040748988,306.5404296941491,311.0091339906926,69601100
2020-08-12,311.5538330078125,312.32939037175544,309.67956233416606,309.7072598051472,53774400
2020-08-13,310.99053955078125,312.30161861044127,310.06725316908,310.7874154197484,41816100
2020-08-14,310.9998779296875,311.5353999760587,309.87346706744495,310.6028714247222,47260400
2020-08-17,311.9878234863281,312.3848300193641,311.00914180297326,312.01552096127307,35481000
2020-08-18,312.66180419921875,313.0865081681524,310.7875052531915,312.38480129876183,38733900
2020-08-19,311.3600158691406,313.5574147719256,310.79679627269803,313.04037642109654,68054200
2020-08-20,312.3294372558594,312.80953621709097,309.5041820857971,309.6334275776199,42207800
2020-08-21,313.4373474121094,313.658927181265,311.6553828469121,311.9970225596553,55106600
2020-08-24,316.61346435546875,316.68731488840734,313.4096586142327,315.8748181437234,48588700
2020-08-25,317.721435546875,317.8045279741512,316.0133494044836,317.1766997393025,38463400
2020-08-26,320.9067687988281,321.17450165786835,317.76759961775787,318.3123353958914,50790200
2020-08-27,321.6083984375,323.05796511433385,319.94649388256835,321.7746114341692,58034100
2020-08-28,323.685791015625,323.8150646592131,321.4422114288014,322.6332589850596,48588900
2020-08-31,322.51324462890625,324.3505759728523,322.28242297558756,323.473470596124,66099200
2020-09-01,325.55084228515625,325.6523902806764,322.4485848337792,323.34417391191676,54908700
2020-09-02,330.2596435546875,331.22908325949226,326.31719155514446,327.46208615275333,69540000
2020-09-03,318.8938903808594,329.0407984918387,316.3086716590709,328.5699134303295,148011100
2020-09-04,316.2902526855469,321.14672035614166,309.18093559831357,319.57715026354145,139156300
2020-09-08,307.64837646484375,316.35499211221384,307.343704228668,310.8798801569295,114465300
2020-09-09,313.7235412597656,316.188700542301,310.7874686489755,311.6553602505374,91462300
2020-09-10,308.2762145996094,316.2533971603592,307.3159885272084,315.5978714825398,90569500
2020-09-11,308.4331359863281,311.11990351849477,305.6078810919823,310.05812950649084,84680200
2020-09-14,312.49560546875,314.2683283126777,308.58087891635495,311.6000162516437,65605700
2020-09-15,314.07440185546875,315.7824594521563,312.50480343116857,314.9515071825437,52920900
2020-09-16,312.8279724121094,316.74269857760834,312.55096952637047,315.31161561893896,82096000
2020-09-17,310.0765686035156,311.79389633261354,307.44519615617884,307.9714762809404,91523300
2020-09-18,306.50677490234375,310.99336705552685,304.02246845450276,310.8821336756627,105877900
2020-09-21,303.095458984375,303.2437795741085,298.2380798999571,301.9182014330189,99450800
2020-09-22,306.1822814941406,306.73847660305466,302.0664772931383,304.57862001536944,63612100
2020-09-23,299.0816650390625,307.0166334444668,298.5810865385112,306.7385217044883,93112200
2020-09-24,299.87890625,302.9379378728557,296.44905891226836,297.7653868058365,76681300
2020-09-25,304.7269287109375,305.51484110446944,298.1546270152853,299.02596442851154,71069400
2020-09-28,309.7882385253906,310.50200476162365,307.89718658161235,308.8890645006327,64584600
2020-09-29,308.1011962890625,310.3259488282698,307.40595935248126,309.5843740782885,51304000
2020-09-30,310.4372253417969,313.5889606137836,308.573981210121,308.7686396406758,104081100
2020-10-01,312.4301452636719,314.00599831587897,310.54837218800964,313.0326781450821,88698700
2020-10-02,309.4638671875,312.4024144710618,307.0073689601297,307.4801391377748,89431100
2020-10-05,314.9516296386719,315.1370091924181,311.475444751699,311.5217825678193,45713100
2020-10-06,310.4742431640625,317.18561572731545,309.9644141027496,315.0906262164625,90128900
2020-10-07,315.87860107421875,316.6850714131168,313.40354507518236,313.43135342172144,56999600
2020-10-08,318.6780700683594,318.7429656383515,316.89825106833507,317.81598305879504,45242500
2020-10-09,321.5238342285156,321.9873254041977,319.7069567408336,320.32801907426403,59528600
2020-10-12,326.6965026855469,328.1704017681075,323.5725755461636,324.0638752403505,80388500
2020-10-13,324.56439208984375,326.73352777746965,323.6003223544785,326.55739883670304,73255500
2020-10-14,322.5250549316406,326.2329853972063,321.7927590329618,325.1391526992879,57727900
2020-10-15,322.12652587890625,322.608546755077,318.0756155329857,318.61325311451185,60357700
2020-10-16,321.93182373046875,325.1391758909645,321.75569475765025,323.479868968274,89501900
2020-10-19,317.0373229980469,323.8228140214689,316.13814875888556,323.19247265299344,68425600
2020-10-20,318.3073425292969,321.5517821676292,317.621384344044,318.38148870232345,60051900
2020-10-21,317.70477294921875,320.43010419590195,317.3988528335673,318.2609399062844,63575000
2020-10-22,319.4474182128906,320.0314217004003,315.77657552045014,317.91790278181213,55399300
2020-10-23,320.5320129394531,320.7266713466308,318.0755149322923,320.6710546588657,49143900
2020-10-26,314.608642578125,317.9365067637999,311.1139000222835,317.1485658849641,91473000
2020-10-27,313.5240173339844,315.2852783983385,313.3108011782151,314.9515782824497,65994100
2020-10-28,302.8081359863281,313.55186080057024,302.31683634561693,307.85092353477626,127094300
2020-10-29,305.88568115234375,309.05594531130174,301.35272336162404,303.0398382217238,90597700
2020-10-30,302.6968994140625,305.6168888814722,299.0445857878949,304.3098400497384,120287300
2020-11-02,306.0896301269531,308.09188741481535,303.34574158278815,306.0896301269531,86068300
2020-11-03,311.49395751953125,313.55185999385526,306.173086523715,309.3248216610703,93294200
2020-11-04,318.4555969238281,322.5343145343358,314.7940044922087,315.97126216053266,126959700
2020-11-05,324.6664123535156,326.4740399373296,323.38717169903396,323.7394296519222,82039700
2020-11-06,324.5921630859375,325.84359499345544,322.26542819140275,324.37894694815776,74973000
2020-11-09,328.6708984375,337.77387297534375,328.20740720794697,337.3938067723991,172304200
2020-11-10,328.18890380859375,329.24564918548936,324.9166565996286,327.6790464420353,85552000
2020-11-11,330.6269226074219,331.4519224764257,329.13446579265536,330.3766191804443,58649000
2020-11-12,327.41949462890625,330.67321239286036,325.6118956516911,329.6164387197169,67546200
2020-11-13,331.9524230957031,332.69399774467473,328.8099389915463,329.3290469036784,62892200
2020-11-16,336.0960998535156,336.29075828534565,333.3336814245421,334.6222008625587,74541100
2020-11-17,334.2884216308594,335.49351584362677,332.17490268135197,333.68588866910596,66111000
2020-11-18,330.265380859375,335.1042314744775,330.2282936319934,334.5573150999779,70591300
2020-11-19,331.65582275390625,332.02661012404343,328.29087149861675,329.63500754078495,59940900
2020-11-20,329.3847351074219,331.6002372367879,329.31058894212913,331.3962999206507,70417300
2020-11-23,331.3591003417969,332.61981103843897,328.95821946861577,331.19225030951156,63230600
2020-11-24,336.69854736328125,337.24546358278957,333.05551333256483,333.9083212958037,62415900
2020-11-25,336.179443359375,336.6429345632087,335.0856109077494,336.615126222549,45330900
2020-11-27,337.11578369140625,337.5885255934708,336.1053477355722,337.27335489567287,28514100
2020-11-30,335.62322998046875,336.60582901594785,332.9442656786078,336.3369962113714,83872700
2020-12-01,339.29412841796875,340.83292278060395,338.28372087591083,338.87700326166663,74231400
2020-12-02,340.00787353515625,340.1654446970557,337.60699257658405,338.1817171232896,45927000
2020-12-03,339.9151611328125,341.30563466169116,338.81204987009494,339.9058822567246,62882000
2020-12-04,342.8444519042969,342.8444519042969,340.40648362614814,340.4991875255157,50749900
2020-12-07,342.1399841308594,342.6312837481267,340.8700225705228,342.07508856328803,48944300
2020-12-08,343.14117431640625,343.7066201446968,340.82371772977626,340.87005554580287,42458900
2020-12-09,340.0635986328125,343.9569088788108,339.22931988647474,343.79933766667483,74098300
2020-12-10,339.9522705078125,340.9997368715385,337.8201939843313,338.6915597157027,57735400
2020-12-11,339.5537414550781,339.9616160939201,336.7357345003271,338.2559713720657,57698600
2020-12-14,338.033447265625,342.7981226816186,337.8573183246596,341.7228478589244,69216200
2020-12-15,342.6034851074219,342.6034851074219,339.2014749129828,340.5733910132798,63865300
2020-12-16,343.14117431640625,344.0588780721469,341.93607991779965,342.81672473642504,58420500
2020-12-17,345.0599060058594,345.26384325744056,343.9567947299327,344.7818226124563,64119500
2020-12-18,343.6822204589844,345.51616164558806,341.67139953282106,345.3486003375375,136542300
2020-12-21,342.4533386230469,352.3212438699424,337.0260063626711,339.7629543638441,96386700
2020-12-22,341.87615966796875,342.8908742196503,340.7497375927771,342.7791666961401,47949000
2020-12-23,342.1834411621094,344.091844631818,341.8576085573205,342.844396393639,46201400
2020-12-24,343.5145568847656,343.54248376112673,342.07162092303537,342.65808532661873,26457900
2020-12-28,346.46563720703125,346.85661348489737,345.4416043676414,346.0653140903759,39000400
2020-12-29,345.80474853515625,348.1693289377811,345.2182555477863,347.9924491984202,53680500
2020-12-30,346.2981262207031,347.33147772383484,345.90714985399984,346.62395879952305,49455300
2020-12-31,348.0576171875,348.7837445893019,345.59064770765076,346.10265005654054,78520700
2021-01-04,343.31915283203125,349.51917659122995,339.62334376927595,349.3888321963932,110210800
2021-01-05,345.68365478515625,346.7728598923991,342.6301928867929,342.6767566253038,66426200
2021-01-06,347.7503356933594,350.9434604581976,343.62630546858566,344.17555304257576,107997700
2021-01-07,352.9171142578125,353.66185015543977,349.94743227951926,350.12431202693006,68766800
2021-01-08,354.9278259277344,355.1419225171707,351.0551379514854,354.3040877879952,71677200
2021-01-11,352.5353698730469,354.29482021588973,351.632362830576,351.7533887862446,51034700
2021-01-12,352.6098937988281,353.62460854416884,350.36633924065404,352.7216297535115,52547700
2021-01-13,353.5594177246094,354.5554954734266,351.7534035637951,352.53538468344925,45303600
2021-01-14,352.32122802734375,354.80683398556437,351.9861054675014,354.3041217359534,49989100
2021-01-15,349.7518615722656,351.50199335982205,347.88999385755534,350.70140387922305,107160000
2021-01-19,352.4981689453125,353.0381265986138,350.72939994936974,352.2095816653885,51233300
2021-01-20,357.3762512207031,358.21408610198193,354.39725118743416,354.7882275407677,61836100
2021-01-21,357.7020568847656,358.36304045364824,356.78044135246313,357.934790375537,47840100
2021-01-22,356.43603515625,357.59970272379945,355.46785578529006,355.8495421566286,52860500
2021-01-25,357.84173583984375,358.1954668974896,352.3212755983803,357.17146221981005,70402000
2021-01-26,357.2831115722656,359.20083303759526,357.05037810890184,358.7912198692873,42665300
2021-01-27,348.55096435546875,354.05278710492604,346.31672868098127,353.95968803310404,123351100
2021-01-28,351.5485534667969,355.5515576481308,349.928737662884,350.3662492978682,94198100
2021-01-29,344.5107421875,350.65491209093165,342.83504399028214,349.6867328043069,126765100
2021-02-01,350.24530029296875,351.27862337041176,344.7993308471236,347.9086469202224,75817600
2021-02-02,355.1977844238281,356.75245638940856,350.32901877184787,353.4290158638977,64450700
2021-02-03,355.47711181640625,357.19934519602856,354.20173693182824,356.02635940269215,52427100
2021-02-04,359.51739501953125,359.563930354463,355.5888524983493,356.5104680448607,47142600
2021-02-05,360.93231201171875,361.63983074454535,359.47076763289346,361.3884888625458,48669800
2021-02-08,363.5390319824219,363.5855673167599,361.52821120762786,362.38465454642807,38365200
2021-02-09,363.29705810546875,363.892869608151,362.29166170701257,362.7012466027865,35551100
2021-02-10,363.1387634277344,365.1868298240842,360.7369659355189,365.0378769579993,59154400
2021-02-11,363.7252197265625,364.6375452854998,361.2954955929545,364.21861361632875,42913300
2021-02-12,365.5218811035156,365.7639045862191,362.8500770853384,362.9245677029753,50593300
2021-02-16,365.205322265625,366.94619235443565,364.48851345953494,366.75067579926497,50972400
2021-02-17,365.2891845703125,365.54052650809217,362.44050055956217,363.4552435609881,52290600
2021-02-18,363.7345275878906,364.479263411607,360.9603340863235,362.68256763974955,59712800
2021-02-19,363.0921630859375,365.27986352452217,362.645304567679,364.9912762762247,83241000
2021-02-22,360.29931640625,362.7104315988189,360.02933764280306,360.3272432845483,67414200
2021-02-23,360.73687744140625,362.08674292738397,353.9410715012877,358.0930286391464,107284100
2021-02-24,364.7119445800781,365.1401946066292,358.6608745485557,359.64766215783163,72433900
2021-02-25,355.9239196777344,364.8143548239755,354.4809836013045,363.44588095381306,146670500
2021-02-26,354.0899353027344,358.9494104465526,352.10707034788055,357.8043801558379,152701600
2021-03-01,362.6732177734375,363.92069420530373,354.28552261817083,358.95880058810565,105348800
2021-03-02,359.8431396484375,363.12933464925777,359.34042746872507,362.89660121177803,79595300
2021-03-03,355.0768127441406,360.11314003050495,354.9743952442966,359.1449892511198,119940200
2021-03-04,350.68280029296875,357.47860618196836,346.19569221992555,354.89061115902405,183433000
2021-03-05,357.1341552734375,358.18611506318695,346.90320141461257,354.1830824863514,152039600
2021-03-08,355.3559875488281,360.9043440471226,355.07671882284546,358.0929347028177,123149200
2021-03-09,360.4296875,362.9804372731695,358.69813568759565,359.2008479440805,113633600
2021-03-10,362.6732177734375,364.3675242968636,361.36062596963234,362.7756352759854,109899400
2021-03-11,366.3503723144531,368.32394739867954,364.683992879817,365.14016975445605,86245000
2021-03-12,366.8438415527344,366.98347596763745,364.18138400908146,364.99129202536955,64653600
2021-03-15,369.0315856933594,369.29224610193023,364.95408983725906,367.0952268783871,73427200
2021-03-16,368.5660705566406,370.353447865086,367.7933794539433,369.645957368341,73722500
2021-03-17,369.82281494140625,370.6234044689322,366.13629619510306,367.28135513431295,97959300
2021-03-18,364.44207763671875,369.32016304138693,363.7624855423874,367.23487982898274,115349100
2021-03-19,363.7677001953125,365.7197211971754,361.59150389696646,364.1412876855865,113624500
2021-03-22,366.6723327636719,368.0546376770292,364.22530219638827,364.2813388885478,73778600
2021-03-23,363.786376953125,367.48494163658637,363.0018346568089,366.0372793939017,90686600
2021-03-24,361.9371032714844,366.821844910974,361.8904155198871,365.18737456445785,97588600
2021-03-25,363.97314453125,364.76700718739,358.55602665416086,360.4987270317707,116128600
2021-03-26,369.83856201171875,370.2401678212908,364.52419698725413,365.1219312266108,114409100
2021-03-29,369.6517028808594,370.55766731598834,366.8777728890021,368.362802086254,108107600
2021-03-30,368.67108154296875,369.3435503732095,367.07395025683695,368.3815491232856,76262200
2021-03-31,370.16546630859375,371.7252304449524,369.2128139187483,369.2408322683644,112734200
2021-04-01,374.162841796875,374.21890698843123,371.8932703973553,372.09874775674973,99682900
2021-04-05,379.5332946777344,380.0750207457854,376.7500437520767,376.82474984617124,91684800
2021-04-06,379.30914306640625,380.3551993878055,378.6366742165215,378.9729228929124,62021000
2021-04-07,379.7481689453125,380.0937381170486,378.6834430784203,379.1410856568923,55836300
2021-04-08,381.5506591796875,381.6066958698037,380.06562988582067,380.99961272494903,57863100
2021-04-09,384.3246765136719,384.49281512504706,381.3079295009663,381.4293518580536,61104600
2021-04-12,384.46478271484375,384.73561726762654,383.11984489042715,383.7269281507639,56704900
2021-04-13,385.6042785644531,386.23005983073404,383.97915696671816,384.36209348744165,56551000
2021-04-14,384.28729248046875,386.6315702804382,383.7455664130594,385.5761649966313,61659900
2021-04-15,388.4154968261719,388.68635987083064,386.3794207731198,386.42610852089956,60229800
2021-04-16,389.7137451171875,390.3208283501207,388.28475230611167,389.7043961665137,82037300
2021-04-19,387.7991027832031,389.22809574117946,386.4728627845068,388.77980210912494,78498500
2021-04-20,384.9598083496094,387.68702290879025,383.4840991609738,386.5849297445035,81851800
2021-04-21,388.60235595703125,388.80783337951715,384.203275026025,384.3433952935989,66793000
2021-04-22,385.0531311035156,389.26540322576255,383.98840538810305,388.43417324213044,97582800
2021-04-23,389.22802734375,390.6383506535276,385.5388119647193,385.6135180559668,73209200
2021-04-26,390.04058837890625,390.61033277407387,389.29341345395136,389.88182724622914,52182400
2021-04-27,389.95660400390625,390.5356974540181,388.817143509979,390.33954048578113,51303100
2021-04-28,389.8445129394531,391.3482404466595,389.3775214221555,390.2274494039852,51238900
2021-04-29,392.3288879394531,392.94532012603673,388.94787411541165,392.5717326349584,78544300
2021-04-30,389.75103759765625,390.90919573054396,388.8544220293682,390.05926790428015,85527000
2021-05-03,390.5916748046875,392.12339199652814,390.0966649892705,391.7404555728437,68128300
2021-05-04,388.18194580078125,389.0972592506833,384.4927306617044,388.602249482538,101591200
2021-05-05,388.3034973144531,390.0593902091358,387.7431017199729,389.8258944200111,60162200
2021-05-06,391.404296875,391.5350396849246,386.3701143834206,388.3781723084249,74321400
2021-05-07,394.2528381347656,394.9066375343284,391.48825686517847,392.17007461027134,67733800
2021-05-10,390.34881591796875,394.83192244153906,390.22739358037734,394.60777566622943,81852400
2021-05-11,386.8651123046875,387.8551320603856,382.9890883362958,385.8284047975115,116888000
2021-05-12,378.6460266113281,385.3520172707222,377.32910724736956,384.08181415543856,134811000
2021-05-13,383.1945495605469,385.12790123879364,380.14975581622974,380.19647206863493,106394000
2021-05-14,389.07861328125,389.9285412046908,385.9030768823611,385.93109523135814,82201600
2021-05-17,388.088623046875,388.90121223521504,386.0712162573868,387.9672291939465,65129200
2021-05-18,384.7449035644531,388.5929084065509,384.5861139361804,388.35006374080274,59810200
2021-05-19,383.7362060546875,383.9136650884359,378.5712816845553,380.05633959916474,106467100
2021-05-20,387.86444091796875,389.1253236094422,384.49277612741383,384.61416996928796,78022200
2021-05-21,387.546875,390.59166843930177,387.089232490251,389.34945519441624,76578700
2021-05-24,391.4976806640625,392.5717554519268,389.54563104164197,389.7884757512618,51376700
2021-05-25,390.6290588378906,392.9359980945385,390.0499939116139,392.5810799776849,57451400
2021-05-26,391.404296875,391.90862721701114,390.180781318248,391.2174888575059,43088600
2021-05-27,391.60980224609375,392.94539130751554,391.3295901998511,392.4317119770929,56707700
2021-05-28,392.3101806640625,393.4402919789062,392.0766849418198,393.1787779101102,58520200
2021-06-01,391.9646301269531,394.81326667212426,391.5256570082224,394.67317493272026,54216600
2021-06-02,392.5810546875,393.42166217448545,391.60973290730567,392.61842198763014,49097100
2021-06-03,391.12408447265625,392.2635449713107,388.79847572246956,390.2648359999735,58138800
2021-06-04,394.701171875,395.0000532381176,391.1893871156072,392.9732978416649,55938800
2021-06-07,394.3182678222656,394.86931434784225,393.38428486307185,394.69185530536356,51555000
2021-06-08,394.4023742675781,395.2709716921303,392.5717754098022,395.1775676834587,47134300
2021-06-09,393.8139343261719,395.31766180851946,393.58978752250255,395.24292720536323,48436300
2021-06-10,395.64453125,396.5972121670287,393.7205285195885,395.0374479909109,51020100
2021-06-11,396.29833984375,396.41041324763955,394.90671424062083,396.1956153911513,45570800
2021-06-14,397.1855773925781,397.2883018302443,395.1681709071251,396.4103556235315,42358500
2021-06-15,396.4571533203125,397.37243850900103,395.5792069332303,397.3350997073947,51508500
2021-06-16,394.2435607910156,396.8213630595682,392.19816419002484,396.59721625461583,80386100
2021-06-17,394.1128234863281,395.0934942745737,391.6377741374557,393.8326399762295,90949700
2021-06-18,388.79608154296875,391.5228387958726,388.5899319002041,390.8294393593685,118676300
2021-06-21,394.362060546875,394.54947970964827,389.74246700562156,390.55768603100165,72822000
2021-06-22,396.4703063964844,397.3042843043094,393.63108116900446,394.35261904344696,57700300
2021-06-23,395.9925842285156,397.35127326779104,395.9082541719664,396.5454336633295,49445400
2021-06-24,398.3350830078125,398.75673318670397,397.88529422084855,398.13831292432985,45110300
2021-06-25,399.7500305175781,400.19981934817787,398.7567718716343,399.08474110668726,58129500
2021-06-28,400.5558776855469,400.72453776466034,399.07536933086004,400.274777553691,53159600
2021-06-29,400.7713928222656,401.57723223614346,400.237273994288,400.9400528954754,35970500
2021-06-30,401.10870361328125,401.78337248653116,400.28410514640404,400.31221515795005,64827900
2021-07-01,403.3294982910156,403.48880742764095,401.8021208712644,401.8677204331776,53441000
2021-07-02,406.412353515625,406.7684327334074,403.41381877275404,404.49143596219454,57697700
2021-07-06,405.672119140625,406.68413685470637,402.9359824093808,406.4686076794865,68710400
2021-07-07,407.1058044433594,407.38693319644403,404.3415575796705,406.35618496076756,63549500
2021-07-08,403.7885437011719,404.5475424118245,400.6025907077564,401.7832680781666,97595200
2021-07-09,408.0990295410156,408.39888874783514,403.59187628680496,405.29729335492465,76238600
2021-07-12,409.560791015625,409.8138097220538,407.58365342944904,408.01468314938586,52889600
2021-07-13,408.1645812988281,410.2729178438437,407.9022116726275,408.7736505814926,52911300
2021-07-14,408.7736511230469,410.3478974784806,407.5274025459791,409.8606191747878,64130400
2021-07-15,407.3775634765625,408.1084524983558,405.47537611239835,407.4337835093042,55126400
2021-07-16,404.1822204589844,408.60504373099667,403.7886802665075,408.5582032401322,75874700
2021-07-19,398.2132873535156,404.24781810954704,395.4021716073947,399.35647556745073,147987000
2021-07-20,403.91986083984375,405.19424821912867,398.0821000063619,398.87858854389634,99608200
2021-07-21,407.1900939941406,407.33067265477706,403.8729980876093,405.1192467876088,64724400
2021-07-22,408.0427551269531,408.2863942745382,406.38420736629706,407.36808629960854,47878500
2021-07-23,412.2406921386719,412.5780122497424,409.2890267822298,409.97304653950414,63766600
2021-07-26,413.2527770996094,413.26215663692216,411.6036085131249,411.65044900738826,43719200
2021-07-27,411.3692932128906,412.24073218061153,408.53941855758904,412.2126221686252,67397100
2021-07-28,411.2006530761719,412.5781010183634,409.77636464052375,411.99714163798257,52472400
2021-07-29,412.9060363769531,413.9836250033735,412.11892741688575,412.12830695326727,47435300
2021-07-30,410.9007873535156,412.3531856804309,410.207359374989,410.33855849930256,68951200
2021-08-02,410.0386962890625,413.16840161930367,409.68261706413523,412.61555230549715,58783300
2021-08-03,413.3745422363281,413.49636182074306,408.6425090931806,410.83517582420905,58053900
2021-08-04,411.34124755859375,413.3464954516936,411.1069878900075,412.09086705960937,46732200
2021-08-05,413.9461669921875,414.0304970317783,412.18452990878626,412.5031195904007,38969700
2021-08-06,414.63018798828125,415.0518667835452,413.983629086822,414.2647578157139,46930000
2021-08-09,414.2928771972656,414.920677039973,413.5244986888596,414.60208735027624,41222600
2021-08-10,414.8082275390625,415.52038600343246,414.05860812109773,414.74262797604996,43339300
2021-08-11,415.8389587402344,415.93266831269824,414.75199061117655,415.87644828844924,44034300
2021-08-12,417.0852355957031,417.22581426197354,414.78950819398324,415.68905723891174,38909400
2021-08-13,417.84417724609375,417.8629077195423,417.047688884319,417.5349385592653,39470300
2021-08-16,418.8281555175781,418.95932605512974,414.9862914344037,416.5417789840265,73740000
2021-08-17,416.0826110839844,416.9446705471954,413.0934557834653,416.27000163869883,92673900
2021-08-18,411.5285949707031,416.6354666486862,411.2849843863083,415.07059964436183,89351900
2021-08-19,412.1658630371094,413.3653001248854,408.66134715924545,408.80189725667105,92812200
2021-08-20,415.44537353515625,415.7733427277286,412.02518874666305,412.51246706573465,72008700
2021-08-23,419.099853515625,420.00878201499984,415.52035954108516,417.132066923601,54973000
2021-08-24,419.7651672363281,420.2992860816183,419.24980746387826,419.7651672363281,38744700
2021-08-25,420.64599609375,421.16135587884156,419.57775837696613,419.9525966891945,40529700
2021-08-26,418.1627502441406,420.5990271181412,418.0690406883387,420.36476752670717,57829600
2021-08-27,421.901611328125,422.27642103261843,418.9124560362428,418.96867606210947,77235100
2021-08-30,423.7569885253906,424.544097540426,422.33267151100796,422.57631070476276,48357400
2021-08-31,423.1291198730469,424.0005588501911,422.5294300788062,423.6632387027082,59300200
2021-09-01,423.35406494140625,424.5815833267058,423.11980527098797,424.0662234902461,48721400
2021-09-02,424.6564636230469,425.46230297562477,423.4570555334381,424.7782831987027,42501000
2021-09-03,424.5534973144531,425.0688857762042,423.1198291942796,423.52277758325664,47170500
2021-09-07,423.03546142578125,424.3004693240175,422.3607924531319,424.20675973967593,51671500
2021-09-08,422.5199890136719,423.23214734951307,420.5990431330851,422.5012585402549,56181900
2021-09-09,420.7115478515625,424.0755125696742,420.467908695529,422.3232551840981,57970400
2021-09-10,417.39447021484375,423.06354222411983,417.27265062322766,422.64189201792766,89948200
2021-09-13,418.4626159667969,420.65531109155603,416.1481298650124,420.3929414709391,83738600
2021-09-14,416.2044677734375,420.1119029115105,415.314269621711,419.90575326564493,78197100
2021-09-15,419.68084716796875,420.17747647552517,415.52039355154807,416.62609222178327,78792200
2021-09-16,419.0155334472656,420.1305829932493,416.063839190952,419.15608350800755,77786700
2021-09-17,414.9339294433594,418.6658919018536,414.5767094129711,418.2428908298914,118425000
2021-09-20,408.01519775390625,410.38408955076596,403.1457660287209,408.8048283528595,166445500
2021-09-21,407.6297912597656,411.6531636956014,407.10337084294684,410.3559031370975,92526100
2021-09-22,411.6060791015625,413.64597940866713,407.74252679645014,409.90460825882724,102350100
2021-09-23,416.607177734375,418.21466778281064,413.2418450775607,413.47685522277226,76396000
2021-09-24,417.2934265136719,418.00786655031254,414.7553054165893,414.97152508235223,62094800
2021-09-27,416.0995788574219,417.4250108387706,415.40392931593607,416.2593696919336,61371100
2021-09-28,407.7143859863281,413.65544911085703,406.98115550934745,413.32642918282806,130436300
2021-09-29,408.4006042480469,410.83530568589765,407.8365742138815,409.09622503378733,82329200
2021-09-30,403.4089660644531,410.58145048611453,403.0705365902038,409.8764201598323,140506000
2021-10-01,408.203125,409.88580531099444,401.6134614508335,405.13861287211046,129240100
2021-10-04,402.93902587890625,407.9400201839394,400.79570572105376,407.0375892196289,128570000
2021-10-05,407.1315002441406,409.3781818674235,403.6439584161272,404.44296980055765,90682500
2021-10-06,408.8235778808594,409.03038792327897,401.9048940758357,403.5311456620032,113032200
2021-10-07,412.35821533203125,415.19712763222657,411.92580468619974,412.1044146962141,72437500
2021-10-08,411.6060791015625,413.5143886692366,410.9762680936143,413.1289686595899,74557400
2021-10-11,408.6261901855469,413.86222243707743,408.56038046823124,410.9480912711501,65233300
2021-10-12,407.620361328125,409.9516721203581,406.83073074231044,409.54746158614824,71181200
2021-10-13,409.0867614746094,409.9045920067545,405.66502944424553,408.64494135304466,72974000
2021-10-14,415.9679260253906,416.1183359496485,412.28295460047235,412.7529748558683,70236800
2021-10-15,419.1358947753906,419.5025243769304,417.4626236667043,418.0830539008593,66260200
2021-10-18,420.3767395019531,420.71514033276804,416.69176789132155,417.34980775714325,62213200
2021-10-19,423.6199035644531,423.6856846027925,421.39198327728565,422.00303260856737,46996800
2021-10-20,425.28375244140625,425.5845723051379,423.96770139728164,424.0805016742407,49571600
2021-10-21,426.39300537109375,426.6186059313377,424.2497139854905,424.6821246218787,41305400
2021-10-22,425.95123291015625,427.4083131924775,424.00534179657603,425.96064249714215,58845100
2021-10-25,428.23541259765625,428.5644324904607,425.264910041171,427.04157156190274,45214500
2021-10-26,428.620849609375,430.99915087837957,428.2448391545924,429.78651931328756,56075100
2021-10-27,426.7220764160156,429.7490086087516,426.64685709508495,429.0815877462607,72438000
2021-10-28,430.83941650390625,430.9146071296096,428.14150456050857,428.1508854588699,51437900
2021-10-29,431.7136535644531,432.005063860842,428.2449013910372,428.53631168742606,70162400
2021-11-01,432.4562683105469,433.07669852419264,430.7265971184563,432.70065934906575,48433600
2021-11-02,434.2046813964844,434.51491081247156,432.4938008795022,432.62542031361994,48908400
2021-11-03,436.85565185546875,437.25986241274643,433.19888029300824,433.6407005054024,52509800
2021-11-04,438.9142761230469,438.99887631835037,437.1093858933005,437.4571962588007,52847100
2021-11-05,440.4371643066406,442.4300455313022,438.9237129061649,441.14219466561576,66390600
2021-11-08,440.8132019042969,442.0352718144265,440.1269906728055,441.53705147758245,50405200
2021-11-09,439.356201171875,441.4148924790794,437.9461402046262,441.17988231787126,51149100
2021-11-10,435.8216247558594,439.3561866436364,434.336373208753,437.6640963262321,69429700
2021-11-11,435.96258544921875,437.39146541229354,435.9437949662479,437.3162461048895,34848500
2021-11-12,439.2527160644531,439.80733651939306,436.2821846286871,437.2316347180003,53466700
2021-11-15,439.40313720703125,440.7003977259758,438.2751057858588,440.54060690132917,46980500
2021-11-16,441.1422119140625,442.27965290510997,439.0647304076264,439.13992102624314,48857500
2021-11-17,440.0706481933594,441.0576794109191,439.450217915438,440.8790693905585,47858300
2021-11-18,441.56524658203125,441.8284567817868,438.3784954289363,441.1046072166389,50625600
2021-11-19,440.7756042480469,442.70267579983584,440.4089746825623,441.4524058684626,57315600
2021-11-22,439.53472900390625,445.1467717517106,439.32791895320247,442.65567024625074,72762000
2021-11-23,440.1175842285156,440.9730245653836,436.60184177692975,439.20574375407494,73206500
2021-11-24,441.2926330566406,441.4148429167893,437.2974607646824,438.115291443818,61858800
2021-11-26,431.450439453125,436.08483277035555,430.32237924723853,434.61837171536075,112669600
2021-11-29,436.7428283691406,438.5852997432788,434.0449166850697,436.24460804442816,86268800
2021-11-30,428.244873046875,436.207017697208,428.0004533224309,434.29873651759567,148559600
2021-12-01,423.4882507324219,436.8086374124799,423.290850257439,433.9603158081163,131939200
2021-12-02,429.97454833984375,431.54442870471775,423.3096641820062,423.7044938415965,127637800
2021-12-03,426.233154296875,432.70060850783227,422.0029722635854,431.6383868949673,137331600
2021-12-06,431.28118896484375,433.1612699645703,426.36476682296546,428.78067779267633,98977500
2021-12-07,440.2021789550781,440.7662090115453,431.1495840464495,436.5642266881175,95484700
2021-12-08,441.3677978515625,441.8190276116101,438.83908665382853,440.5969864571496,72238800
2021-12-09,438.38800048828125,441.47133293738773,438.1905999674139,440.08006232839136,61272600
2021-12-10,442.51470947265625,442.66511941343407,438.53835603543934,441.09526765313603,77159800
2021-12-13,438.5946960449219,442.3454484006168,438.3126666867193,441.99763801115,87724700
2021-12-14,435.5771484375,437.8144493976514,432.6536362786152,435.3233478323497,97264100
2021-12-15,442.383056640625,442.6274476583098,433.1142425689226,435.6335728638,116899300
2021-12-16,438.48193359375,444.5169779638093,436.930843709259,444.23497726904446,116568600
2021-12-17,433.8151550292969,438.4092309837767,432.1077064463905,435.3999644120147,135511600
2021-12-20,429.2022705078125,429.59845850346267,425.5798363191293,428.7305989396733,107134800
2021-12-21,436.824462890625,436.9659586009306,430.4568968299471,432.62657449075914,69806300
2021-12-22,441.1921081542969,441.3053047127946,436.3716102556049,436.56973302152085,58890200
2021-12-23,443.9372253417969,445.43713726995674,442.08828110682884,442.19203501921226,56439700
2021-12-27,450.2200012207031,450.26715686699845,445.2674492405583,445.3146048868536,56808600
2021-12-28,449.8520202636719,451.6821081838997,449.0879146544429,450.65386765775884,47274600
2021-12-29,450.4274597167969,451.4462575660911,448.9558468297353,449.9557881814939,54503000
2021-12-30,449.1822509765625,451.8613419081985,448.72002207295793,450.8519578886304,55329000
2021-12-31,448.0502624511719,449.8426087104167,447.7767136605498,448.69175768390534,65237400
2022-01-03,450.6444091796875,450.77649102777576,447.0031187538817,449.31429199851436,72668200
2022-01-04,450.4935302734375,452.7858761115812,448.6351430318022,452.0689260726104,71178700
2022-01-05,441.84307861328125,450.8991788038624,441.7487385385624,450.12563049513625,104538900
2022-01-06,441.4279479980469,444.1447805813084,439.060147736231,441.38079236108484,86858900
2022-01-07,439.6828308105469,442.6166431471201,438.32441429273644,441.43746414128117,85111600
2022-01-10,439.13568115234375,439.3526316532516,430.7304901894249,436.48488919074714,119362000
2022-01-11,443.1354675292969,443.22980760686403,435.87171338487093,438.87156663562837,74303100
2022-01-12,444.33349609375,446.3900061138433,442.37135493830107,444.8712086177971,67605400
2022-01-13,438.2111511230469,446.08807144277097,437.18291064083445,445.4371624273771,91173100
2022-01-14,438.3904113769531,438.739443721602,433.8434906759854,435.0604113490844,95890900
2022-01-18,430.6266784667969,433.9000801446297,429.51354052849086,433.6925435130348,109709100
2022-01-19,426.1552429199219,433.5699058238336,425.88166536173696,432.17377646871046,109357600
2022-01-20,421.43853759765625,432.749212360242,419.3160155840139,428.04193941787696,122379700
2022-01-21,413.1654052734375,422.6742906855869,413.1371061330772,420.3159330270776,202271200
2022-01-24,414.9200744628906,415.42948785761394,396.92109866435106,407.5525662882195,251783900
2022-01-25,409.8543395996094,414.8068916212734,402.9490601572942,408.52422217345065,167997300
2022-01-26,408.8260498046875,418.8820910132849,404.56212043743244,415.7501849161173,186391100
2022-01-27,406.8072814941406,416.5708886311564,405.11871802199556,413.4295686804275,149878300
2022-01-28,416.9104919433594,416.95764758264465,403.5810494178644,408.16568303658295,164457400
2022-01-31,424.4194641113281,424.7684964246404,414.891693794857,416.24066741224294,152251400
2022-02-01,427.2873840332031,427.9288506051557,421.61788125903354,425.1459761933271,123155400
2022-02-02,431.43798828125,432.1643521308704,427.38159553014776,429.6927977248774,117361000
2022-02-03,421.2969665527344,427.3060565284403,420.4573775100793,425.4005141363684,118024400
2022-02-04,423.278076171875,427.12690349554987,418.68397092224063,421.0612140470099,118454400
2022-02-07,421.9196472167969,425.43829858096694,420.58952998140325,424.04216920738406,84472900
2022-02-08,425.39117431640625,426.31566099325914,419.9952501952537,421.41970760411243,81012000
2022-02-09,431.61724853515625,431.9379817631401,429.2305914308077,429.4286854386847,92589900
2022-02-10,423.8629150390625,431.7775484247765,421.86303233721947,425.76845767621467,140103700
2022-02-11,415.5048522949219,426.02312105241583,414.070981289909,423.94778371267705,153214600
2022-02-14,414.146484375,416.5803257355876,410.67498861776903,414.9955162101405,123006300
2022-02-15,420.8253173828125,420.9951122132897,418.0707431602709,418.58959908256503,88482700
2022-02-16,421.2969665527344,422.67423919673604,416.90098495815226,418.7782282133112,84863600
2022-02-17,412.29754638671875,421.2687487717077,411.693821753136,418.10854352626,102259100
2022-02-18,409.62786865234375,413.80687151261105,407.3544084156553,412.55220911710694,132642900
2022-02-22,405.23193359375,410.8259516984403,401.7321096953835,407.4204966635997,124391800
2022-02-23,398.04364013671875,408.71284849771104,397.477628508236,408.1468368692283,132578000
2022-02-24,404.0338134765625,404.4677720037459,387.3744006844994,387.73284685817333,213942900
2022-02-25,412.94842529296875,413.0333227139032,403.61874859349035,405.26959895160047,121804500
2022-02-28,411.89190673828125,413.37296233027865,406.29788900505855,407.5525226744369,145615000
2022-03-01,405.61865234375,412.40129113186845,402.9112336256211,410.3919658423738,137785900
2022-03-02,413.0805358886719,414.8068411449072,407.1186004140651,407.8732634005898,117726500
2022-03-03,411.0240478515625,416.1180952528959,409.22225892771945,415.51437058927706,105501700
2022-03-04,407.6846008300781,408.8165952787163,403.63765086397046,407.2883840604993,113978200
2022-03-07,395.66644287109375,407.80726559886233,395.6004019359383,407.09975817846976,137896600
2022-03-08,392.6665344238281,403.0055659240811,391.6005521986846,395.84559581407734,164772700
2022-03-09,403.19427490234375,405.1753011556901,398.86433355936276,401.05289644474624,116990800
2022-03-10,401.3736877441406,402.269846539242,396.61922980556955,398.5813710564199,93972700
2022-03-11,396.2701721191406,404.4772404206204,395.7607587468195,403.86407311815816,95636300
2022-03-14,393.3740539550781,400.4962825052735,392.23261691926257,397.0436722577172,95729200
2022-03-15,402.0245361328125,402.65655987964084,394.7136272071247,395.9871173439881,106219100
2022-03-16,410.93914794921875,410.99574623645054,400.7321679197033,405.53380999874116,144954800
2022-03-17,416.080322265625,416.080322265625,408.646774491688,409.02410595061707,102676900
2022-03-18,420.6376037597656,420.95933337461315,413.72981682419214,414.467909206015,106345500
2022-03-21,420.5146484375,422.47341335215924,417.00395167542,420.46731741839125,88349800
2022-03-22,425.43524169921875,426.37204353660803,421.9056299675631,421.9056299675631,74650400
2022-03-23,419.956298828125,424.3943252385868,419.871137651901,422.89922534823637,79426100
2022-03-24,426.2868347167969,426.29630669485863,420.8647048360825,421.9813008840571,64736900
2022-03-25,428.3686828613281,428.64311034533864,424.3375472885619,426.92088512262796,77101300
2022-03-28,431.4156799316406,431.4156799316406,425.8799725760659,427.7725201247763,68529800
2022-03-29,436.7526550292969,437.24473588066155,432.61744319877937,435.30485728967426,86581500
2022-03-30,434.0557861328125,436.42147053755207,431.94558524771077,435.60766008577025,79666900
2022-03-31,427.3751220703125,434.11258705050625,426.9209002404847,433.2893334473063,121699900
2022-04-01,428.5863037109375,429.0972707248986,425.0093902232998,428.9553354432427,89048800
2022-04-04,432.25787353515625,432.3619786728985,427.96181114365424,428.7850647544049,59601000
2022-04-05,426.7978820800781,433.23253253806155,425.6528988378104,430.7627717165602,74214500
2022-04-06,422.5301818847656,424.81070528964915,419.64405824278475,422.8803274607899,106898000
2022-04-07,424.65924072265625,426.47609894481815,419.70077574327007,421.6500972677455,78097200
2022-04-08,423.5237121582031,426.4193072695884,421.9812814601947,423.90221584948597,79272700
2022-04-11,416.28472900390625,421.09178658035466,415.7832051098399,420.24958914576314,89770500
2022-04-12,414.7423095703125,421.80150331220403,413.19040683522564,419.2749398176844,84363600
2022-04-13,419.4925537109375,420.24956105130474,414.3164358847849,414.49623018176845,74070400
2022-04-14,414.2692565917969,420.8363997335564,414.1651514467899,419.7197745901484,97869500
2022-04-18,414.43951416015625,416.1238802748247,412.2062931005156,413.341833148195,66002500
2022-04-19,421.1296691894531,421.8488175877449,414.1650795150678,414.33540185587515,77821000
2022-04-20,420.8173828125,423.5237406996165,419.65348460531936,422.9086685500845,65224400
2022-04-21,414.524658203125,425.8326405645599,413.61624352930863,424.44161705872466,85417300
2022-04-22,403.1504821777344,414.54359749502777,402.5827121441921,413.43647336370464,132471800
2022-04-25,405.4877624511719,405.65808479066646,396.33728283967,400.90780109531795,119647700
2022-04-26,393.7445068359375,403.1504700703284,393.71611977901205,402.95173179386785,103996300
2022-04-27,394.8516540527344,400.198124069915,392.7130949238464,394.8232669941469,122030000
2022-04-28,404.8254089355469,406.55710623337256,395.16396112082083,399.601987737978,105449100
2022-04-29,389.8647766113281,402.9895886209459,389.1172122790781,400.8320856724879,145491100
2022-05-02,392.2115173339844,393.5741537158079,383.25974771045304,389.93099434604335,158312500
2022-05-03,394.0094909667969,396.4224776148035,391.1517255979903,392.7131004763314,100028200
2022-05-04,406.0082092285156,406.5759792490273,391.48290152050896,394.67183940897127,144247900
2022-05-05,391.5775146484375,402.16631958492377,387.44230322988835,401.7404848718178,172929100
2022-05-06,389.2402038574219,392.51430263534195,383.9316224860018,389.01310741996485,151770800
2022-05-09,376.77777099609375,384.5750561979862,375.19748138207063,383.3354400955876,155586100
2022-05-10,377.6484069824219,384.26285159656214,373.60782825671424,382.75827972149085,132497200
2022-05-11,371.6489562988281,382.3323933257538,370.90139206919764,376.68313878017256,142361000
2022-05-12,371.260986328125,374.5350849474075,364.4572767318207,368.45055253884505,125090800
2022-05-13,380.1371154785156,381.51866715299093,374.35536749244255,375.396274457315,104174400
2022-05-16,378.59466552734375,382.26621234005705,376.2384531036934,378.4905892750784,78622400
2022-05-17,386.3824768066406,386.61904522716617,380.9508462343475,384.6886388298432,83029700
2022-05-18,370.80682373046875,382.1053347959958,369.56720740842707,381.82146421765935,117674500
2022-05-19,368.53582763671875,372.9644114675759,366.31207818026047,367.74096102040795,98510700
2022-05-20,368.6966552734375,375.69907542713753,360.09503013105126,372.12216171567013,131432200
2022-05-23,375.59490966796875,376.36138893220135,369.40627257344516,371.72462544104593,76414900
2022-05-24,372.7278137207031,373.92009911254564,366.17011411463403,371.46925335188774,91448800
2022-05-25,376.0207824707031,377.9890479746067,370.83522098115014,371.2326397707966,91472900
2022-05-26,383.5341796875,385.1712435361306,377.0427561590206,377.2509375219795,82168300
2022-05-27,392.9495849609375,393.06313317262965,385.7957588445441,385.9944682150054,84768700
2022-05-31,390.74481201171875,394.08515718858496,388.00062391684565,391.33149711527295,95937000
2022-06-01,387.5842590332031,393.87697365023195,385.06716741079504,392.8644826922193,86585800
2022-06-02,394.9652404785156,395.0125426179488,385.17130074310455,387.42343703743313,79609600
2022-06-03,388.4832458496094,391.79520408065434,387.5085850110212,390.2433012195324,71874300
2022-06-06,389.6660461425781,394.22706332553315,388.4926471442496,392.4953952002465,57508900
2022-06-07,393.40374755859375,393.8579692484156,385.71053915022054,386.1742328162813,59272400
2022-06-08,389.1266784667969,393.47954333395916,388.33181201108613,391.6910721501235,64350000
2022-06-09,379.8721008300781,389.61870798841755,379.8721008300781,387.34765697732666,86289800
2022-06-10,368.85748291015625,374.5162101273659,368.8101807755536,373.6645695586442,132893900
2022-06-13,354.8526916503906,361.29681422052283,353.2440145637145,359.4421255713329,170004900
2022-06-14,353.7833557128906,357.6346967344851,350.6795790257293,356.60326183152415,104011800
2022-06-15,358.8269958496094,363.27446487884,352.1273619331276,357.08582684228884,125666800
2022-06-16,346.9512634277344,351.0107858866292,344.51933296816924,350.6038951062925,134473300
2022-06-17,347.69921875,351.04450954430285,344.1924117569051,347.36661545178714,111113900
2022-06-21,356.4520263671875,357.83954577017596,353.35383919081494,353.4298843377524,76811900
2022-06-22,355.80584716796875,359.92089960070416,351.80480446926504,352.22296583921377,90059400
2022-06-23,359.2936096191406,360.0253774175742,354.380257681737,357.944112743824,79292100
2022-06-24,370.71697998046875,370.7264928757993,362.43933990911876,362.4678495923808,98050300
2022-06-27,369.3009033203125,371.93339374615164,368.20799359853146,371.6387840560035,66009600
2022-06-28,361.7550354003906,373.6440649503389,361.6409966809316,370.859513206885,86548900
2022-06-29,361.4604797363281,363.2946704214848,359.6358019467903,362.3063153699562,65676000
2022-06-30,358.5238037109375,361.76453925396646,354.06660685286846,357.563929508268,112508300
2022-07-01,362.3157958984375,362.7529830546203,355.2451042734922,357.8681111996678,74839700
2022-07-05,363.0000305175781,363.0190563072348,354.38975859425415,357.221845993929,81438000
2022-07-06,364.22601318359375,366.7159554565062,360.75719981096245,363.1425872465519,70426200
2022-07-07,369.6810302734375,370.4793302796413,364.2449625145711,366.0031367080708,64525900
2022-07-08,369.3769226074219,371.24913544426704,366.51632594229847,368.04639364512565,72397800
2022-07-11,365.15740966796875,367.66634894711177,364.4636353318297,366.6969906578774,58366900
2022-07-12,361.9261169433594,366.99155941529256,360.17745545859367,364.60614303529803,62219200
2022-07-13,360.0253601074219,362.9620020597862,356.0623697104502,356.4805310045145,84224600
2022-07-14,359.1510009765625,360.2343976523002,352.62202423836516,355.0644304558433,89704800
2022-07-15,366.01263427734375,366.12667298735175,361.6504796031944,363.5606860012762,79060400
2022-07-18,362.99053955078125,369.7761047012278,361.7645652536722,369.1013562443131,63203600
2022-07-19,372.7981872558594,373.36840979135206,366.2597263907414,366.9154489534266,78506000
2022-07-20,375.1741943359375,376.5902526755153,371.61985165018353,372.9883745137026,71843800
2022-07-21,378.99462890625,379.04213537491796,372.1900378364041,374.5944510061109,64903900
2022-07-22,375.478271484375,380.31560739398503,373.2544293512537,379.1181717855212,72197300
2022-07-25,375.9344177246094,376.78973707432243,373.6915500269605,376.1054757940071,53631500
2022-07-26,371.4867248535156,374.49935379005854,370.59338295368127,374.2902731538691,52946400
2022-07-27,381.1329040527344,382.8815653652331,374.4898588407444,374.7844685236655,82342100
2022-07-28,385.91326904296875,386.6070143182949,378.38639383024014,381.9407652653173,73966600
2022-07-29,391.53936767578125,392.52775161157655,386.5784802133014,387.3482705951752,87003700
2022-08-01,390.3798522949219,392.8888197367453,388.1275009339841,388.84027182049465,69997500
2022-08-02,387.8044738769531,392.49926155328086,386.6260350117583,388.81185464934134,63435400
2022-08-03,393.87725830078125,395.0461841555904,389.6481388511842,389.9332356443753,67820600
2022-08-04,393.6111755371094,394.48549174301655,391.96703995040895,393.80123040665455,45656600
2022-08-05,392.9458923339844,393.59213106466996,389.2679987016488,389.3250180600784,56814900
2022-08-08,392.48974609375,396.8899240250277,391.3873233872075,394.63757214293867,53886100
2022-08-09,390.9311218261719,392.26162182953084,389.85720892972773,391.75793150673337,44931800
2022-08-10,399.1423034667969,399.2848808891106,396.0346319089587,397.9923742118508,68665700
2022-08-11,399.1423034667969,403.8561172277085,398.4010226822332,401.99338786938506,59489700
2022-08-12,405.8993835449219,406.0039093837423,400.1306825479558,401.0810440036907,61694500
2022-08-15,407.5718994140625,408.09461548737096,403.6279061465154,403.6849254995712,54048300
2022-08-16,408.3703308105469,410.29956341351703,405.69030453369277,406.49811757493705,59289000
2022-08-17,405.4716796875,408.18021543915523,403.4664310836019,404.7684215424708,63563400
2022-08-18,406.650146484375,407.3343788381746,404.3787688555106,405.67124641632466,49023200
2022-08-19,401.18560791015625,404.15073107861025,400.3112625899229,403.88463102510104,68016900
2022-08-22,392.83184814453125,396.5192546194772,391.92899331076484,396.34816754384633,77695600
2022-08-23,391.88153076171875,394.7991472328157,391.33030490584025,392.40421793285645,49105200
2022-08-24,393.13604736328125,394.5045412160434,390.96922434253923,391.65345676755487,49177800
2022-08-25,398.6861572265625,398.7336636998838,393.5351851989176,394.6280951098861,50942300
2022-08-26,385.19091796875,399.1137045548559,385.1338986136642,398.57202068154095,103087000
2022-08-29,382.6440124511719,385.6946644031111,381.285002619314,382.23536401267944,65370800
2022-08-30,378.4434509277344,384.0410941747674,376.3431600994594,383.80350379591675,85652400
2022-08-31,375.56378173828125,381.3229690519403,375.4307462340977,380.07799803546214,76029700
2022-09-01,376.7422180175781,377.08433414493715,370.6789086257784,373.3874439782647,78740100
2022-09-02,372.7697448730469,381.6271200488621,370.9545511254495,380.41065862148133,99632100
2022-09-06,371.3631896972656,374.55638973388335,369.1393477426086,373.6155413307237,76637400
2022-09-07,378.0347595214844,378.8045499413538,370.8310328137159,371.0495973756983,70964200
2022-09-08,380.505615234375,380.9617700406463,374.55634494566635,375.76332221027627,80821700
2022-09-09,386.4169616699219,387.2817940480387,382.4824514443837,382.74855148359427,76706900
2022-09-12,390.57000732421875,391.2922912350759,388.1845910416869,388.488713636019,69256300
2022-09-13,373.5871276855469,383.0907430985461,372.4657080274688,381.88376537934636,122947100
2022-09-14,375.0125427246094,376.5331264751755,371.70527524233233,374.8889911257345,85023700
2022-09-15,370.7549743652344,376.30508130578556,369.4814936051546,373.4539971854713,87633800
2022-09-16,367.92645263671875,368.5848978908551,364.634226366037,366.57141249187293,103084800
2022-09-19,370.77978515625,370.77978515625,364.70111961719556,364.77747715242447,73278500
2022-09-20,366.52374267578125,368.4609000016925,363.7659311992638,367.4493811490609,77274900
2022-09-21,360.1301574707031,371.50498233585387,360.1206054997159,368.45132204995605,106746600
2022-09-22,357.10516357421875,360.9985532046951,356.36083780125125,359.35721571534805,89472600
2022-09-23,351.1219177246094,353.66978968711527,346.67503807204696,353.63161092219536,122346900
2022-09-26,347.6484375,353.2785977292494,346.4269789108684,349.6524007332908,92581200
2022-09-27,346.7608947753906,353.4598260291323,344.3656797923764,351.1886701822386,108294100
2022-09-28,353.58392333984375,355.27296245080464,346.01660643811806,347.71519752115427,110802200
2022-09-29,346.1979064941406,350.3203103402681,343.24923029563433,350.03404240715685,112952300
2022-09-30,340.8443908691406,349.17513541791743,340.71080890264614,345.25309083505823,153711200
2022-10-03,349.84320068359375,351.6944777642895,342.7816430249758,344.56611454293574,89756500
2022-10-04,360.6836853027344,360.71231209913736,349.8050658415785,355.36842016959133,103602800
2022-10-05,359.8439025878906,362.1055067151951,353.9847287224127,356.3131384107271,88065700
2022-10-06,356.1318054199219,361.3993391526018,355.6355688484854,358.441111032702,82333500
2022-10-07,346.1979064941406,356.2176918591457,344.432509914981,352.09525889115315,107789500
2022-10-10,343.5545959472656,347.5529700367685,341.31209570408595,347.3144037026543,76042800
2022-10-11,341.37890625,346.42697853829924,339.44174858833856,341.8560389658956,92482800
2022-10-12,340.2527770996094,343.3636907851623,340.0046588434037,341.7891591233935,76991800
2022-10-13,349.2324523925781,350.7020290219594,332.18925999717504,333.23895758959026,147254500
2022-10-14,341.2738342285156,353.32620716656004,340.6344637944201,351.6943928689464,123737000
2022-10-17,350.0435791015625,351.1505302643893,340.9398806417008,347.36209613161253,93168200
2022-10-18,354.156494140625,358.2789273270504,350.7115811797056,357.9735554343078,97162900
2022-10-19,351.6467590332031,354.8435535760599,348.8316647816131,352.11433970586495,79746900
2022-10-20,348.6980285644531,355.6260028050626,347.934598978762,351.198198573637,88283100
2022-10-21,357.1719665527344,357.65862205185954,346.91361459894165,348.4213409562037,131038400
2022-10-24,361.5424499511719,362.67802786353946,356.0458731062238,358.6987583066402,85436900
2022-10-25,367.31585693359375,367.6307517074169,361.3516980804559,361.46620527093705,78846300
2022-10-26,364.54840087890625,369.85411334727513,363.90905946867207,364.16670060269513,104087300
2022-10-27,362.60174560546875,367.39214701251325,361.9814498519805,365.55042194011406,81971800
2022-10-28,371.2283020019531,371.70543468470186,362.3154669828309,362.49677973202483,100302000
2022-10-31,368.5467834472656,370.6366267278111,367.64024890976526,368.7662749442344,96631300
2022-11-01,366.93408203125,372.5356437948338,365.76035435229414,372.29707747025043,85407600
2022-11-02,357.7254638671875,370.85616501782636,357.6205086522629,366.34247921682703,126990400
2022-11-03,354.0419616699219,357.08607016392386,351.92349163838855,354.4809155332156,87100100
2022-11-04,359.1377258300781,361.5424637304622,353.0781357834755,359.75799240640606,103505200
2022-11-07,362.5730895996094,363.16472938893213,358.3552244250396,360.435515659066,68286900
2022-11-08,364.529296875,367.50659956170625,360.44504309059437,363.679986890698,84641100
2022-11-09,357.019287109375,363.7086962893126,356.52305050737357,362.55401428993724,78495500
2022-11-10,376.63897705078125,376.9729757332263,368.0028876550996,370.30264142200895,141455800
2022-11-11,380.28424072265625,381.08582000984256,375.60831786460767,377.4977734770305,93839900
2022-11-14,377.0492858886719,381.8778657875463,376.77254080840333,378.5188625471577,71903500
2022-11-15,380.2651672363281,383.91046764433503,376.44810606485254,382.8035164099832,93194500
2022-11-16,377.3642272949219,379.5876526465697,376.73440869768956,378.63338733958733,68508500
2022-11-17,376.2095642089844,376.88711357872995,372.29709955126145,372.60244233222005,74496300
2022-11-18,377.9176940917969,379.6162851991159,375.06445009963727,379.54947963736595,92922500
2022-11-21,376.5435485839844,377.7173054097724,374.70182350827446,376.59127932303574,51243200
2022-11-22,381.6107177734375,381.772955700867,377.0779572405803,378.4902804799536,60429000
2022-11-23,384.0154113769531,384.5020668220049,381.0476314864747,381.2766458135579,68261600
2022-11-25,383.92950439453125,384.4829945177539,383.17565585566234,383.45237179541095,30545400
2022-11-28,377.80316162109375,382.47905555883773,377.03973194191514,380.83771815093434,67881600
2022-11-29,377.15423583984375,379.1295426207394,375.3124819183031,377.93671115122805,52310000
2022-11-30,389.0348205566406,389.0348205566406,375.4842725098609,377.4023257136843,144566700
2022-12-01,388.7485656738281,391.2487358630156,386.2388435135502,390.07497917155587,76398200
2022-12-02,388.3000793457031,389.20661386702676,383.7482445522166,383.8531997520255,85342700
2022-12-05,381.3148498535156,386.4106228219642,379.9598094992948,385.4754615098056,77289800
2022-12-06,375.81829833984375,381.69657620844976,373.7284840801718,381.1526671084108,77972200
2022-12-07,375.17889404296875,377.5454821251701,374.0433161720851,374.96895454275847,65927900
2022-12-08,378.1180114746094,379.1867837767733,375.2838428310427,377.06834311332335,60737900
2022-12-09,375.2934265136719,379.4349340954439,375.1693673749268,376.87751028175563,81447700
2022-12-12,380.7041320800781,380.7041320800781,375.41749445562255,376.0854626556509,75405800
2022-12-13,383.5859680175781,391.7162967072409,380.81860487443333,391.4586555975836,123782500
2022-12-14,381.1335754394531,386.9545999060633,378.1848989989114,383.2424937114521,108111300
2022-12-15,371.8104248046875,377.1733915827472,370.15001236187896,376.2668278226688,117705900
2022-12-16,367.4207458496094,370.59386612148,365.2829810609633,369.2517657317392,119858000
2022-12-19,364.3050842285156,367.9479610000422,362.6370475272463,367.6124286419873,79878100
2022-12-20,364.8035888671875,366.42370486544144,362.2248257341367,363.54776346105064,74427200
2022-12-21,370.2583923339844,371.38958923394796,366.8647723784969,367.40161257697446,78167400
2022-12-22,364.9761657714844,370.23912957543627,359.2722031883447,367.20980089104194,100120900
2022-12-23,367.07562255859375,367.21941379519086,362.39741929068407,363.950423157118,59857300
2022-12-27,365.6280212402344,367.3056537714611,363.95038870900765,366.96055483629175,51638200
2022-12-28,361.08416748046875,367.5358756270886,360.8541014444145,365.5610348804236,70911500
2022-12-29,367.5837707519531,368.4561434188278,363.40405276866323,363.9313264054412,66970900
2022-12-30,366.615478515625,366.75926975895635,362.7808893302895,364.89952091921486,84022200
2023-01-03,365.072021484375,370.4500180533657,362.2056465586836,368.4752072280289,74850700
2023-01-04,367.8905029296875,369.92283055639075,364.28597966385496,367.3344711039099,85934100
2023-01-05,363.691650390625,366.0499147712704,363.09729369153195,365.93488176571645,76970500
2023-01-06,372.0318298339844,373.153460042991,363.72037415912655,366.78802795358683,104189600
2023-01-09,371.8208923339844,377.4194177778674,371.6387762794701,374.2271061896771,73978100
2023-01-10,374.42840576171875,374.4955180862106,370.29663872249137,371.2361234986063,65358100
2023-01-11,379.1640930175781,379.2408011692247,375.195309209713,376.010165101327,68881100
2023-01-12,380.5445861816406,382.0113152345906,376.19234893637963,380.2665995563064,90157700
2023-01-13,382.02099609375,382.5961903957007,377.0743719059296,377.3427920127603,63903900
2023-01-17,381.3211364746094,383.67942996148565,380.64050506445955,382.00179714035386,62677300
2023-01-18,375.3008117675781,383.57394241937,375.0995040316948,382.5098579883935,99632300
2023-01-19,372.5686950683594,374.9077675297641,371.2457571335137,373.2588930285292,86958900
2023-01-20,379.50927734375,379.66266441415144,372.31942298138915,373.96829741871426,91806400
2023-01-23,384.0628967285156,385.99935386476415,379.3559346776604,380.31458203818664,84178800
2023-01-24,383.650634765625,384.56133208460926,381.19650018692624,382.3852133953482,59524900
2023-01-25,383.7944030761719,384.12993543916394,377.2851805542504,379.57636134944494,84800300
2023-01-26,388.0124816894531,388.1754645974599,383.4876654146606,386.4594777963223,72287400
2023-01-27,388.9039611816406,391.2814165991372,386.75660096944296,386.9675045085401,68346200
2023-01-30,384.02447509765625,388.37674154050546,383.72729680861056,386.14307720021804,74202000
2023-01-31,389.6709899902344,389.71891065606565,384.19709249266276,384.5422207556733,86811800
2023-02-01,393.8122863769531,396.5636286134995,385.7117345077939,388.45345165426824,101459200
2023-02-02,399.5450134277344,401.01174260046105,395.8062948752539,397.704397771963,101654500
2023-02-03,395.2982177734375,399.7271635935274,394.0903128204698,394.56963646776256,94736800
2023-02-06,392.8824157714844,394.2820619137646,391.22397464206705,392.8440909429574,60295300
2023-02-07,398.0207824707031,399.2670122823971,390.7158945853212,391.9621243970152,90990700
2023-02-08,393.6684875488281,397.388043561494,392.97826035827575,396.0459432619734,76227500
2023-02-09,390.2557067871094,397.42639877292254,389.02863947326034,397.27301170174235,78694900
2023-02-10,391.16644287109375,391.54989593055205,388.26174279369724,389.0765695741987,70769700
2023-02-13,395.75836181640625,395.8925864844252,391.3581741107854,391.8183353582287,64913500
2023-02-14,395.57623291015625,397.88654714068605,391.6170149103328,394.23410329587506,88389300
2023-02-15,396.8608093261719,396.9374882356896,392.5373007553342,393.38091503799455,61555700
2023-02-16,391.396484375,395.83502566820573,391.2622889776,391.88540381719497,76431500
2023-02-17,390.418701171875,390.6583629922171,387.34142233465536,389.26831273199565,89257800
2023-02-21,382.5865783691406,387.4469275943241,382.3277541092348,386.3924096279732,82655900
2023-02-22,382.05926513671875,384.54215788611697,380.6021026620575,382.9987206737072,83742300
2023-02-23,384.09161376953125,385.567938737912,379.86397585252666,384.95439045031753,96242400
2023-02-24,379.98858642578125,380.82260481900255,377.36190242771124,379.06829329418446,108194400
2023-02-27,381.2828063964844,384.69558849089844,380.34332149757034,383.33429643374495,80444700
2023-02-28,379.8735656738281,382.76866981415725,379.7680992642455,380.8034546692743,96438600
2023-03-01,378.41644287109375,380.2858168924637,377.1126965271028,379.05874946346245,99706800
2023-03-02,381.3594970703125,382.20311141280865,376.10609910014693,376.4416315212209,85127800
2023-03-03,387.47564697265625,387.7249046275864,382.5290234904316,383.1808966203792,90120000
2023-03-06,387.74407958984375,390.60085911261217,387.3031100177366,388.3000821585358,72795900
2023-03-07,381.8004455566406,387.9358116155142,381.1869265041094,387.69614979307676,108310600
2023-03-08,382.423583984375,383.18089426793244,380.18991944950625,381.9155020986243,74746600
2023-03-09,375.367919921875,384.8777136423342,374.3805144113086,383.2096475110798,111945300
2023-03-10,369.95159912109375,376.9017923479486,368.42735335856526,374.8215147441384,189253000
2023-03-13,369.42431640625,374.24634050095773,364.90909573022645,366.021130129731,157790000
2023-03-14,375.5309143066406,377.1797888194533,371.0444227448801,374.3517676052174,149752400
2023-03-15,373.18218994140625,373.38349766674736,367.8425178859198,369.9323910671056,172996900
2023-03-16,379.729736328125,380.074864540284,370.3158428605711,370.8239247170232,143254200
2023-03-17,375.2896728515625,379.5334454433477,373.9039499902757,378.39793151645165,140553400
2023-03-20,378.8983459472656,379.31215983644114,375.3666994576997,376.06916402579844,93055800
2023-03-21,383.87347412109375,384.35462710121084,380.66897882785537,382.2664102459138,91524200
2023-03-22,377.3298034667969,387.318544760657,377.29133237000224,383.70029405624626,111746600
2023-03-23,378.3498229980469,384.239130397535,375.6361133164018,380.1974338773298,119351300
2023-03-24,380.8325500488281,380.9191540535127,374.7219018688471,377.0699305533351,107682400
2023-03-27,381.5446472167969,383.8830728135966,380.64970980063305,383.11321049277444,74010400
2023-03-28,380.6882019042969,381.5446388438139,378.85019419817775,380.85177745390115,62871700
2023-03-29,386.22149658203125,386.46207306808367,383.6521267894026,384.8550092196648,77497900
2023-03-30,388.48297119140625,389.1084642618227,386.6160950711014,388.8582552867559,69840000
2023-03-31,393.9584655761719,394.25677808538353,389.3008787149844,389.4067476454537,112062600
2023-04-03,395.45965576171875,395.8638078292274,393.0442583450311,393.43880732243116,67391100
2023-04-04,393.26556396484375,396.39305813101834,391.8894442126204,396.10434874148575,66601500
2023-04-05,392.2359313964844,393.2944738697264,390.5807639021192,392.53424390704595,65200200
2023-04-06,393.7659912109375,394.0450681714436,390.38828778154027,391.43719778873736,63743300
2023-04-10,394.1701354980469,394.2471364215444,390.6673570273508,391.2832175790923,63681000
2023-04-11,394.2760314941406,395.6809900883233,393.50619840980073,394.7956849780574,59297900
2023-04-12,392.66888427734375,396.6336089865583,392.08189181419215,396.34489961567357,86420400
2023-04-13,397.8846130371094,398.2406615136449,392.6111662470231,393.75631259262076,85814800
2023-04-14,396.9126892089844,399.44355846247794,394.6031608879993,397.2495021524552,78161500
2023-04-17,398.3369140625,398.35614960865223,395.59433632263926,396.8260867230395,66436400
2023-04-18,398.5967712402344,400.04986273859487,397.22068066969723,399.9151257985286,63560000
2023-04-19,398.5294494628906,399.4339901497687,396.6240728742949,396.6818088890477,55227300
2023-04-20,396.35455322265625,398.1059569841909,394.805225474454,395.709795357126,75840400
2023-04-21,396.6624450683594,397.1243330370182,394.7089655549302,396.65281261326527,73457400
2023-04-24,397.07635498046875,397.49977199704205,395.122874849699,396.4604650046347,64332100
2023-04-25,390.7731628417969,395.661693208056,390.7154268377835,395.103539346267,97766700
2023-04-26,389.11810302734375,392.46693902143204,388.55997837862236,391.38916082579533,80447000
2023-04-27,396.8646545410156,397.13409906910863,391.4083661380691,391.65857511674506,92968400
2023-04-28,400.2519226074219,400.26155506482286,395.92154566069996,395.97928167060974,89433100
2023-05-01,399.8477478027344,401.8781992260224,399.61677440898023,399.8092473425676,62122300
2023-05-02,395.353759765625,399.1837478908785,392.4476064659251,399.1356149746384,103998500
2023-05-03,392.6401062011719,398.2696024994155,392.3995296872918,395.85420490253955,91531800
2023-05-04,389.8589782714844,391.9182975436162,388.5213590280541,391.5911170748567,94901900
2023-05-05,397.07635498046875,398.12526506376383,393.23676319139554,393.49657525587213,87891800
2023-05-08,397.1821594238281,397.6633124121759,395.7772009206819,397.4035003706773,50046800
2023-05-09,395.4403381347656,396.5566164511649,395.2093941269741,395.6328110527547,49220100
2023-05-10,397.28802490234375,398.914324338217,393.4580365761441,398.27919887504333,96142900
2023-05-11,396.59515380859375,396.8838338451928,394.5165694433399,396.4219457866343,70157100
2023-05-12,396.0754699707031,398.04821462684833,393.65046974768575,397.8365061605119,70481500
2023-05-15,397.4420166015625,397.8461686821511,394.76680705489645,396.6817866269805,54289400
2023-05-16,394.7860107421875,397.2591440489676,394.7763782852964,396.3353092048242,57705500
2023-05-17,399.5783386230469,400.1845667461961,395.1613575223225,396.80689259108277,87287000
2023-05-18,403.42755126953125,403.850968255046,399.03943829896787,399.26074988190857,97177200
2023-05-19,402.84051513671875,404.86136352045077,401.6183971431854,404.3321069908471,103793300
2023-05-22,403.00408935546875,404.54378464321184,401.61836653322445,402.8597493463277,60745400
2023-05-23,398.4813232421875,402.93680511481756,398.08677422323905,401.3586090390237,86383500
2023-05-24,395.5943298339844,397.2591296170941,394.4299479150844,396.8742131296412,89213700
2023-05-25,399.0201721191406,400.4732635587891,396.8646161031706,399.1067761340057,90961600
2023-05-26,404.187744140625,404.90947362025605,399.59755522238083,399.67452677861917,93830000
2023-05-30,404.3416748046875,406.65120302721357,402.95595199772293,406.12194654378385,72216000
2023-05-31,402.0995788574219,403.41793341434715,400.53101533620446,402.5133634004825,110811800
2023-06-01,405.9198913574219,406.9784337458306,401.0794937409788,402.3304796935779,88865000
2023-06-02,411.7899475097656,412.579016016894,407.96959196903765,408.49884845924817,91426200
2023-06-05,411.0008850097656,413.4258854781173,410.29839108056865,412.1363990044285,65460200
2023-06-06,411.8958740234375,412.42513062538865,409.932761379412,410.58715183892133,64022200
2023-06-07,410.4715576171875,413.42584368993704,410.0481406844761,412.2903298100494,85373300
2023-06-08,412.954345703125,413.4066306619177,409.76911544531237,410.5389484373123,61952800
2023-06-09,413.6952819824219,415.7064976991499,412.7041081245656,413.7530179844528,85742800
2023-06-12,417.4483337402344,417.5253346663892,413.9551876062376,414.6769171108834,76104300
2023-06-13,420.2005310058594,420.84525956412307,418.2470510492617,418.91104452208407,95899700
2023-06-14,420.7009582519531,422.51009835206776,417.24628300428765,420.53738266663987,100612100
2023-06-15,425.9165954589844,427.167581376933,419.78671159999425,419.8829186958016,110303100
2023-06-16,424.46588134765625,428.474279953013,423.9926092848296,427.904413934663,114165800
2023-06-20,422.263671875,423.41307214231983,420.1870344889163,422.52447850076925,76160400
2023-06-21,420.10009765625,422.08014103507514,419.5108951805997,421.2784731312149,76982300
2023-06-22,421.616455078125,421.7226877715315,418.8057396286862,419.1438036577315,70637200
2023-06-23,418.4291076660156,420.2159925909701,417.71436548656794,418.1586622892244,92074500
2023-06-26,416.719482421875,419.78130707914215,416.47801229853,417.8592143297431,72823600
2023-06-27,421.28814697265625,421.90629521825156,417.1445110170716,417.59847607026,72813700
2023-06-28,421.5006408691406,422.514803688603,419.58818670737986,420.2063349514927,75636000
2023-06-29,423.16192626953125,423.3261389375307,420.67963558379535,421.08528892018165,67882300
2023-06-30,428.1555480957031,429.14073568910436,426.05957423925753,426.3783313417032,104964000
2023-07-03,428.6481628417969,428.9282469948695,427.52773780049586,427.8078514299053,32793400
2023-07-05,428.0106201171875,428.7446987114959,426.8225765200303,426.83224475721846,58418400
2023-07-06,424.6590881347656,425.0840779768898,422.14779256121534,424.4272862122754,80658300
2023-07-07,423.5869445800781,427.53742235269715,423.3454744191098,423.6642315383372,86134200
2023-07-10,424.6590881347656,424.8329395766333,422.65970812427327,423.2295741679538,62443500
2023-07-11,427.3634948730469,427.8561033801802,424.4465462578362,425.4220950342892,64463800
2023-07-12,430.8019714355469,432.21217806227327,429.72985832515656,431.1593719486746,91924500
2023-07-13,434.2212219238281,435.01325098389225,432.18322827988203,432.6178568057713,72425200
2023-07-14,433.9508361816406,435.9598548665001,433.18778225181745,435.1099046958951,69815800
2023-07-17,435.45751953125,436.51032563863066,433.7575605810342,433.8058722872245,52680200
2023-07-18,438.6932373046875,439.3403606896483,434.6944781535629,435.12913614001786,80668200
2023-07-19,439.6687927246094,440.85680681351107,438.61595709471186,439.48527308096357,65891700
2023-07-20,436.7518615722656,439.5722457578469,436.0371193951603,438.6739839174844,70591600
2023-07-21,436.7518615722656,438.6739839174844,436.74222281063936,438.47112777830426,71275600
2023-07-24,438.7029113769531,439.51424741630717,436.86771494424903,437.90121409817567,54023400
2023-07-25,439.900634765625,441.15626767500714,438.3841952460214,438.4325069587421,55191200
2023-07-26,439.96826171875,441.39774607749916,437.91093141721467,438.9637376866275,71052900
2023-07-27,437.0513000488281,443.7641819600167,436.1433699333953,443.35849914141073,92194400
2023-07-28,441.33013916015625,442.16078225681895,437.05126606431355,440.3256151682766,80011800
2023-07-31,442.1705017089844,442.5278728257474,440.4898493694529,441.8034623534966,62040400
2023-08-01,440.9051513671875,441.6488687577706,439.94890960634154,440.70229523457317,55291500
2023-08-02,434.7717590332031,438.04607833580565,434.01837348316195,437.7853012333676,93933400
2023-08-03,433.52581787109375,435.4092967139093,432.10597229878186,432.7531252299224,64276100
2023-08-04,431.5650634765625,437.44727217935485,431.0434797536367,435.3416597654818,100128900
2023-08-07,435.3320007324219,435.4865451527169,432.7048045400754,433.40023969323573,58357500
2023-08-08,433.4388732910156,435.3223520518387,430.0775985479417,432.7917203880473,71361300
2023-08-09,430.541259765625,433.87355948928627,429.77820586959297,433.7093468244431,78789600
2023-08-10,430.69580078125,436.28825743462227,429.527093565885,432.8980072622996,93005500
2023-08-11,430.4446105957031,431.45880273974404,428.22309738246776,428.8219385368356,68690900
2023-08-14,432.8207092285156,432.8207092285156,429.2179937241371,429.5270825673996,47867400
2023-08-15,427.7789001464844,431.400952625637,427.20900461725313,431.0435520209029,75707500
2023-08-16,424.6398010253906,429.02487813838394,424.5335388217128,427.36356217125825,80107200
2023-08-17,421.4040222167969,426.3686327842003,420.8824384802807,426.1078556541094,95711300
2023-08-18,421.6068115234375,422.64031066724186,418.23589822455375,418.58360103387196,98852000
2023-08-21,424.3499450683594,425.09366245894176,420.4671159807588,422.6210106803204,68719000
2023-08-22,423.2005310058594,426.1271477129419,422.6403332909712,426.1271477129419,64994200
2023-08-23,427.91400146484375,428.5321790825302,424.1180984870437,424.2629746548355,68441000
2023-08-24,421.98358154296875,430.0293538199984,421.95457682823127,429.51743829068363,88517300
2023-08-25,424.9584655761719,426.24307373449807,420.1580380770201,423.71247141677657,102325100
2023-08-28,427.65325927734375,428.2714074691659,424.95844443108183,427.1509825528838,61595400
2023-08-29,433.8349304199219,434.1150440450923,427.3635186603017,427.54703833096477,83081900
2023-08-30,435.62176513671875,436.2592497912926,433.4678410527647,434.17294441532357,69053900
2023-08-31,434.9842834472656,437.3796481914474,434.80076379653127,436.23991629050073,66084600
2023-09-01,435.795654296875,438.19104870854676,434.337165211912,437.7081084262502,58944100
2023-09-05,433.9121398925781,435.670049450585,433.8445506606034,435.35132185994263,55166200
2023-09-06,430.9952087402344,433.20708339429626,428.6674331394679,433.1008212089274,70758500
2023-09-07,429.6719970703125,430.34809581436866,427.6436418854697,427.991344757898,70355400
2023-09-08,430.3190612792969,431.85480770691146,429.3628490355431,429.72022009729625,61659700
2023-09-11,433.1491394042969,433.4581987746905,431.23668532604137,432.94628326819304,60180100
2023-09-12,430.7730712890625,433.2264162204621,430.1935665209915,431.7003378706483,67565400
2023-09-13,431.2753601074219,432.4343991522864,429.89412843469466,430.9952464774697,60199300
2023-09-14,434.99395751953125,435.6893927060478,432.4440481531944,433.74799281245487,83430800
2023-09-15,429.75299072265625,433.73677769771734,429.31682909931095,433.4072234999764,111848900
2023-09-18,430.0050048828125,431.303846542474,428.9678601910398,429.4428015854583,55752200
2023-09-19,429.1132507324219,429.675454034148,426.42833506959016,429.0841732913192,66514600
2023-09-20,425.1683044433594,430.7901603921495,424.96473276036625,430.3733738455972,82562600
2023-09-21,418.1409606933594,422.5802845540439,417.98587113932,422.31858757052555,104095800
2023-09-22,417.20074462890625,420.7677155797648,416.7839285170148,419.16839709834846,100829700
2023-09-25,418.95513916015625,418.993889361631,415.55293063128704,415.9891218304828,70874500
2023-09-26,412.8001403808594,416.6191352673673,411.96653779928545,415.91154478605614,96168400
2023-09-27,412.9649353027344,414.5352059296986,409.32043434886083,413.97300260416256,104705800
2023-09-28,415.35906982421875,417.035947852058,411.8211763569914,412.4124571151363,92258300
2023-09-29,414.3510437011719,418.5868254716406,412.8292551807975,418.4123608156291,115111300
2023-10-02,414.18621826171875,415.43660735581716,411.4237431106989,413.517407554199,83798600
2023-10-03,408.6419372558594,414.2444181473067,407.27523825202337,412.00536625897985,103760600
2023-10-04,411.6176452636719,412.3639860114544,407.64356048210016,409.1071941153402,87453000
2023-10-05,411.46258544921875,412.3058609268304,408.23487076244464,411.3268709869175,70142700
2023-10-06,416.3477478027344,417.88891132912596,407.6823154616602,409.0102345616155,113273300
2023-10-09,419.01336669921875,419.5852428633519,413.89552908801,414.44800056773454,80374400
2023-10-10,421.1942443847656,423.7919280682824,419.2459668319729,419.643378299873,78607300
2023-10-11,422.91949462890625,423.1714892437585,419.8759179284279,422.26038628190105,62451700
2023-10-12,420.34124755859375,423.90821868639375,417.9858858829249,423.5302119190894,81154200
2023-10-13,418.2475280761719,423.04551271009467,416.67728716479496,421.8435761764503,95143100
2023-10-16,422.64813232421875,423.71435449669224,420.25399100160854,420.4963128780658,75433200
2023-10-17,422.6287536621094,424.6836681484373,419.1684195342952,419.5173488593283,75324700
2023-10-18,416.9971923828125,421.81455273319096,415.91159504982164,420.85496751569167,93559800
2023-10-19,413.3332824707031,419.52704410810907,412.6547989345063,417.71448112410957,121323000
2023-10-20,408.2542419433594,413.4399364601398,408.1476049268172,412.89713777676974,123919900
2023-10-23,407.546630859375,411.4141082592817,404.9683224528733,406.72273053416484,92035100
2023-10-24,410.6192932128906,411.7727477741345,407.8180379697815,409.6693807564813,78564200
2023-10-25,404.7259826660156,408.9617938766799,404.21226147565824,408.93271643497314,94223200
2023-10-26,399.87957763671875,404.512771066671,398.9587721877273,403.65982284727204,115156800
2023-10-27,398.0669860839844,401.8666061249316,396.64213226616755,401.46919469761593,107367700
2023-10-30,402.8262023925781,403.88272225418063,399.5597081383843,400.85854988329856,86562700
2023-10-31,405.3560791015625,405.67593098866274,401.48860153022065,403.39809925222016,79665200
2023-11-01,409.6790771484375,410.4932751362608,405.7922246289102,406.32535052662286,98068100
2023-11-02,417.5302734375,417.68536297988317,413.45925429578176,413.478629395965,94938900
2023-11-03,421.3396301269531,422.89049620638866,419.71123405468535,419.83724617580907,100167800
2023-11-06,422.3088684082031,422.75473237061436,420.3605910898025,422.0956239774314,67831700
2023-11-07,423.51080322265625,424.1505365569555,421.1651439105342,422.308896123232,64256100
2023-11-08,423.82098388671875,424.6351818841711,421.5140747704494,424.11175832141294,61746000
2023-11-09,420.51568603515625,425.0034918992464,420.0891971681386,424.9647121167065,83174400
2023-11-10,427.0777587890625,427.38793789386506,420.5059906051338,422.58998243152627,89462200
2023-11-13,426.6706848144531,427.7756572288507,424.9550565166978,425.7401770580696,52236100
2023-11-14,434.9484558105469,436.23759536371426,432.38952222789845,432.61246903527376,97176900
2023-11-15,435.8692321777344,437.51703289700214,435.01625437389265,436.28601873814944,77327600
2023-11-16,436.40234375,436.72219562577186,434.3571316402488,435.42335386000235,66665800
2023-11-17,436.9450988769531,437.5557547047121,435.4911676985958,436.4119730300388,83133200
2023-11-20,440.3085632324219,441.1518386514175,436.6834077524104,436.69311009341754,69936200
2023-11-21,439.3489990234375,440.1826017776666,438.07923457831345,439.2617666852585,49244600
2023-11-22,441.045166015625,442.36341233286754,439.94989604168717,441.00641581534256,59394900
2023-11-24,441.3165588378906,441.51042815767795,440.76408747907647,441.09364165847086,29737400
2023-11-27,440.5218200683594,441.5007803874619,440.13408138085987,440.68658238826873,50506000
2023-11-28,440.9579162597656,442.2567578452073,439.57184235667916,440.13401604160293,62115000
2023-11-29,440.6477966308594,444.2438747206066,440.2504147680835,443.10979527762873,63146000
2023-11-30,442.3828430175781,442.73180192610516,439.41682540648986,441.4911150141487,79752700
2023-12-01,444.9998779296875,445.5329741995201,441.18088297834976,441.77213412924385,89183400
2023-12-04,442.6639099121094,445.019271433423,440.3860783753154,441.60739008872554,72430900
2023-12-05,442.5766906738281,443.5362758597069,440.8998126034742,441.2778489374918,69793500
2023-12-06,440.793212890625,444.7478930540511,440.35702166378525,444.718815610949,69124700
2023-12-07,444.15667724609375,444.8060833872283,442.2762568948173,442.87721048702326,66995400
2023-12-08,446.0661315917969,446.5992278993257,443.16794177253433,443.4102636541943,83194400
2023-12-11,447.8011474609375,447.97564170163525,445.358553474564,445.5717979195869,65002200
2023-12-12,449.84637451171875,449.94330918636626,446.45386796122364,447.45223299144266,68327600
2023-12-13,456.0497741699219,456.3017983886153,449.86571511357835,450.22434675999136,93278000
2023-12-14,457.5133972167969,459.1805728813377,454.83815428105993,457.9883386207796,119026000
2023-12-15,456.7601318359375,458.09346468799856,454.911024624647,456.9158501916579,141553700
2023-12-18,459.32940673828125,460.31236579340026,457.30512766166345,458.36593103885957,70375300
2023-12-19,462.1225280761719,462.2004020971749,459.7965540277921,459.8743983485583,55761800
2023-12-20,455.7187805175781,463.1541458673366,455.2905624937439,461.26610177140515,102921000
2023-12-21,460.0398864746094,460.31238616429494,456.28325178797456,458.7065536605437,86667500
2023-12-22,460.9644775390625,462.64815455949093,459.0667211740831,461.1688449044697,67160400
2023-12-26,462.9108581542969,463.8159432234597,461.2953136791012,461.373187704544,55387000
2023-12-27,463.74786376953125,463.893840449239,462.1712562282074,462.70651395388256,68000300
2023-12-28,463.92303466796875,464.75998742977106,463.5045582870676,464.10794836189996,77158100
2023-12-29,462.5799560546875,464.25389115635505,460.62377959337147,463.7283454487912,122283100
2024-01-02,459.9911804199219,460.9838811377681,457.8890273530107,459.51431341639926,123623700
2024-01-03,456.234619140625,458.570335093064,455.6312290704376,457.83068032303305,103585900
2024-01-04,454.7650451660156,458.3464782249613,454.5411944622418,455.7577162648923,84232200
2024-01-05,455.3879089355469,457.84040614563645,453.93779478135224,454.96940287212124,86118900
2024-01-08,461.8890075683594,462.0349842457667,455.7577198150965,455.884242835596,74879100
2024-01-09,461.1882629394531,462.21012932199153,458.72602412321226,459.2320864754785,65931400
2024-01-10,463.7964782714844,464.6626560070687,461.17852110920177,461.4607624691406,67310600
2024-01-11,463.5921325683594,465.3147167416708,459.6116768106503,464.7989126874992,77940700
2024-01-12,463.91326904296875,465.7818595429952,462.502121615046,465.04220480544996,58026400
2024-01-16,462.21014404296875,463.8451421871986,460.39023221216354,462.53132242501596,85014900
2024-01-17,459.640869140625,460.1274778564824,457.28566988777015,459.18345575970955,68843900
2024-01-18,463.7283630371094,464.28310409945385,459.7673906749951,461.314802822399,91856200
2024-01-19,469.50927734375,469.79151871434675,463.7770421286305,464.8572992191645,110834500
2024-01-22,470.5019836425781,472.22456782073624,469.8499148891261,471.0469830334159,75844900
2024-01-23,471.8741455078125,472.1174498429628,469.9569358590548,471.0469345284904,49945300
2024-01-24,472.3900146484375,475.6794645582401,471.8936642634199,474.745184157241,81765000
2024-01-25,474.95928955078125,475.23178923650255,472.3900110425858,474.52132983790426,72525000
2024-01-26,474.35589599609375,476.02008943226616,473.5092016110277,474.53106799985125,76641600
2024-01-29,478.1125183105469,478.2585246858996,474.12235058965683,474.66734997690736,61322800
2024-01-30,477.74273681640625,478.4531665594372,476.9835986796224,477.4215584200377,58618400
2024-01-31,469.9472961425781,475.98122714330174,469.92781278338776,475.53355538556326,126011100
2024-02-01,476.09796142578125,476.1271567596163,470.8425637335658,471.65035080339914,91891600
2024-02-02,481.1100769042969,482.76452883359946,476.1953107107944,476.5359427757288,99228200
2024-02-05,479.3582458496094,481.1392504253947,477.1004039249224,480.4774696836803,75757100
2024-02-06,480.7499694824219,481.08085985334736,478.8716372206463,480.30226806860526,55918600
2024-02-07,484.7596130371094,485.17808940845316,482.0929770540646,482.9980918458816,70556500
2024-02-08,484.9737548828125,485.35329426615607,483.9421467021212,484.7596458434101,52343600
2024-02-09,487.7765808105469,488.2145108276318,485.13914022884614,485.47977226451565,63979400
2024-02-12,487.56243896484375,490.0149359961155,486.84223792928447,487.747352637465,56502300
2024-02-13,480.8472900390625,483.77668422244784,477.57729349036913,481.285249794803,113099200
2024-02-14,485.2170715332031,485.70368029867757,481.15874136104014,483.48474551612395,68387800
2024-02-15,488.56488037109375,488.74979405458623,485.4408311080291,485.91772783399097,61683000
2024-02-16,486.1318664550781,489.401862888149,485.3922116760664,488.2632150838705,75532900
2024-02-20,483.4555358886719,485.06133882722617,481.20740583464766,484.3898163747004,71736700
2024-02-21,483.8934631347656,484.0491814982397,480.3412252124708,482.15142520014626,59293400
2024-02-22,493.9078369140625,494.87131264849836,489.54781221335594,490.51131764803023,76402500
2024-02-23,494.24847412109375,496.4674086571224,493.51856105397593,495.6304262293698,61321800
2024-02-26,492.4382629394531,495.12435246871587,492.3117399253592,494.6863927584272,50386700
2024-02-27,493.35308837890625,493.57693907250416,491.23148157958644,493.1292673855463,48854500
2024-02-28,492.7010498046875,493.28495648375826,491.4358493661455,491.7959350516518,56506600
2024-02-29,494.4723205566406,496.0878651256629,491.81545586381117,494.4626085780751,83924800
2024-03-01,499.1145324707031,499.54275051356746,494.9394511031337,495.3482154895911,76844800
2024-03-04,498.57928466796875,500.4284215717115,498.2873313148722,498.3165563504212,49799300
2024-03-05,493.59637451171875,497.02211863397577,491.3871817921508,496.57441726330285,72855600
2024-03-06,496.0975646972656,498.3554361707815,494.8031986362925,496.8761267293977,68382400
2024-03-07,501.0220947265625,502.07318625015404,496.1560072661152,499.396838146908,58652100
2024-03-08,498.01483154296875,504.3407152276024,497.4406368151398,501.6546849790431,86532500
2024-03-11,497.58660888671875,498.17054528765857,494.88106560592894,496.8080468189585,62557200
2024-03-12,502.9393310546875,503.5232377514132,497.17784111143084,499.6985003866654,73114400
2024-03-13,502.1510009765625,503.43565519442245,500.7106580961506,503.26048317387085,55104100
2024-03-14,501.1583251953125,503.27993205507374,498.1121499011311,503.12418400270946,110171800
2024-03-15,497.7170715332031,499.54266772632866,496.0477073102581,498.08804798108406,107646300
2024-03-18,500.6750793457031,503.23282668542583,500.26507469946,501.78800868482955,88893300
2024-03-19,503.4574279785156,503.7405165081089,498.976454143322,499.9820112945357,60755300
2024-03-20,508.11407470703125,508.2507627953458,502.84240721032234,503.51601611982346,69594600
2024-03-21,509.7931823730469,511.6577769054798,509.5100342818405,510.9549118204902,60256100
2024-03-22,508.8267517089844,510.19345378409866,508.592403744498,509.7053331319063,79070800
2024-03-25,507.4209289550781,508.57288646937474,507.26469698888116,507.45018520809214,48512100
2024-03-26,506.48370361328125,509.1879108526766,506.0834709315648,508.84619067556724,65463700
2024-03-27,510.7401428222656,510.77923060858313,507.1475819984231,509.3148686626399,82999800
2024-03-28,510.64251708984375,512.1459071621757,510.359428578344,510.7792051650659,96294900
2024-04-01,509.75408935546875,511.92137584867254,508.5923599199536,511.38445509453464,62477500
2024-04-02,506.5130615234375,506.6496900205949,504.20908677438206,505.9272809933223,74230300
2024-04-03,507.06939697265625,508.5728465002203,505.370746880242,505.41954702145455,59155800
2024-04-04,500.8801574707031,511.42355215213394,500.57752503507555,511.08189151305373,96858100
2024-04-05,506.11273193359375,508.0749863325785,501.7977623960231,502.2370828649808,74546500
2024-04-08,506.3958740234375,507.82120781564623,505.58563662088517,506.8157102301138,48401800
2024-04-09,506.98162841796875,508.3776462974431,502.1296782746543,508.13358597756917,68049200
2024-04-10,501.9051208496094,503.8966314464908,499.9233821983309,501.28031218136,82652800
2024-04-11,505.6929626464844,507.13778061540546,499.9136311857634,503.42807581801776,70099000
2024-04-12,498.71282958984375,503.56474960986543,496.9848635757255,502.14918793409277,92561100
2024-04-15,492.4648742675781,503.05706721719804,491.6155194168172,502.8911229007107,92101400
2024-04-16,491.5667419433594,494.4661795680653,490.27809637848605,492.94324564322153,73484000
2024-04-17,488.6575012207031,494.1928017122706,487.26148351067934,494.0268276061939,75910300
2024-04-18,487.65203857421875,492.15252641432477,486.7148552774961,490.0536135988177,74548100
2024-04-19,483.3956298828125,488.56969668668467,482.1264983587833,487.57394131853926,102212600
2024-04-22,487.8472595214844,490.44406471980994,483.6591763812229,486.0021493308909,67961000
2024-04-23,493.63641357421875,494.0659621350047,487.66182151013055,489.8583644626642,64633600
2024-04-24,493.4020690917969,495.3154935043147,491.17624034467946,494.5247405147149,55928100
2024-04-25,491.5277099609375,492.2891769636512,485.67026231159537,487.32011244956163,69122400
2024-04-26,496.1843566894531,497.765862650216,493.68518162682494,494.3197324417275,64306100
2024-04-29,497.94158935546875,498.61519817399505,495.19835393785416,497.97087540007783,46415400
2024-04-30,490.0535888671875,497.45348436502843,490.0535888671875,496.4772431240589,77483600
2024-05-01,488.4623107910156,496.1160385437577,487.9937042701267,489.4678380773352,80242800
2024-05-02,493.0310974121094,493.8706803453591,487.6812848525579,492.1720003799534,62550200
2024-05-03,499.14239501953125,500.372438730604,496.47724569258963,499.01547889074567,72756700
2024-05-06,504.2969665527344,504.3359947534281,501.1046384911043,501.54395898532556,47264700
2024-05-07,504.8533935546875,506.2494113345479,504.1797847364997,505.2633981790086,52561300
2024-05-08,504.9021911621094,505.439111907815,502.90090860900597,503.01805278679507,42047200
2024-05-09,507.8113098144531,507.8503975923716,504.43355378603155,505.0876186308662,43643700
2024-05-10,508.46551513671875,510.22273745681827,507.2452135831723,509.4124405414531,52233200
2024-05-13,508.53375244140625,510.2519464031073,507.391566976992,510.1445741767588,36716400
2024-05-14,510.8669738769531,511.3844102791641,508.1920827014514,508.72900340853613,57535900
2024-05-15,517.193115234375,517.4859756907869,512.7023697575905,513.3369504006804,59504900
2024-05-16,516.1290283203125,518.891807952925,515.9825682875961,517.290757880065,50244800
2024-05-17,516.8709106445312,516.9392546781255,514.7915121402848,516.2461019816988,59187600
2024-05-20,517.4664306640625,518.930792527948,516.5975616577482,516.9880819887991,37764200
2024-05-21,518.735595703125,518.8918276886369,516.5000244352296,516.7050565718225,33437000
2024-05-22,517.241943359375,518.7551054535538,515.0648847480338,518.0424683735625,48390000
2024-05-23,513.4638671875,520.4049281460258,512.2532779910508,520.2975559093766,57211200
2024-05-24,516.8612060546875,517.6715030328614,514.3620306627067,515.3089561408403,41291100
2024-05-28,517.222412109375,517.9057929513657,514.5865486245773,517.6715045678355,36269600
2024-05-29,513.6005249023438,514.7817983278129,512.8878878194378,513.1905202395113,45190300
2024-05-30,510.1934814453125,512.7219727781743,508.9439234921737,512.0581358054062,46377600
2024-05-31,514.8402709960938,514.967187107586,506.04432903435765,511.15011057316815,90785800
2024-06-03,515.2600708007812,516.7342044816085,510.18360486685094,516.4511159966606,46835700
2024-06-04,515.836181640625,516.578134600827,512.4876809576447,513.9520429838191,34632700
2024-06-05,521.9668579101562,521.9864018010747,516.1679828855217,518.1595530381444,47610400
2024-06-06,521.9570922851562,522.6990451286446,520.0241537818829,522.2694966184689,30808500
2024-06-07,521.3226928710938,524.1342729417532,519.8875869921925,520.9809726213325,43224500
2024-06-10,522.933349609375,523.255525898201,519.916797584573,520.5122904328304,35686100
2024-06-11,524.1926879882812,524.2512600728273,519.4090826052437,521.3811087600108,36383400
2024-06-12,528.4979858398438,531.1924214122917,527.4631724257194,528.7615900630306,63251300
2024-06-13,529.5620727539062,530.4211698122318,526.7700371068663,530.2454535391702,44760900
2024-06-14,529.88427734375,529.9135335983043,527.0238379218912,528.0293950539849,40089900
2024-06-17,534.1015014648438,535.49757872361,528.7419471638832,529.2008114818414,55839500
2024-06-18,535.4586181640625,535.5855343086499,533.7404238235347,534.1602004613839,41376400
2024-06-20,534.0040283203125,537.0498966218076,532.2272618802663,536.3860596417427,70328200
2024-06-21,533.2880249023438,534.4045446160707,531.828742363983,533.1803062748603,64338600
2024-06-24,531.5543823242188,535.6776377863421,531.4368602481857,533.1116394975342,45528700
2024-06-25,533.6014404296875,533.9638101987721,531.260682360104,532.7787259572508,37936200
2024-06-26,534.2674560546875,534.9823921713983,531.8385861304241,532.4849577215607,38550600
2024-06-27,535.1096801757812,535.6875469780335,533.3859430174333,534.1302894973802,35041500
2024-06-28,533.0039672851562,538.9391321933387,531.7601817698417,535.8833782760337,76144500
2024-07-01,534.1008911132812,534.6297405125247,531.339002473828,534.3848928648134,40297800
2024-07-02,537.6952514648438,537.6952514648438,532.4457321114778,532.4946896868087,40434800
2024-07-03,540.0948486328125,540.457218430894,537.3427629954197,537.381917105902,32789900
2024-07-05,543.2092895507812,543.6108134486142,539.7618150479054,540.3984429341523,41488400
2024-07-08,543.8360595703125,544.7860397915607,542.7684974779849,543.9927357696513,36110500
2024-07-09,544.3649291992188,545.6968861634513,544.0711239537649,544.795863484972,27289700
2024-07-10,549.7516479492188,550.0944108163902,545.2954317896393,545.5892370725392,38701200
2024-07-11,545.0112915039062,550.7407626908513,544.3747234457534,549.8690906630567,53054200
2024-07-12,548.448974609375,552.0531251206323,545.667538567234,546.1376269625789,53084400
2024-07-15,549.9572143554688,553.1989947445371,548.0963483653211,550.4469096394806,40584300
2024-07-16,553.2186279296875,553.5124331903285,550.51549997726,551.2696499606263,36475300
2024-07-17,545.4618530273438,548.9582849622979,545.1386373621594,547.2835053633577,57119000
2024-07-18,541.2700805664062,547.988746727991,539.0860582622142,546.9995524787638,56270400
2024-07-19,537.6756591796875,542.6607838512468,536.6179005483158,541.0349619096787,65509100
2024-07-22,543.2191162109375,543.8263337080781,539.6639229224022,541.6030975244146,43346700
2024-07-23,542.3670043945312,545.2659625762393,541.8773090500791,543.111291105197,34439600
2024-07-24,530.0755615234375,537.8519253696913,529.1549319575545,537.5483166712224,74515300
2024-07-25,527.313720703125,536.177254363603,526.3735438881854,530.1931317534066,61158300
2024-07-26,533.219482421875,535.9128068838628,530.3302678617441,531.1040247828195,53763800
2024-07-29,533.5328369140625,535.775619885458,531.534841817287,534.7668786438925,39515800
2024-07-30,530.8297729492188,536.059745722708,527.4215123549488,535.0019870020752,46853600
2024-07-31,539.4581909179688,542.0927543010554,536.2947780748914,537.6658891932146,65663400
2024-08-01,531.8189697265625,543.4345294348678,528.3127341764186,541.1819427118934,76428700
2024-08-02,521.9172973632812,525.9229716163323,517.705869778205,524.7085367838448,82789100
2024-08-05,506.7171630859375,512.7893973566776,499.75367969518885,501.0954700551791,146267400
2024-08-06,511.38885498046875,518.8322000557341,507.19703427938214,508.5191877541787,84826300
2024-08-07,507.9708251953125,520.6344013211964,507.3734111313128,517.5786469147923,70698300
2024-08-08,519.7136840820312,520.3404486814812,511.08525465156777,513.1125407389065,63276600
2024-08-09,522.0054931640625,523.4941863094633,517.66679909137,518.8910375919244,45619600
2024-08-12,522.2797241210938,524.6889871074426,520.0075304089534,523.2003538167259,42542100
2024-08-13,530.8688354492188,531.1039393955512,525.2275960596088,525.4724436986064,52333100
2024-08-14,532.543701171875,533.728785456597,528.9885080949739,531.6622256176499,42446900
2024-08-15,541.6715698242188,541.9555715802455,537.567920792545,538.1751381862979,60846800
2024-08-16,542.8860473632812,543.5814362683599,539.8989177341498,540.0555939415091,44430700
2024-08-19,548.0767211914062,548.0767211914062,542.4452256331724,543.2972906137162,39121800
2024-08-20,547.1856079101562,549.2815184001456,545.8438474042439,547.6263456901657,33732300
2024-08-21,549.0660400390625,550.5253226989936,543.2974141481618,548.2335818085938,41514600
2024-08-22,544.7566528320312,551.5732334533072,543.5422179587766,550.9660160166799,56121500
2024-08-23,550.5448608398438,551.4850973665338,545.8045838781815,547.9984691071246,50639400
2024-08-26,549.2324829101562,552.2881770773529,547.528352675827,551.5732410031779,35788600
2024-08-27,549.9866943359375,550.4763897351174,546.8134777136145,547.9593482100599,32693900
2024-08-28,546.7938232421875,550.0748179978751,543.6009999526875,549.6438836929623,41066000
2024-08-29,546.8428344726562,552.0630042239653,545.6969639633883,548.7624619787401,38715200
2024-08-30,552.0629272460938,552.5722295246512,545.657733766081,549.212926690368,62700100
2024-09-03,540.7019653320312,549.2520259222431,538.1849243812507,548.919006824782,60600100
2024-09-04,539.5952758789062,543.0035361193702,538.1359934145067,538.8607329114091,47224900
2024-09-05,538.2828979492188,542.3865472945482,535.8246177750381,539.5365467142444,44264300
2024-09-06,529.2236328125,540.2319765571665,528.3226099554475,538.6062140252714,68493800
2024-09-09,535.1488647460938,536.4221205223048,531.4957564364314,533.4251872668898,40445800
2024-09-10,537.4797973632812,537.8324234437913,532.1813200114981,537.0586665381934,36394600
2024-09-11,542.9937744140625,543.9144040618945,528.8318231688719,537.3916883108078,75248600
2024-09-12,547.5675659179688,547.8711746400817,541.3483991843773,543.5716351743016,51819600
2024-09-13,550.4273681640625,551.4263657909838,547.9201304028155,548.1747815451495,39310500
2024-09-16,551.2402954101562,551.5046902542234,548.360884321784,550.1629297590999,36656100
2024-09-17,551.465576171875,554.9032473896473,549.2325364902464,553.4537083801224,49321000
2024-09-18,549.8300170898438,556.969754476821,549.2717571625421,552.1217580784818,59044900
2024-09-19,559.2125244140625,561.0733907935877,556.3723270388496,559.2419348303403,75315500
2024-09-20,558.245849609375,559.2871857073619,555.2200568119598,557.8430941207945,77503100
2024-09-23,559.6408081054688,560.2892222272916,558.0984411315784,559.3166610051752,44116900
2024-09-24,561.2421264648438,561.3010677532865,557.6072537825559,560.4365555490466,46805700
2024-09-25,560.0042724609375,561.8217386948093,558.8941616149112,561.0849426444706,38428600
2024-09-26,562.2244873046875,564.5920921622151,559.866775948692,564.2678851150425,48336000
2024-09-27,561.4091186523438,564.1107043094071,560.3776161208616,563.295359810012,42100900
2024-09-30,563.6588745117188,564.2679545173111,558.0788790007499,560.3776493545987,63557400
2024-10-01,558.6093139648438,563.9535439565005,556.035444442894,563.3051897855821,72668800
2024-10-02,558.8450927734375,559.866821742494,555.3183290115846,557.715374727311,38097800
2024-10-03,557.8234252929688,559.7685478192003,555.5344286086627,557.3715020969081,40846500
2024-10-04,562.8924560546875,563.2657708110322,558.0983654622065,562.2735426407796,42939100
2024-10-07,557.8037719726562,561.8905680396737,556.6543868115797,561.2421538745174,49964700
2024-10-08,563.0791625976562,563.6784689445017,559.5032914013763,560.3775771285751,37398700
2024-10-09,566.9793090820312,567.5392812736217,562.4700908869163,563.0693372819003,37912200
2024-10-10,565.9871215820312,567.4116060358193,564.3759797176003,565.6334738441669,44138100
2024-10-11,569.3763427734375,570.1131388058892,565.7709110163313,565.9084606662699,42268000
2024-10-14,574.0328979492188,574.9661849382893,570.5060744728205,570.9874382986001,36217200
2024-10-15,569.5728759765625,574.6027324678581,568.3546560789198,574.2981924836022,54203600
2024-10-16,572.0485229492188,572.5692210133667,568.7673576490918,569.5729286407808,30725400
2024-10-17,572.0975341796875,575.8011814159861,571.9108767867559,575.5948569414992,34393700
2024-10-18,574.2981567382812,575.0840605235142,572.3235337539761,573.787292295603,37416800
2024-10-21,573.3550415039062,574.5535342943244,570.378356688641,573.5711395635755,36439000
2024-10-22,573.0504760742188,574.2096946097226,570.1622332957213,570.8204209471064,34183800
2024-10-23,567.8143310546875,571.4688706983893,564.3071746074978,571.0267810694698,49314600
2024-10-24,569.0422973632812,569.84786821387,566.419320298971,569.7692598487698,34979900
2024-10-25,568.8457641601562,574.1703862188206,567.9027036914881,571.2723100723214,47268200
2024-10-28,570.6044311523438,572.451338311336,570.2998911399899,572.3236221809337,30174700
2024-10-29,571.5277709960938,572.6476553589258,568.2465463889694,569.6415300427301,42899700
2024-10-30,569.798828125,573.0505525749719,569.0914726763393,571.0562623128328,41435800
2024-10-31,558.6290283203125,565.4959588071013,558.4325373559277,565.4271839715354,60182500
2024-11-01,560.9866333007812,565.4172428761593,560.5740443264921,561.2617325907157,45667500
2024-11-04,559.7783203125,562.4209644478059,557.892139281839,561.1241962515347,38217000
2024-11-05,566.547119140625,566.5863933486033,560.4759261934032,560.6920242782184,39478300
2024-11-06,580.6345825195312,581.508928254242,575.0840880526238,578.8270097230293,68182000
2024-11-07,585.1241455078125,586.145874462509,582.5601095007273,582.6387178727699,47233200
2024-11-08,587.6588134765625,589.0832980878612,585.674356571417,585.674356571417,46444900
2024-11-11,588.21875,589.6039003558736,586.4897254702406,589.2502526004109,37586800
2024-11-12,586.3914794921875,588.7393574916656,583.9059918696842,588.1401110548398,43006100
2024-11-13,586.6763305664062,588.6803942959151,584.4856094336134,586.8531544283672,47388600
2024-11-14,582.9039306640625,587.2854330583992,582.2163022724781,586.804069200042,38904100
2024-11-15,575.437744140625,579.8094129170865,573.5810036102117,579.3378226480269,75988800
2024-11-18,577.7955932617188,579.1119688699135,575.0350659488972,575.8995183103505,37001700
2024-11-19,579.9076538085938,580.6346163861505,573.7480790226593,574.4161003090796,49412000
2024-11-20,580.1041259765625,580.3889988810581,574.3374733314436,579.9862433981077,50032600
2024-11-21,583.21826171875,584.6427460672937,577.1077952881657,582.953055915256,46750300
2024-11-22,585.0259399414062,585.654687007179,582.7075025920674,583.2084735757152,38226400
2024-11-25,587.0103149414062,590.2816460152659,584.7213185752529,588.965270737662,42441400
2024-11-26,590.075439453125,590.7434606979054,587.5408441710033,588.2579731618996,45621300
2024-11-27,588.2874145507812,590.2718110026187,586.7647148108081,589.8887226529953,34000200
2024-11-29,591.94189453125,592.7277982726248,588.827720226239,589.1027595534448,30177400
2024-12-02,593.0029296875,593.6807844427898,591.8633182342458,592.354515594293,31746000
2024-12-03,593.2779541015625,593.5235527754064,591.735647195163,592.7671496331845,26906600
2024-12-04,596.9619750976562,597.2075737883222,594.2997236656325,594.9677449089698,42787600
2024-12-05,595.9796142578125,597.7675800229049,595.6259665136723,596.9620090763937,28762200
2024-12-06,597.109375,598.3472020292826,596.333304701608,596.7458937244957,31241500
2024-12-09,594.034423828125,597.1584317989794,593.445010988573,596.9914414878755,34742700
2024-12-10,592.1875610351562,595.134745373381,591.529373321926,594.7123228135097,37234500
2024-12-11,596.765625,597.7185192678439,594.8401094183695,595.1152087702993,28677700
2024-12-12,593.690673828125,596.4708079758578,593.690673828125,595.9010621562538,31543800
2024-12-13,593.5728149414062,596.4413911194437,592.197438164754,595.7242620650901,35904700
2024-12-16,596.1072998046875,597.0799209921157,594.5551592425911,595.3312295236393,43695200
2024-12-17,593.6513671875,594.5158794594372,592.2760503625989,593.553151685944,55773500
2024-12-18,575.9584350585938,595.7339866328443,575.5752867073982,593.3467745348553,108248700
2024-12-19,575.781494140625,582.5600413718613,575.5358954722558,580.948899716812,85919500
2024-12-20,582.6973266601562,587.2315284125533,572.6036951737447,573.451443984787,125716700
2024-12-23,586.1865844726562,586.7878476994515,579.2570769218985,582.440932357683,57635800
2024-12-24,592.7020263671875,592.7414929129372,586.9553724289615,587.5369625170155,33160100
2024-12-26,592.7415161132812,593.8651696252028,589.5281209545966,590.9277996479015,41219100
2024-12-27,586.5020751953125,589.2324867459512,582.3128451341881,588.9958679237085,64969300
2024-12-30,579.80908203125,583.2787692142718,576.0535631828352,579.4838439796579,56578800
2024-12-31,577.69970703125,582.1945015590405,576.0634095440413,581.4748988586764,57052700
